run,patch,time,mean_abs_mismatch_over_max_flux
iqnils_m1_n100_p6_fluidOnly_transpiration,inlet,300.0,0.007456815975641013
iqnils_m1_n100_p6_fluidOnly_transpiration,outlet,300.0,0.033354052203690504
iqnils_m1_n200_p6_fluidOnly_transpiration,inlet,300.0,0.004855835650746731
iqnils_m1_n200_p6_fluidOnly_transpiration,outlet,300.0,0.020052914847863777
iqnils_m1_n400_p6_fluidOnly_transpiration,inlet,300.0,0.0028890458862807916
iqnils_m1_n400_p6_fluidOnly_transpiration,outlet,300.0,0.011042009813497743
iqnils_m1_n800_p6_fluidOnly_transpiration,inlet,300.0,0.0015987456876195444
iqnils_m1_n800_p6_fluidOnly_transpiration,outlet,300.0,0.005795488566615271
iqnils_m1_n1600_p6_fluidOnly_transpiration,inlet,300.0,0.0008446719400092767
iqnils_m1_n1600_p6_fluidOnly_transpiration,outlet,300.0,0.002967831751868663
iqnils_m2_n100_p6_fluidOnly_transpiration,inlet,300.0,0.002557408722261719
iqnils_m2_n100_p6_fluidOnly_transpiration,outlet,300.0,0.01949786047511568
iqnils_m2_n200_p6_fluidOnly_transpiration,inlet,300.0,0.002129812007256082
iqnils_m2_n200_p6_fluidOnly_transpiration,outlet,300.0,0.014205404094028309
iqnils_m2_n400_p6_fluidOnly_transpiration,inlet,300.0,0.0016582061914441825
iqnils_m2_n400_p6_fluidOnly_transpiration,outlet,300.0,0.00912254597046204
iqnils_m2_n800_p6_fluidOnly_transpiration,inlet,300.0,0.0011517984363195958
iqnils_m2_n800_p6_fluidOnly_transpiration,outlet,300.0,0.00527028647128963
iqnils_m2_n1600_p6_fluidOnly_transpiration,inlet,300.0,0.0007086903611660512
iqnils_m2_n1600_p6_fluidOnly_transpiration,outlet,300.0,0.0028377951768803573
iqnils_m4_n100_p6_fluidOnly_transpiration,inlet,300.0,0.0007303821023363544
iqnils_m4_n100_p6_fluidOnly_transpiration,outlet,300.0,0.007335192349717858
iqnils_m4_n200_p6_fluidOnly_transpiration,inlet,300.0,0.0006163068049027039
iqnils_m4_n200_p6_fluidOnly_transpiration,outlet,300.0,0.006442737562006687
iqnils_m4_n400_p6_fluidOnly_transpiration,inlet,300.0,0.0005586220258504377
iqnils_m4_n400_p6_fluidOnly_transpiration,outlet,300.0,0.00520036086305527
iqnils_m4_n800_p6_fluidOnly_transpiration,inlet,300.0,0.0004885128162987079
iqnils_m4_n800_p6_fluidOnly_transpiration,outlet,300.0,0.0037275930354263792
iqnils_m4_n1600_p6_fluidOnly_transpiration,inlet,300.0,0.0003981044260290182
iqnils_m4_n1600_p6_fluidOnly_transpiration,outlet,300.0,0.002353905995814762
iqnils_m2_n100_p6_fluidOnly_transpiration_endsDirichletU,inlet,300.0,8.718125702190118e-11
iqnils_m2_n100_p6_fluidOnly_transpiration_endsDirichletU,outlet,300.0,9.769360879122654e-11
iqnils_m2_n400_p6_fluidOnly_transpiration_endsDirichletU,inlet,300.0,8.718125702190118e-11
iqnils_m2_n400_p6_fluidOnly_transpiration_endsDirichletU,outlet,300.0,9.769360879122654e-11
iqnils_m2_n1600_p6_fluidOnly_transpiration_endsDirichletU,inlet,300.0,8.718125702190118e-11
iqnils_m2_n1600_p6_fluidOnly_transpiration_endsDirichletU,outlet,300.0,9.769360879122654e-11
robin_m2_n50_p12,inlet,600.0,0.004748550857513214
robin_m2_n50_p12,outlet,600.0,0.02162388753507829
iqnils_m2_n50_p12,inlet,600.0,0.004777312236911029
iqnils_m2_n50_p12,outlet,600.0,0.021589264071006673
robin_m2_n100_p12,inlet,600.0,0.004219412400858405
robin_m2_n100_p12,outlet,600.0,0.018225360722207925
iqnils_m2_n100_p12,inlet,600.0,0.004239824947149913
iqnils_m2_n100_p12,outlet,600.0,0.01818014379120319
robin_m2_n200_p12,inlet,600.0,0.0036122427981050607
robin_m2_n200_p12,outlet,600.0,0.013306613666716921
iqnils_m2_n200_p12,inlet,600.0,0.003638228665262734
iqnils_m2_n200_p12,outlet,600.0,0.01335044399868921
robin_m2_n400_p12,inlet,600.0,0.003088673879224719
robin_m2_n400_p12,outlet,600.0,0.009139325442315924
iqnils_m2_n400_p12,inlet,600.0,0.0031119636582499052
iqnils_m2_n400_p12,outlet,600.0,0.009178828457962564
