variant,qoi,levels,diff_ratio,observed_p
baseline,ux,1x-4x,2.584,1.37
baseline,ux,2x-8x,3.433,1.78
baseline,uy,1x-4x,2.880,1.53
baseline,uy,2x-8x,3.546,1.83
stab0.25,ux,1x-4x,2.910,1.54
stab0.25,ux,2x-8x,3.598,1.85
stab0.25,uy,1x-4x,3.159,1.66
stab0.25,uy,2x-8x,3.684,1.88
stab1.0,ux,1x-4x,2.208,1.14
stab1.0,ux,2x-8x,3.211,1.68
stab1.0,uy,1x-4x,2.561,1.36
stab1.0,uy,2x-8x,3.367,1.75
highOrder_p2,ux,1x-4x,6.057,2.60
highOrder_p2,ux,2x-8x,5.864,2.55
highOrder_p2,uy,1x-4x,6.262,2.65
highOrder_p2,uy,2x-8x,5.887,2.56
highOrder_p3,ux,1x-4x,8.804,3.14
highOrder_p3,ux,2x-8x,2.260,1.18
highOrder_p3,uy,1x-4x,8.684,3.12
highOrder_p3,uy,2x-8x,2.309,1.21
