variant,level,nx,ny,cells,ux_mm,uy_mm,ux_err_vs_featflow_pct,uy_err_vs_featflow_pct,runtime_s
baseline,1,105,6,630,-0.28910,-13.33949,+38.36,+21.41,3
baseline,2,210,12,2520,-0.40754,-15.82945,+13.10,+6.74,4
baseline,4,420,24,10080,-0.45338,-16.69411,+3.33,+1.65,7
baseline,8,840,48,40320,-0.46673,-16.93795,+0.48,+0.21,27
stab0.25,1,105,6,630,-0.32812,-14.20894,+30.04,+16.29,3
stab0.25,2,210,12,2520,-0.42550,-16.17471,+9.28,+4.71,3
stab0.25,4,420,24,10080,-0.45896,-16.79708,+2.14,+1.04,8
stab0.25,8,840,48,40320,-0.46827,-16.96604,+0.16,+0.05,24
stab1.0,1,105,6,630,-0.23801,-12.10907,+49.25,+28.66,3
stab1.0,2,210,12,2520,-0.37987,-15.28295,+19.00,+9.96,3
stab1.0,4,420,24,10080,-0.44412,-16.52222,+5.31,+2.66,8
stab1.0,8,840,48,40320,-0.46412,-16.89025,+1.04,+0.49,27
highOrder_p2,1,105,6,630,-0.41037,-15.88401,+12.50,+6.42,3
highOrder_p2,2,210,12,2520,-0.46132,-16.83990,+1.64,+0.79,4
highOrder_p2,4,420,24,10080,-0.46973,-16.99254,-0.16,-0.11,13
highOrder_p2,8,840,48,40320,-0.47117,-17.01847,-0.46,-0.26,60
highOrder_p3,1,105,6,630,-0.46747,-16.93986,+0.33,+0.20,4
highOrder_p3,2,210,12,2520,-0.47086,-17.01095,-0.40,-0.22,10
highOrder_p3,4,420,24,10080,-0.47124,-17.01914,-0.48,-0.27,28
highOrder_p3,8,840,48,40320,-0.47141,-17.02268,-0.51,-0.29,106
