qoi,levels,diff_12,diff_23,diff_ratio,observed_p,rel_change_last_pct
ux_mean,1x-4x,-3.57191,-1.34634,2.653,1.41,-9.49
ux_mean,2x-8x,-1.34634,-0.38916,3.460,1.79,-2.67
ux_amp,1x-4x,3.57216,1.34709,2.652,1.41,+9.49
ux_amp,2x-8x,1.34709,0.38860,3.467,1.79,+2.67
uy_mean,1x-4x,-8.84992,-2.93899,3.011,1.59,-4.60
uy_mean,2x-8x,-2.93899,-0.81500,3.606,1.85,-1.26
uy_amp,1x-4x,8.78022,2.98810,2.938,1.56,+4.68
uy_amp,2x-8x,2.98810,0.83642,3.572,1.84,+1.29
freq,1x-4x,-0.09472,-0.02760,3.432,1.78,-2.50
freq,2x-8x,-0.02760,-0.00739,3.734,1.90,-0.67
