path,quantity,v1,v2,v3,d21,d32,ratio,order,noise,status
matched,work_per_cycle,-2.0768227341261882,-0.13002250732127868,-0.08003302723496328,1.9468002268049096,0.0499894800863154,0.025677765698824778,5.283336515175136,0.022526063706940515,"monotone; order above 2, i.e. pre-asymptotic error reduction, not an asymptotic order"
matched,plate_lift_amp1,176.1288966769865,178.7189800651963,164.0264372040987,2.5900833882097913,-14.692542861097593,-5.672613834743273,,0.8116727077608061,undefined: differences change sign (non-monotone)
matched,plate_lift_inphase,-174.01338045938977,-162.23117341481716,-135.48204477472365,11.782207044572601,26.749128640093517,2.2702986408998247,,0.8116727077608061,undefined: differences do not decrease
matched,plate_lift_quad,27.216385978822593,74.97679779768906,92.4623579924821,47.760411818866466,17.485560194793038,0.3661099125591258,1.4496512592228012,0.8116727077608061,monotone; sub-nominal (observed order below 1.5)
matched,plate_drag_mean,-13.477280985197373,-16.229168830688884,-18.444869602830284,-2.7518878454915114,-2.2157007721413997,0.8051566402938402,0.31265861328557154,0.34828923474693063,monotone; sub-nominal (observed order below 1.5)
matched,plate_drag_amp1,1.2823565144474454,2.039122437351125,2.0643834019485046,0.7567659229036796,0.025260964597379587,0.033380156046739405,,0.03691895421144675,unreliable: the last change is within the cycle-to-cycle spread
matched,plate_drag_amp2,23.933116082787137,23.43044126901806,23.721076137593702,-0.502674813769076,0.2906348685756406,-0.5781767071169702,,0.03691895421144675,undefined: differences change sign (non-monotone)
matched,plate_lift_mean,6.305863603412242,5.096544426088964,5.424321273775965,-1.2093191773232785,0.32777684768700155,-0.27104246243122243,,0.3621156711261939,unreliable: the last change is within the cycle-to-cycle spread
matched,total_lift_amp1,138.91541282082048,166.93157716068038,168.36913836129247,28.0161643398599,1.4375612006120946,0.051311849230082134,4.28456416995589,0.825110764305208,"monotone; order above 2, i.e. pre-asymptotic error reduction, not an asymptotic order"
matched,total_lift_inphase,-101.72189251770853,-82.62888236755416,-49.241733462727716,19.09301015015437,33.38714890482644,1.7486582074936203,,0.825110764305208,undefined: differences do not decrease
matched,total_lift_quad,94.60522449523988,145.046955335302,161.0075105021804,50.44173084006211,15.960555166878407,0.31641569194929625,1.6601069459740538,0.825110764305208,monotone; consistent with the formal second order
matched,total_lift_mean,5.153134875403176,4.352300078458682,4.880823629848837,-0.8008347969444944,0.5285235513901556,-0.6599657674799905,,0.4081578187595145,undefined: differences change sign (non-monotone)
matched,total_drag_mean,464.79706777149363,459.446847752834,456.01345888823056,-5.350220018659627,-3.433388864603444,0.6417285368880212,0.6399649553418736,0.8872838202289017,monotone; sub-nominal (observed order below 1.5)
matched,total_drag_amp2,26.000626431219697,25.742451811592886,26.167956531613992,-0.25817461962681065,0.42550472002110595,-1.6481276146980273,,0.4525675807049576,unreliable: the last change is within the cycle-to-cycle spread
matched,total_drag_amp1,1.5018155811851488,2.5178366923192677,2.6003648014887193,1.0160211111341189,0.08252810916945164,0.08122676612234053,,0.4525675807049576,unreliable: the last change is within the cycle-to-cycle spread
matched,plate_lift_p_amp1,173.81157839934906,176.01319210809444,161.629447020526,2.201613708745384,-14.383745087568457,-6.533273766616036,,0.8978955732469842,undefined: differences change sign (non-monotone)
matched,plate_drag_p_mean,17.955595338522148,16.811749643719896,13.963845044491125,-1.143845694802252,-2.8479045992287713,2.489762921843332,,0.19477449769823707,undefined: differences do not decrease
fixed_dt,work_per_cycle,-1.874376696873419,-0.07522273582793138,-0.08003302723496328,1.7991539610454876,-0.0048102914070319025,-0.0026736407840475445,,0.021995546557101942,unreliable: the last change is within the cycle-to-cycle spread
fixed_dt,plate_lift_amp1,183.20770636023894,178.94302438114536,164.0264372040987,-4.264681979093581,-14.916587177046665,3.4977021147581677,,1.5808066440741015,undefined: differences do not decrease
fixed_dt,plate_lift_inphase,-182.33966820526825,-161.68847241986754,-135.48204477472365,20.651195785400716,26.20642764514389,1.2690029147692465,,1.5808066440741015,undefined: differences do not decrease
fixed_dt,plate_lift_quad,17.813171210433826,76.66448891893118,92.4623579924821,58.85131770849736,15.797869073550913,0.26843696434803715,1.8973447474561038,1.5808066440741015,monotone; consistent with the formal second order
fixed_dt,plate_drag_mean,-13.232389406988146,-16.257209042581497,-18.444869602830284,-3.024819635593351,-2.187660560248787,0.7232366963326902,0.4674602143216719,0.2670787348094148,monotone; sub-nominal (observed order below 1.5)
fixed_dt,plate_drag_amp1,1.2224100393953041,1.901799214464466,2.0643834019485046,0.6793891750691619,0.16258418748403858,0.23930935824446645,2.06305128000469,0.011979077154878226,monotone; consistent with the formal second order
fixed_dt,plate_drag_amp2,25.011597738515945,23.600019163563278,23.721076137593702,-1.4115785749526673,0.1210569740304237,-0.08575999677133309,,0.011979077154878226,undefined: differences change sign (non-monotone)
fixed_dt,plate_lift_mean,10.469093304820689,6.337513470519934,5.424321273775965,-4.131579834300755,-0.9131921967439682,0.22102736322860395,2.1777031083001055,0.22292549028148834,monotone; consistent with the formal second order
fixed_dt,total_lift_amp1,140.27203781066916,167.9065122330928,168.36913836129247,27.634474422423636,0.4626261281996733,0.01674090562128735,,0.4904400508978881,unreliable: the last change is within the cycle-to-cycle spread
fixed_dt,total_lift_inphase,-112.59869035224166,-81.74332424205673,-49.241733462727716,30.85536611018493,32.501590779329014,1.0533529455870136,,0.4904400508978881,undefined: differences do not decrease
fixed_dt,total_lift_quad,83.65273170983602,146.66501216084131,161.0075105021804,63.012280451005296,14.34249834133908,0.22761433547054336,2.135336671421398,0.4904400508978881,monotone; consistent with the formal second order
fixed_dt,total_lift_mean,11.206209152291963,6.0355141354554735,4.880823629848837,-5.17069501683649,-1.154690505606636,0.22331437105588436,2.1628519982996566,0.38591450992765,monotone; consistent with the formal second order
fixed_dt,total_drag_mean,464.85316688548716,459.5054454721728,456.01345888823056,-5.347721413314332,-3.491986583942264,0.652985882033457,0.6148762947550148,0.5377646223324746,monotone; sub-nominal (observed order below 1.5)
fixed_dt,total_drag_amp2,27.199572573118786,25.969422193348006,26.167956531613992,-1.2301503797707802,0.19853433826598632,-0.16139029953637063,,0.4334416018047631,unreliable: the last change is within the cycle-to-cycle spread
fixed_dt,total_drag_amp1,1.5835145814457843,2.552922888371391,2.6003648014887193,0.9694083069256065,0.04744191311732848,0.04893904124649638,,0.4334416018047631,unreliable: the last change is within the cycle-to-cycle spread
fixed_dt,plate_lift_p_amp1,180.39099000510123,176.139272759638,161.629447020526,-4.251717245463226,-14.509825739112017,3.412697717515118,,1.6098011547403246,undefined: differences do not decrease
fixed_dt,plate_drag_p_mean,18.797967314306156,16.935586562101545,13.963845044491125,-1.8623807522046114,-2.97174151761042,1.5956680792005566,,0.170055746736697,undefined: differences do not decrease
