# {"case": "t_1x", "omega": 34.7056656392, "d_tip": 0.03430219371705241, "t_window": [32.29500000000787, 33.20000000000576], "steps": 906, "period": 0.18104206305966186, "nfaces": 84}
x0,x1,y0,y1,len,a1y,b1y,a1x,b1x,mean_fpx,mean_fvx,mean_fpy,mean_fvy,G1_fpx_re,G1_fpx_im,G1_fvx_re,G1_fvx_im,G1_fpy_re,G1_fpy_im,G1_fvy_re,G1_fvy_im
0.2489898,0.2510821826,0.19,0.19,0.0020923826931721623,1.962628495e-05,-2.09457922e-05,1.70297904e-05,-1.86558372e-05,-0.0762560498661117,0.0005060660908998681,-4.5482337254814835,-0.0008038498556646072,0.09813255463822383,0.0872712157427438,0.002327831361586612,-0.0009669672738460556,0.6908319375516522,-0.5049981526228409,-0.0002941088186215932,-0.0016048490280438556
0.2489898,0.2510821826,0.21,0.21,0.0020923824854259645,1.96456787e-05,-2.14652112e-05,-1.708749435e-05,1.878677185e-05,-0.08036268082033234,0.000482239683869924,4.575753628902605,0.0007774143197923757,-0.09918215192190945,-0.08945685328612057,-0.002332737053581774,0.0009844210378953976,0.6827373241414884,-0.5087508399917949,-0.00027786244591187907,-0.0015785224845881035
0.2510821826,0.2534856991,0.19,0.19,0.0024035166126662455,5.2694110949999995e-05,-5.62770455e-05,5.291842245e-05,-5.8079443949999996e-05,-0.03567857012953951,-0.0026102837536883597,-5.237685075205045,-0.002283548016384074,0.0646079191189524,0.06144247369909671,0.003554257846781227,-0.009236248262691787,0.7941591771639456,-0.5798724552919301,-0.0007945816639660176,-0.002844972002532221
0.2510821826,0.2534856991,0.21,0.21,0.0024035163869947675,5.270910765e-05,-5.7535418750000004e-05,-5.3079758049999994e-05,5.8404810750000005e-05,-0.03941743953037913,-0.0025336752027106933,5.272752922383028,0.002241891114440344,-0.0653442313006088,-0.0622557192384542,-0.0036166190215371915,0.009169168708870109,0.7856176222270015,-0.584131262824792,-0.0007610451397885662,-0.0028142748202893845
0.2534856991,0.2562466145,0.19,0.19,0.00276091553470398,8.3330804e-05,-8.93449513e-05,9.296597405e-05,-0.00010225693725,-0.019235178245363974,-0.010782477429918318,-6.028806444440661,-0.0038795816651656973,0.07853641313995388,0.08229479490417656,0.0026782695014599942,-0.020231574949999623,0.9088075846879614,-0.6622235847152782,-0.0016185762340817508,-0.003921886176219061
0.2534856991,0.2562466145,0.21,0.21,0.002760915275515699,8.326983695e-05,-9.089359705e-05,-9.32289442e-05,0.0001027063749,-0.02289853276853228,-0.01056368765270369,6.065059570125423,0.0038151314847804916,-0.07921878190313013,-0.08254329526780425,-0.002851580651210091,0.020085269982104026,0.8983535521525269,-0.666824729572831,-0.0015694228785682947,-0.003883674186537846
0.2562466145,0.2594180735,0.19,0.19,0.0031714591463270526,0.0001262618155,-0.000136293144,0.000137644318,-0.000151664181,-0.006268218080515487,-0.023321528551953345,-6.927273054528251,-0.005215555107719546,0.11404324573394596,0.12665142283160843,0.0004458240988852457,-0.034033897891529705,1.037598400126337,-0.7459487215703753,-0.0024975151122294155,-0.004807194570043705
0.2562466145,0.2594180735,0.21,0.21,0.0031714588612727396,0.0001260754285,-0.0001378957585,-0.0001380431555,0.00015226526850000002,-0.01574178085151054,-0.02293311168722853,6.971072455459041,0.0051274646858235125,-0.11574119538358413,-0.12615717493794765,-0.0007869100583880689,0.033837883510635,1.0258723212584273,-0.7517696406850604,-0.0024427466015948004,-0.004745014764167283
0.2594180735,0.2630611232,0.19,0.19,0.0036430498548121826,0.00019026003,-0.000206859813,0.000186882507,-0.00020615198800000002,0.0005705796315837586,-0.03974480335425732,-7.954608040408307,-0.006398652033680121,0.16810603618653686,0.19043391456944256,-0.0030502633842544777,-0.0503160717225336,1.1824041847066593,-0.8294833969476867,-0.0035243383241689613,-0.0058055418348961305
0.2594180735,0.2630611232,0.21,0.21,0.0036430495435456137,0.00018989914000000003,-0.0002083565815,-0.0001874824305,0.00020699852750000002,-0.012458785554729448,-0.03922245938898154,8.006567281214915,0.006281452455489804,-0.17045358083733989,-0.18956471960961574,0.0024909752553930863,0.05011315838745704,1.168986440201211,-0.8369093670115104,-0.003467075409233814,-0.005702500541510011
0.2630611232,0.2672458884,0.19,0.19,0.004184765366061507,0.00028369259,-0.0003103845225,0.000240474414,-0.000265357049,0.006269412206540392,-0.06046731530347208,-9.134412981811508,-0.007792531992496334,0.24161896956558826,0.27597326342655504,-0.008212864399510633,-0.0697180984624999,1.3446755797701209,-0.9084218075958468,-0.004947549286723524,-0.007400218135935932
0.2630611232,0.2672458884,0.21,0.21,0.004184765024161387,0.0002830917775,-0.00031164206950000004,-0.00024138090450000001,0.00026660578199999996,-0.016222004835141926,-0.059827214392486235,9.191418638440041,0.007620553477587476,-0.24554494610457692,-0.2743854070634105,0.007366123414141047,0.069507624032163,1.3283855264824609,-0.9176813091000008,-0.004880829283262568,-0.007210762348547644
0.2672458884,0.2720529213,0.19,0.19,0.004807033070276491,0.000415768743,-0.0004571014255,0.00029769982,-0.000328233856,0.010483956230864549,-0.08641467190215014,-10.481869998381423,-0.009668080900078,0.33652601703211926,0.3851342066058648,-0.0159768021916808,-0.09297143328078349,1.5242276666519063,-0.9729354446630012,-0.007092370947235907,-0.009858704047834163
0.2672458884,0.2720529213,0.21,0.21,0.004807032706651415,0.00041484424400000004,-0.000458002931,-0.000299078427,0.0003301084155,-0.02282708934673333,-0.08581334046622134,10.547629551928848,0.009429999262861114,-0.34219106643113845,-0.38292722935905915,0.014757148861034922,0.09285437378688997,1.5049592779599923,-0.9849915664066211,-0.006981502234117401,-0.009553526852978068
0.2720529213,0.2775747521,0.19,0.19,0.005521830971748224,0.000597730187,-0.0006593268555000001,0.000357607173,-0.0003932713125,0.013364004926265782,-0.11882714265289464,-12.021101846996643,-0.0119819862097787,0.4595655173432195,0.5248773025003991,-0.027600991957446735,-0.12074225677522984,1.7195054982381512,-1.0109279902336001,-0.010148791984628461,-0.013218466710138653
0.2720529213,0.2775747521,0.21,0.21,0.0055218305934111945,0.000596380135,-0.0006597594325,-0.00035971634549999997,0.00039608879400000003,-0.03453912567276041,-0.11858076339553544,12.099518560661236,0.011624519395649402,-0.46744493083569805,-0.5220378341207579,0.025856400668281616,0.12088867424305676,1.6965587753657985,-1.0271522629988104,-0.009957621101715877,-0.01274545527550395
0.2775747521,0.2839176701,0.19,0.19,0.006342918168515568,0.000843037343,-0.0009313955054999999,0.000419181497,-0.000458566486,0.014100645621857,-0.1575392268696228,-13.772525198697794,-0.014189897283574735,0.6131025757842704,0.6961614017547685,-0.04365181191712667,-0.15249884499583322,1.9292858544672964,-1.00008249807005,-0.014342454493748229,-0.017367676801642865
0.2775747521,0.2839176701,0.21,0.21,0.006342917782176993,0.000841145169,-0.0009312432135,-0.0004224121735,0.0004627782705,-0.050575987246348646,-0.1580538907637312,13.865533110103907,0.013565774451968576,-0.6233298855002002,-0.6929401718106031,0.041160738041173706,0.1530749652485473,1.9013199086702428,-1.02197619486607,-0.014033160506819135,-0.01665897407497223
0.2839176701,0.2912037696,0.19,0.19,0.007286099658784716,0.0011664880815000001,-0.001288117345,0.000480516181,-0.000520706577,0.01579227875884706,-0.19856779157871549,-15.760298803344568,-0.016906340658433928,0.7988615176233338,0.8982708454662521,-0.06580365064920618,-0.18732136667274182,2.1483833056885913,-0.908232877200969,-0.020515278870694074,-0.022834603735266044
0.2839176701,0.2912037696,0.21,0.21,0.007286099275329777,0.00116393241,-0.001287269355,-0.00048543883099999997,0.0005269476465000001,-0.07297624713352507,-0.1999093987616556,15.867165648333174,0.01573131315162012,-0.8121596574860028,-0.8948685069169027,0.062158602364876664,0.18829633714071983,2.1129617046291784,-0.9377691747247275,-0.020020155493982776,-0.02179076583533018
0.2912037696,0.2995733,0.19,0.19,0.008369530534294803,0.00158511988,-0.0017447623549999998,0.0005391036505,-0.0005748277895000001,0.015104340011930437,-0.24241794579298365,-18.020985245427653,-0.023245286764089396,1.0237566617296234,1.1319502859601402,-0.1010254760020811,-0.22914338795408212,2.3562826443007148,-0.7012695112122929,-0.028299580102558692,-0.03071709090797697
0.2912037696,0.2995733,0.21,0.21,0.008369530171743422,0.0015817861399999998,-0.001743133195,-0.0005465265965000001,0.0005839700465000001,-0.10162822174545366,-0.24390361548149433,18.14681680553117,0.02126781932137717,-1.040033818537158,-1.1291949013951628,0.09597070073115534,0.23073669018890883,2.3105628347326146,-0.7422029073386981,-0.027500965705743483,-0.02926823815665342
0.2995733,0.3095875233,0.19,0.19,0.010014223403988068,0.002129375285,-0.002326577605,0.000592450775,-0.000614321414,0.010000598120327896,-0.3230826072078572,-21.450688988856285,-0.034658968043694,1.3380299756626512,1.4375515236417,-0.1572614335881434,-0.3016941399295093,2.6504722195830337,-0.3005332409917388,-0.03925805264614979,-0.04398300676625017
0.2995733,0.3095875233,0.21,0.21,0.010014223067779836,0.002125158595,-0.002324132255,-0.0006035728800000001,0.000627606085,-0.1509807986703829,-0.3236281034669953,21.6002753563162,0.03151333657430782,-1.358593304026888,-1.4371010613730426,0.15044613036595528,0.30472125127568894,2.5858053772158813,-0.35975967180061524,-0.03780290548649243,-0.04176991774414075
0.3095875233,0.3196017467,0.19,0.19,0.010014223442963084,0.0027681914150000002,-0.002988415045,0.0006336780200000001,-0.000629270282,-0.00042153910433818264,-0.36158188747295533,-21.296435880658212,-0.03898765651736869,1.42098873467639,1.4610364917900578,-0.19186457841823595,-0.33488106305218635,2.4185598095919936,0.3713660599354634,-0.04491231323892248,-0.04927043682464514
0.3095875233,0.3196017467,0.21,0.21,0.010014223210983868,0.002763103425,-0.00298528224,-0.0006496539554999999,0.0006477745135,-0.17955745170473542,-0.36127139104881634,21.452620810179504,0.03524825431045561,-1.4417248022356395,-1.4657953383520317,0.1845728067745219,0.3398650946118535,2.3410638392719276,0.3019562393500073,-0.042873883232484325,-0.04656268304368301
0.3196017467,0.32961597,0.19,0.19,0.010014223290240102,0.0034410311199999997,-0.0036524809800000005,0.0006578416065,-0.0006139296885,-0.012986091469646749,-0.3914638865707587,-21.136279772255126,-0.04215163819548895,1.4654366783704438,1.4168394748197364,-0.2302435318724626,-0.36134655393857906,2.162250252156285,1.1194647698854718,-0.050224999064662,-0.050795960482840734
0.3196017467,0.32961597,0.21,0.21,0.010014223151041337,0.003435219735,-0.00364895756,-0.0006794501645000001,0.0006381774525,-0.20321527158503058,-0.39062823371415156,21.29556383097112,0.037868319940495276,-1.4853076583806266,-1.4283712794560124,0.22282348666305113,0.3686235327636634,2.067657298647901,1.0425812572824888,-0.04763798737993234,-0.047743610889109674
0.32961597,0.3396301933,0.19,0.19,0.010014223245064525,0.00413187181,-0.00428851361,0.0006662335280000001,-0.000568858595,-0.021479810628570604,-0.4238279652584573,-20.955440111873713,-0.04532672339487301,1.4726212875696951,1.3066896872734253,-0.2714589425032006,-0.38254575917229305,1.8834579928337365,1.935836121296923,-0.05502831743453928,-0.05039562333451166
0.32961597,0.3396301933,0.21,0.21,0.01001422319266133,0.00412552491,-0.004284955825000001,-0.000694083074,0.000599042159,-0.22237909820189827,-0.42189716281108885,21.119805578068178,0.04040564348143511,-1.4917521129682636,-1.3266011718601471,0.26468361914848326,0.3925199948846247,1.768276936882855,1.855493088647432,-0.051858634452277765,-0.047006429319626654
0.3396301933,0.3496444167,0.19,0.19,0.010014223306390803,0.004825869575,-0.00486680678,0.0006600696845,-0.0004950085765,-0.022344277808515448,-0.4563999639777501,-20.755795059851895,-0.04739475263565946,1.4458594692516114,1.1349468106977663,-0.31564919126003077,-0.39539738791335854,1.5909113476307608,2.814362367592545,-0.05939027449591004,-0.0470888969515709
0.3396301933,0.3496444167,0.21,0.21,0.01001422333459158,0.004819202224999999,-0.00486360432,-0.000694564404,0.0005309423294999999,-0.23245347493331425,-0.45331927554955664,20.926838944862272,0.041921212784980164,-1.4643931422988947,-1.1647110927883062,0.31038047377855554,0.4083032501788075,1.452147345671069,2.737470264002625,-0.05559129083464991,-0.04342256046897056
0.3496444167,0.35965864,0.19,0.19,0.010014223173080764,0.005509258874999999,-0.005358600445,0.0006404776810000001,-0.00039374570099999994,-0.01668502221617261,-0.490291672034734,-20.531967779695123,-0.04848424218077766,1.3885431454023425,0.9069536312485721,-0.3628549328079762,-0.3967706834962331,1.2979741410346244,3.7436785571540288,-0.06301009471300222,-0.04034633330997519
0.3496444167,0.35965864,0.21,0.21,0.010014223278678798,0.005502501485,-0.005356150955000001,-0.0006817963960000001,0.000434846595,-0.22984611874625482,-0.4860923669846765,20.712952396068356,0.04248694820648315,-1.406495002416121,-0.946889058816568,0.35991612588502364,0.4125517438809157,1.1338596410908677,3.6787431887888373,-0.05872739363991068,-0.03663754335778965
0.35965864,0.3696728633,0.19,0.19,0.010014223146852786,0.006169246835,-0.005736507795,0.000608492104,-0.0002668718615,0.003713891511842154,-0.5258625483440831,-20.28268132201121,-0.048532570845827516,1.3038753330020485,0.6280400566208368,-0.4114619735941911,-0.3828862658878267,1.0258623181493485,4.712549847413675,-0.06559466235414221,-0.029831579109492613
0.35965864,0.3696728633,0.21,0.21,0.010014223317779616,0.006162633864999999,-0.005735192965,-0.00065657911,0.0003121653755,-0.20820705871000209,-0.5201791884719024,20.469803656835193,0.04212953894726881,-1.3216099409959967,-0.6777751738263587,0.41207423343617766,0.4013756228031958,0.8343382301287326,4.667228782507617,-0.06090554408997603,-0.026184333761789573
0.3696728633,0.3796870867,0.19,0.19,0.010014223217457175,0.006793910324999999,-0.0059749758400000005,0.0005650589995,-0.0001166417633,0.03986994835190522,-0.5628936979136071,-19.99511595517421,-0.04768737554056763,1.195592910427593,0.3051326980811195,-0.45872714815860144,-0.3500865251735067,0.7980014637968915,5.69568952530917,-0.06665809383586561,-0.015060182282902899
0.3696728633,0.3796870867,0.21,0.21,0.010014223456699747,0.006787669499999999,-0.005975140009999999,-0.0006196264105,0.00016479140175,-0.17281590755964238,-0.5565329842086518,20.197159318624376,0.04092852365140788,-1.2139319573517526,-0.36522229610118123,0.463819842541715,0.3701926151596508,0.5818940430126293,5.685313690156119,-0.061705747010238614,-0.011577429315542748
0.3796870867,0.38970131,0.19,0.19,0.010014223095622497,0.00737210596,-0.006050772915,0.000511051132,5.4227828199999996e-05,0.09317529327040257,-0.6013628438425621,-19.67366050466448,-0.046501607023043984,1.0672855311902747,-0.053478334219871124,-0.5007405934583377,-0.29480298045945236,0.6460971627150072,6.67273133916128,-0.06546174456654222,0.004413423765123095
0.3796870867,0.38970131,0.21,0.21,0.010014223400024778,0.007366448185,-0.006052705035,-0.0005715921935,-4.871463899999999e-06,-0.1121831272602986,-0.5951010612636886,19.889446200987255,0.03947630777547745,-1.0866392499261155,-0.013956503932526922,0.511658339293795,0.31545602213767027,0.40642407967743815,6.703067393683739,-0.06079487679004459,0.007349976818973213
0.38970131,0.3997155333,0.19,0.19,0.010014223077148523,0.00789340535,-0.005943491205,0.0004472952795,0.0002425622895,0.16714133000475084,-0.6411655833211428,-19.30747698171125,-0.04575568191483362,0.9221375762326991,-0.43969414025159925,-0.5315245070612955,-0.21473321111830362,0.6016467942552624,7.601269921398182,-0.061269207657819916,0.028532840949129945
0.38970131,0.3997155333,0.21,0.21,0.010014223433976758,0.007888515475,-0.005947410845,-0.0005131077934999999,-0.00019389671265,-0.03344387980586795,-0.6357329500404021,19.53474772766887,0.03855197635448582,-0.9432495828515973,0.3650799696021911,0.5497049399804317,0.23434436903258685,0.34619869001054643,7.688310595309031,-0.057102242519164854,0.03102431488940727
0.3997155333,0.4097297567,0.19,0.19,0.010014223154927109,0.008348067800000001,-0.00563604677,0.00037461165099999996,0.00044475190400000003,0.2586949504648843,-0.6811156804957988,-18.88690502815308,-0.04621177073196709,0.7631048110880343,-0.8422338932653961,-0.5439318794416566,-0.1109169953992354,0.6943031677767225,8.42842669231973,-0.05316017251163402,0.056869189973591076
0.3997155333,0.4097297567,0.21,0.21,0.010014223568169275,0.008344096629999999,-0.005642094705,-0.00044483031199999995,-0.0003988475505,0.0712278509215523,-0.6784889748437181,19.129152716902443,0.039222213318921506,-0.7863735885654426,0.7653533002613643,0.5703154624775092,0.1263612776455514,0.4351630977170699,8.585217135936798,-0.04985123044847578,0.05907685031940724
0.4097297567,0.41974398,0.19,0.19,0.010014223042971079,0.008727062655,-0.005115152615,0.0002938645875,0.0006567994730000001,0.3654580605331645,-0.7200902669305921,-18.41559631690749,-0.048885053468534924,0.5925270201152368,-1.2491959899787946,-0.5301381200118568,0.01218416190732957,0.9434314635797851,9.09371595017038,-0.04012847166715205,0.08842812405879442
0.4097297567,0.41974398,0.21,0.21,0.010014223502463969,0.008724120745000001,-0.0051233870050000005,-0.0003675005905,-0.0006158191690000001,0.18811418941324454,-0.7216597349639446,18.667930767580852,0.042175185358617445,-0.6184030635380572,1.1709704355838726,0.5647747521607652,-0.004086071305192799,0.6993954618738067,9.32902084607103,-0.037800100596726484,0.09053957275157329
0.41974398,0.4297582033,0.19,0.19,0.010014223025475381,0.009022153194999999,-0.0043717356,0.00020602178750000002,0.0008743978984999999,0.48112064808767363,-0.7557436930679908,-17.87983439275674,-0.05453932791828138,0.4124648423175396,-1.6465769613191044,-0.48211177050499465,0.14571984990437648,1.348530568851374,9.520663078602839,-0.02133316064432527,0.1212912886493164
0.41974398,0.4297582033,0.21,0.21,0.01001422352981323,0.009020306665,-0.004382133215,-0.0002820077355,-0.000840516415,0.3194454866344853,-0.7630465303207861,18.13990784465899,0.04843185543229809,-0.44084344020464394,1.572033657566048,0.5238098213934425,-0.1481647178491467,1.1456091742721466,9.840039795758413,-0.02003520349669755,0.12365291440066949
0.4297582033,0.4397724267,0.19,0.19,0.0100142231138913,0.00922604988,-0.0034012620350000002,0.00011221657534999998,0.0010930411445,0.5919732306580089,-0.7865911815334619,-17.283756369474073,-0.06337631390697905,0.22568996136751887,-2.01649647384641,-0.39441088320100776,0.2765235451307279,1.883095139018754,9.640106647595596,0.0035576554706575076,0.15272083797207742
0.4297582033,0.4397724267,0.21,0.21,0.010014223657229452,0.0092253183,-0.00341372388,-0.00018945428800000002,-0.0010683701345,0.4484966560824517,-0.8000230758005111,17.545037415266464,0.05805983883123789,-0.2558777342306954,1.949514746370564,0.44019089006644574,-0.2916683092432425,1.751786641531519,10.040205010460266,0.004071988213088425,0.15563647837796224
0.4397724267,0.44978665,0.19,0.19,0.010014223004992173,0.009332635145,-0.002203932695,1.3805050100000001e-05,0.0013081687249999999,0.689521243137006,-0.8111881446474102,-16.62133872507171,-0.07500159479759853,0.035704334544967416,-2.3440353496777355,-0.2653330104362203,0.38833511064488596,2.487838044764989,9.388739302722227,0.033663914429344986,0.17942801892957894
0.4397724267,0.44978665,0.21,0.21,0.010014223572802192,0.009332991595,-0.002218294195,-9.121330235e-05,-0.0012946907499999999,0.5619516476695259,-0.8299400440743125,16.872265362240054,0.07043579949534474,-0.06692011725862347,2.2858817428509464,0.31092832554941047,-0.41661071319507337,2.458404122365374,9.854091329942358,0.03379828226871757,0.18295659432961328
0.44978665,0.4598008733,0.19,0.19,0.010014222995945898,0.009337251710000001,-0.0007847089043999999,-8.759311275e-05,0.0015153389599999998,0.753191925500308,-0.8287836239401394,-15.887150928795236,-0.0876986534164142,-0.1503543834327373,-2.6089188603426434,-0.09933692183929876,0.46339644590947954,3.0710282520226593,8.727246625174617,0.06673326557304161,0.19805446060759987
0.44978665,0.4598008733,0.21,0.21,0.010014223590965265,0.00933862551,-0.0008007543855000001,1.1033975300000001e-05,-0.001514854635,0.6432392407891546,-0.8516127868824134,16.12602408973716,0.0838852911903441,0.11996364020630465,2.5629028156085942,0.1401603813784317,-0.5038793261628093,3.1707655448643637,9.238042399848132,0.06676163278970075,0.20219269390765776
0.4598008733,0.4698150967,0.19,0.19,0.01001422309648842,0.009237031755,0.0008468609056,-0.00019008284499999999,0.0017104204700000001,0.7653752471533015,-0.8404563784668238,-15.081423537055409,-0.09881296409405547,-0.3220442304416002,-2.794882025008609,0.09162130758492622,0.48629369052781535,3.5185020747281386,7.656546052889948,0.09865564288329683,0.20682702580470005
0.4598008733,0.4698150967,0.21,0.21,0.010014223692791925,0.009239314395,0.0008293801794999999,0.00011529234914999999,-0.0017245119900000001,0.676460071498633,-0.8641904889423306,15.292946239693121,0.09566292341900381,0.29564791663525786,2.7648947035259894,-0.06008420639713161,-0.5360240665087634,3.7622689717559226,8.176630051581736,0.09872568664570174,0.21125482186262162
0.4698150967,0.47982932,0.19,0.19,0.01001422299870548,0.00903122854,0.002677030715,-0.000291522113,0.001889787435,0.7175857509997908,-0.8477974451025584,-14.194542846875668,-0.10496980579034638,-0.46804618093990646,-2.8939735862913567,0.28818189776168956,0.44751132250591164,3.706334439008487,6.2190093554881205,0.12418641879136125,0.20698051588875124
0.4698150967,0.47982932,0.21,0.21,0.010014223592455917,0.00903428274,0.002658376575,0.00021928991799999997,-0.001919798935,0.6451737584139201,-0.8692496702378081,14.379609193083372,0.10209391175081609,0.4476740607163365,2.8795076739137695,-0.269235152762943,-0.5027881747650509,4.098764948636833,6.7153974633759965,0.12433641341403301,0.2110263966551499
0.47982932,0.4898435433,0.19,0.19,0.010014223007219408,0.00872149885,0.00468846238,-0.0003895974525,0.00205050068,0.6016616108288896,-0.8520310123805114,-13.221025826946255,-0.10201197999457876,-0.5764372102111806,-2.9014776507932027,0.4650819429610001,0.3470688071412292,3.528109284903532,4.50801086138168,0.13840725634004233,0.20250745931263037
0.47982932,0.4898435433,0.21,0.21,0.01001422358074092,0.0087251699,0.00466889086,0.000320565374,-0.00209753683,0.5439170894555382,-0.8678539168626199,13.378770696960535,0.09935245629206009,0.5645433278740302,2.903253411098009,-0.46085799389770593,-0.40417193288331726,4.058891057590821,4.945861689164212,0.13857864007521448,0.2055084357946198
0.4898435433,0.4998577667,0.19,0.19,0.01001422311770389,0.008312077975,0.006861026675,-0.000481946728,0.00219045455,0.42286343035020857,-0.850505042265165,-12.146684331644149,-0.08666669159760206,-0.639389822278415,-2.82042125561488,0.5957628195644368,0.19730290032437742,2.9147678946309634,2.6535629517322907,0.13858424156602336,0.19846171639450366
0.4898435433,0.4998577667,0.21,0.21,0.010014223658365518,0.008316206565000001,0.00684077161,0.000416603762,-0.00225539519,0.3758829709608794,-0.8588374918896516,12.284695177259234,0.08452995962036604,0.6376071230227748,2.8385201952764056,-0.607566746496297,-0.2528489740733818,3.564997942340731,3.002303025424861,0.13885216400627073,0.19974412767800093
0.4998577667,0.50987199,0.19,0.19,0.010014223037938004,0.00780979285,0.009172753015,-0.0005663207485000001,0.00230847401,0.19388318532530702,-0.8354232323489872,-10.960979666540076,-0.05850380786677333,-0.6533443288616798,-2.657706692477112,0.6595888229582317,0.023118973683798172,1.8523853825853234,0.8047391401266358,0.1249927455253444,0.19846154233506874
0.4998577667,0.50987199,0.21,0.21,0.010014223533269783,0.007814227905,0.009152013904999999,0.000505010753,-0.00239199951,0.15330493091159997,-0.8370624751296855,11.092232596275071,0.05747416201237691,0.6626370399443976,2.692529222300395,-0.6880671474482677,-0.07317516970260303,2.595885073324252,1.0382179990169371,0.12551474576837116,0.19772569362927975
0.50987199,0.5198862133,0.19,0.19,0.010014223060314973,0.007223871414999999,0.0116008628,-0.0006407675035,0.0024043503899999997,-0.06247966211905544,-0.7966140390153817,-9.655499042256354,-0.020904823350558346,-0.620059106753168,-2.4245141203807954,0.6449855126616796,-0.1410332910388423,0.36071274991467955,-0.8736077328287207,0.10123104582735638,0.20288540937126065
0.50987199,0.5198862133,0.21,0.21,0.01001422349397597,0.007228481215,0.01157979975,0.0005837079545,-0.00250697314,-0.09921449106585113,-0.7950447406609225,9.793003503192192,0.0214133964692931,0.6407091126089336,2.476217748899051,-0.6887887097095162,0.10122020110192353,1.167052194170982,-0.7778353539858938,0.10204020294251302,0.20049116112881227
0.5198862133,0.5299004367,0.19,0.19,0.010014223191430681,0.006565532515,0.01412281265,-0.0007038180165000001,0.002478811625,-0.3107791200774314,-0.7229909243224886,-8.214165205353956,0.019692691680741278,-0.5485468905357818,-2.1317498057857405,0.5568578616858724,-0.26118127970488203,-1.463742911399446,-2.2068244843329836,0.07296758044532013,0.2056263362441022
0.5198862133,0.5299004367,0.21,0.21,0.010014223554380799,0.006570212335000001,0.014101548799999999,0.0006511258550000001,-0.002600907585,-0.3507570056139295,-0.7234917390323585,8.371020677145847,-0.018385499760716923,0.5792443849691971,2.1992277491884904,-0.6115010818494262,0.23661888672864936,-0.6282648020558141,-2.269405440569433,0.07376751997711141,0.20295720299992476
0.5299004367,0.53991466,0.19,0.19,0.010014223124839754,0.00584736751,0.0167172743,-0.0007546497585,0.0025334285600000003,-0.5189857897595027,-0.6060245664676996,-6.655615464378481,0.05628557206072425,-0.45493249337136,-1.7912482360621091,0.4113378469202445,-0.3176410387845589,-3.4772528166246497,-3.050919660163071,0.040872637722333675,0.19685017048798922
0.5299004367,0.53991466,0.21,0.21,0.010014223414644164,0.0058520424549999995,0.0166959018,0.0007063703585000001,-0.0026752649800000005,-0.567852141419287,-0.6131920396463526,6.837215352842459,-0.055623464044290416,0.4936297553700137,1.8722714050190845,-0.4701258013664659,0.3112807495012406,-2.6544854099977724,-3.2827324586608113,0.04215853231441846,0.1957878248632916
0.53991466,0.5499288833,0.19,0.19,0.010014223153122934,0.005082552025,0.0193649817,-0.0007932036495000001,0.00257046232,-0.658761491900002,-0.44998057640553546,-5.049817666639886,0.08642050979315305,-0.3582039452839477,-1.4230859821625363,0.2151189981847248,-0.3130356150315773,-5.465952469909217,-3.3288093141353308,0.004655153465720368,0.17376903143352848
0.53991466,0.5499288833,0.21,0.21,0.010014223366746724,0.005087175425,0.0193435674,0.000749339525,-0.00273222184,-0.7182446821792705,-0.46351276191605634,5.240326439046384,-0.08743943374097228,0.40064661268880325,1.509185333793838,-0.2723263597460456,0.3239241035630927,-4.706530112322867,-3.7227825743938348,0.006628514971938584,0.1748261226814834
0.5499288833,0.5599431067,0.19,0.19,0.010014223283042026,0.0042839534,0.02204938315,-0.000820232303,0.0025926642,-0.7136713426862151,-0.2566266903789934,-3.5090602665691053,0.10959149106061017,-0.2728973028011215,-1.0498076173796353,-0.03437786086809856,-0.25778134140875075,-7.174070923978531,-3.07872411015488,-0.034038649750508375,0.13584922971907096
0.5499288833,0.5599431067,0.21,0.21,0.010014223430090629,0.0042885026899999994,0.022027974800000003,0.000780767923,-0.00277446712,-0.7854820589669451,-0.2738962272112828,3.684862130009152,-0.11258517387215917,0.31557509774934533,1.1323027611246526,-0.016904833882144497,0.28192648141909704,-6.532238597600449,-3.6026954801524496,-0.03137568081046693,0.13872113844762712
0.5599431067,0.56995733,0.19,0.19,0.010014223208801201,0.0034632145800000003,0.024757056450000002,-0.0008372574265,0.002603042975,-0.6679287307908205,-0.03437759352768095,-2.2288266664328193,0.12606314929111845,-0.21351004393185935,-0.7277340523327319,-0.34085961392746533,-0.14709707067141733,-8.324925225194935,-2.301698787235029,-0.07298850341096083,0.08661271078514536
0.5599431067,0.56995733,0.21,0.21,0.010014223296866872,0.0034676861099999998,0.024735688550000003,0.00080217772,-0.0028049699499999997,-0.7490613828367569,-0.05183692224102745,2.3638588246448133,-0.12947704336548277,0.2556608628563484,0.794165801604025,0.297957078185634,0.18038297376540918,-7.813940663529538,-2.917464938258162,-0.06832466091078826,0.08906908415643425
0.56995733,0.5799715533,0.19,0.19,0.010014223227858297,0.00262992156,0.027477851,-0.0008464148045,0.002604623125,-0.5460227026717306,0.22514213397945754,-1.2945116018721787,0.14203424161889003,-0.18720732674431753,-0.4475067900970026,-0.7089503094268941,0.009834836260597819,-8.599916172663066,-1.2882155472939256,-0.11933762992002556,0.019079623380925295
0.56995733,0.5799715533,0.21,0.21,0.01001422327634385,0.00263432541,0.027456552050000003,0.00081571638,-0.00282674148,-0.6345805266092184,0.20505499072974656,1.3889953568653741,-0.14465192411306602,0.22208070205129243,0.4972300212979403,0.6769925361912685,0.032381290113414084,-8.259177142892376,-1.9535179738897404,-0.11114840416499594,0.021934996784369595
0.5799715533,0.5899857767,0.19,0.19,0.010014223344697171,0.00179098404,0.030204749349999997,-0.0008501614965000001,0.00260022457,-0.31831666239670875,0.5337492739508383,-1.1476292812143023,0.17169419180979106,-0.20676237552623022,-0.3069350985569999,-1.2185352338600988,0.20975225815569976,-7.649198587664192,0.054978203577456725,-0.16094129792397635,-0.09637904179787621
0.5799715533,0.5899857767,0.21,0.21,0.010014223369932213,0.0017953417750000002,0.030183555,0.000823855354,-0.002842620205,-0.4166435264062157,0.5100011441531102,1.1897297407230025,-0.17518698285668383,0.23066155271884864,0.33141329697161565,1.2033476217792947,-0.1582776932898867,-7.461978687638137,-0.6434084390862066,-0.14523890020660876,-0.0896554809563402
0.5899857767,0.6,0.19,0.19,0.010014223269638432,0.0009502465930000001,0.03293356905,-0.0008507817135,0.00259228369,0.009413478730549662,0.9139696456968425,-2.080924811478259,0.22715836720807178,-0.3543842430038525,-0.3440125143909925,-1.7068415491049367,0.27057965665050454,-4.283527518819295,1.3278401930522195,-0.18278385032563446,-0.19260874775010645
0.5899857767,0.6,0.21,0.21,0.010014223275871785,0.000954586558,0.0329125111,0.0008288866665,-0.00285509746,-0.09152876794748406,0.9016437908235903,2.0491301231507166,-0.2295382349883768,0.3417402170907083,0.33622716701367444,1.6954497585677628,-0.23015883882828553,-4.187787507506199,0.6793069510454168,-0.16467649489679656,-0.1832424466108626
0.6,0.6,0.19,0.2,0.010000000012094994,0.000531134886,0.0342925801,-0.00043020181101,0.001225605132,8.918032502541083,0.1229908272587893,0.5941597554494055,0.3444784963863251,-3.5864101903239796,-2.8917965621904984,-0.08758654977092424,0.14129854411009332,-0.8692298597909164,-1.1545738250367183,0.3750756803796226,-1.0217768564293874
0.6,0.6,0.2,0.21,0.010000000011158998,0.000533304096,0.03428208775,0.00041052150999,-0.0014986318829999998,8.84179801883911,0.1330381779586662,-0.4023974747860997,-0.3349209757789775,3.493653743992614,2.001472837058973,0.07510951378018836,-0.12250876564953969,-0.8258623738355482,-1.1031231893186166,0.3921126752514467,-1.004466019819217
