region,length_m,Q_in_1x,Q_in_2x,Q_in_4x,Q_in_per_m_1x,Q_in_per_m_2x,Q_in_per_m_4x,d_1x_2x,d_2x_4x,order,status,lift_amp_1x,lift_amp_2x,lift_amp_4x,drag_mean_1x,drag_mean_2x,drag_mean_4x,d_drag_2x_4x
tip_end,0.020062,4.2677,4.6072,4.6314,213.38,229.63,230.86,0.3395,0.0242,3.81,ok,4.383,4.609,4.659,18.0159,17.4507,16.2298,-1.2209
tip_band_0.1t,0.0040069,-0.3616,-0.1480,0.1994,-90.41,-36.94,49.76,0.2136,0.3474,,diverging (ratio<1),1.791,0.779,0.232,0.3462,0.6237,0.9602,0.3365
tip_band_0.1t-1t,0.036055,-1.5732,2.4305,4.0074,-43.70,67.42,111.15,4.0037,1.5769,1.34,ok,22.437,19.213,16.864,1.6952,2.1103,2.6448,0.5345
cyl_band_0.1t,0.0039946,0.0002,0.0001,0.0001,0.04,0.04,0.02,-0.0000,-0.0001,,diverging (ratio<1),1.633,1.780,1.863,-0.1488,-0.1486,-0.1457,0.0028
cyl_band_0.1t-1t,0.036015,0.0147,0.0131,0.0074,0.41,0.36,0.21,-0.0017,-0.0056,,diverging (ratio<1),14.263,15.584,16.297,-0.5069,-0.4412,-0.4263,0.0149
mid_1,0.12439,1.7422,1.7271,1.5810,14.00,13.89,12.71,-0.0151,-0.1460,,diverging (ratio<1),33.077,36.437,37.810,-4.6171,-4.1650,-3.9814,0.1835
mid_2,0.12441,11.1614,11.4903,11.5244,89.72,92.38,92.63,0.3288,0.0341,3.27,ok,57.019,57.828,56.245,-7.4455,-7.2487,-7.1756,0.0731
mid_3,0.12439,18.0330,19.7726,20.6916,144.96,159.01,166.34,1.7396,0.9189,0.92,ok,116.659,124.036,120.571,-4.4583,-4.4174,-4.6648,-0.2474
mid_4,0.12444,5.7849,9.3345,11.8335,46.50,75.04,95.10,3.5496,2.4990,0.51,ok,66.944,80.644,76.960,-4.9343,-5.3097,-6.4107,-1.1009
mid_5,0.12453,11.2427,22.9449,26.5420,90.37,184.28,213.14,11.7022,3.5971,1.70,ok,72.267,65.722,68.131,-11.3526,-14.6495,-15.6729,-1.0234
tip_corner_0.1t,0.024069,3.9061,4.4592,4.8308,162.75,185.25,200.71,0.5531,0.3716,0.57,ok,4.785,4.522,4.872,18.3621,18.0743,17.1900,-0.8843
tip_corner_1t,0.060124,2.3329,6.8897,8.8382,38.88,114.60,147.00,4.5569,1.9484,1.23,ok,25.353,21.168,18.373,20.0573,20.1846,19.8347,-0.3499
cyl_corner_1t,0.040009,0.0149,0.0132,0.0075,0.37,0.33,0.19,-0.0017,-0.0057,,diverging (ratio<1),15.896,17.364,18.160,-0.6557,-0.5898,-0.5720,0.0177
smooth_mid,0.62216,47.9642,65.2694,72.1724,77.11,104.93,116.00,17.3052,6.9030,1.33,ok,191.048,198.313,182.351,-32.8077,-35.7903,-37.9055,-2.1152
