#"U:0","U:1","U:2","D:0","D:1","D:2","D_0:0","D_0:1","D_0:2","T","T0","epsilon:0","epsilon:1","epsilon:2","epsilon:3","epsilon:4","epsilon:5","epsilonEq","heatFlux:0","heatFlux:1","heatFlux:2","k","rhoC","sigma:0","sigma:1","sigma:2","sigma:3","sigma:4","sigma:5","sigmaEq","pointD:0","pointD:1","pointD:2","vtkValidPointMask","arc_length","Points:0","Points:1","Points:2"
4.0336e-05,6.0932e-07,6.0932e-07,0.00014677,2.116e-06,2.116e-06,0.00010644,1.5067e-06,1.5067e-06,500,300,0.0029866,0.00074252,0.00074252,3.5263e-05,-1.0148e-06,3.5263e-05,0.0014971,8.5384e+05,12654,12654,20,3.7665e+06,-1.1612e+06,-3.2788e+08,-3.2788e+08,5.1341e+06,-1.4775e+05,5.1341e+06,3.2696e+08,0.00014699,-1.7437e-22,0,1,0,0.19,0,0
4.0381e-05,6.1021e-07,6.1021e-07,0.00014701,2.1211e-06,2.1211e-06,0.00010663,1.5109e-06,1.5109e-06,496.44,300,0.0029261,0.00074298,0.00074298,3.4435e-05,-1.0045e-06,3.4435e-05,0.0014565,8.4076e+05,12471,12471,20,3.7665e+06,1.081e+05,-3.1775e+08,-3.1775e+08,5.0135e+06,-1.4625e+05,5.0135e+06,3.1809e+08,0.00014722,-9.9852e-23,0,1,0.0001,0.1901,0,0
4.0427e-05,6.1111e-07,6.1111e-07,0.00014724,2.1263e-06,2.1263e-06,0.00010681,1.5152e-06,1.5152e-06,492.87,300,0.0028657,0.00074344,0.00074344,3.3607e-05,-9.9418e-07,3.3607e-05,0.0014159,8.2768e+05,12288,12288,20,3.7665e+06,1.3774e+06,-3.0761e+08,-3.0761e+08,4.893e+06,-1.4475e+05,4.893e+06,3.0923e+08,0.00014745,-5.4626e-23,0,1,0.0002,0.1902,0,0
4.0473e-05,6.12e-07,6.12e-07,0.00014747,2.1315e-06,2.1315e-06,0.000107,1.5195e-06,1.5195e-06,489.31,300,0.0028053,0.00074389,0.00074389,3.2779e-05,-9.8388e-07,3.2779e-05,0.0013753,8.146e+05,12104,12104,20,3.7665e+06,2.6467e+06,-2.9748e+08,-2.9748e+08,4.7725e+06,-1.4325e+05,4.7725e+06,3.0036e+08,0.00014768,-2.8602e-23,0,1,0.00030001,0.1903,0,0
4.0519e-05,6.129e-07,6.129e-07,0.0001477,2.1367e-06,2.1367e-06,0.00010718,1.5238e-06,1.5238e-06,485.75,300,0.0027449,0.00074435,0.00074435,3.1951e-05,-9.7358e-07,3.1951e-05,0.0013347,8.0152e+05,11921,11921,20,3.7665e+06,3.916e+06,-2.8735e+08,-2.8735e+08,4.6519e+06,-1.4175e+05,4.6519e+06,2.9149e+08,0.00014791,-1.4367e-23,0,1,0.00040001,0.1904,0,0
4.0565e-05,6.1379e-07,6.1379e-07,0.00014793,2.1418e-06,2.1419e-06,0.00010737,1.5281e-06,1.5281e-06,482.18,300,0.0026845,0.00074481,0.00074481,3.1124e-05,-9.6328e-07,3.1124e-05,0.0012941,7.8844e+05,11738,11738,20,3.7665e+06,5.1853e+06,-2.7722e+08,-2.7722e+08,4.5314e+06,-1.4025e+05,4.5314e+06,2.8263e+08,0.00014814,-6.8242e-24,0,1,0.00050001,0.1905,0,0
4.061e-05,6.1469e-07,6.1469e-07,0.00014817,2.147e-06,2.147e-06,0.00010756,1.5323e-06,1.5323e-06,478.62,300,0.0026241,0.00074526,0.00074526,3.0296e-05,-9.5297e-07,3.0296e-05,0.0012535,7.7536e+05,11555,11555,20,3.7665e+06,6.4545e+06,-2.6709e+08,-2.6709e+08,4.4109e+06,-1.3875e+05,4.4109e+06,2.7376e+08,0.00014837,-2.804e-24,0,1,0.0006,0.1906,0,0
4.0656e-05,6.1558e-07,6.1558e-07,0.0001484,2.1522e-06,2.1522e-06,0.00010774,1.5366e-06,1.5366e-06,475.06,300,0.0025637,0.00074572,0.00074572,2.9468e-05,-9.4267e-07,2.9468e-05,0.0012129,7.6228e+05,11372,11372,20,3.7665e+06,7.7238e+06,-2.5696e+08,-2.5696e+08,4.2904e+06,-1.3725e+05,4.2903e+06,2.649e+08,0.0001486,-6.8449e-25,0,1,0.0007,0.1907,0,0
4.0702e-05,6.1648e-07,6.1648e-07,0.00014863,2.1574e-06,2.1574e-06,0.00010793,1.5409e-06,1.5409e-06,471.49,300,0.0025033,0.00074618,0.00074618,2.864e-05,-9.3237e-07,2.864e-05,0.0011723,7.492e+05,11189,11189,20,3.7665e+06,8.9931e+06,-2.4683e+08,-2.4683e+08,4.1698e+06,-1.3575e+05,4.1698e+06,2.5603e+08,0.00014883,-2.5354e-27,0,1,0.0008,0.1908,0,0
4.0748e-05,6.1737e-07,6.1737e-07,0.00014886,2.1626e-06,2.1626e-06,0.00010811,1.5452e-06,1.5452e-06,467.93,300,0.0024429,0.00074663,0.00074663,2.7812e-05,-9.2207e-07,2.7812e-05,0.0011317,7.3612e+05,11006,11006,20,3.7665e+06,1.0262e+07,-2.367e+08,-2.367e+08,4.0493e+06,-1.3425e+05,4.0493e+06,2.4716e+08,0.00014906,-1.0568e-24,0,1,0.0009,0.1909,0,0
4.0794e-05,6.1827e-07,6.1827e-07,0.00014909,2.1677e-06,2.1677e-06,0.0001083,1.5495e-06,1.5495e-06,464.37,300,0.0023825,0.00074709,0.00074709,2.6984e-05,-9.1176e-07,2.6984e-05,0.0010911,7.2305e+05,10823,10823,20,3.7665e+06,1.1532e+07,-2.2657e+08,-2.2657e+08,3.9288e+06,-1.3275e+05,3.9288e+06,2.383e+08,0.00014929,-4.5086e-24,0,1,0.001,0.191,0,0
4.084e-05,6.1916e-07,6.1916e-07,0.00014933,2.1729e-06,2.1729e-06,0.00010849,1.5538e-06,1.5538e-06,460.8,300,0.002322,0.00074755,0.00074755,2.6156e-05,-9.0146e-07,2.6156e-05,0.0010506,7.0997e+05,10639,10639,20,3.7665e+06,1.2801e+07,-2.1644e+08,-2.1644e+08,3.8082e+06,-1.3125e+05,3.8082e+06,2.2943e+08,0.00014952,-1.0977e-23,0,1,0.0011,0.1911,0,0
4.0885e-05,6.2006e-07,6.2006e-07,0.00014956,2.1781e-06,2.1781e-06,0.00010867,1.558e-06,1.558e-06,457.24,300,0.0022616,0.000748,0.000748,2.5329e-05,-8.9116e-07,2.5329e-05,0.00101,6.9689e+05,10456,10456,20,3.7665e+06,1.407e+07,-2.063e+08,-2.063e+08,3.6877e+06,-1.2975e+05,3.6877e+06,2.2056e+08,0.00014975,-2.0628e-23,0,1,0.0012,0.1912,0,0
4.0931e-05,6.2095e-07,6.2095e-07,0.00014979,2.1833e-06,2.1833e-06,0.00010886,1.5623e-06,1.5623e-06,453.68,300,0.0022012,0.00074846,0.00074846,2.4501e-05,-8.8086e-07,2.4501e-05,0.00096935,6.8381e+05,10273,10273,20,3.7665e+06,1.534e+07,-1.9617e+08,-1.9617e+08,3.5672e+06,-1.2825e+05,3.5672e+06,2.117e+08,0.00014998,-3.276e-23,0,1,0.0013,0.1913,0,0
4.0977e-05,6.2185e-07,6.2185e-07,0.00015002,2.1884e-06,2.1885e-06,0.00010905,1.5666e-06,1.5666e-06,450.11,300,0.0021408,0.00074892,0.00074892,2.3673e-05,-8.7055e-07,2.3673e-05,0.00092876,6.7073e+05,10090,10090,20,3.7665e+06,1.6609e+07,-1.8604e+08,-1.8604e+08,3.4466e+06,-1.2675e+05,3.4466e+06,2.0283e+08,0.00015021,-4.538e-23,0,1,0.0014,0.1914,0,0
4.1023e-05,6.2274e-07,6.2274e-07,0.00015025,2.1936e-06,2.1936e-06,0.00010923,1.5709e-06,1.5709e-06,446.55,300,0.0020804,0.00074937,0.00074937,2.2845e-05,-8.6025e-07,2.2845e-05,0.00088817,6.5765e+05,9907,9907,20,3.7665e+06,1.7878e+07,-1.7591e+08,-1.7591e+08,3.3261e+06,-1.2525e+05,3.3261e+06,1.9397e+08,0.00015044,-5.4783e-23,0,1,0.0015,0.1915,0,0
4.1069e-05,6.2364e-07,6.2364e-07,0.00015049,2.1988e-06,2.1988e-06,0.00010942,1.5752e-06,1.5752e-06,442.99,300,0.00202,0.00074983,0.00074983,2.2017e-05,-8.4995e-07,2.2017e-05,0.00084757,6.4457e+05,9723.9,9723.9,20,3.7665e+06,1.9147e+07,-1.6578e+08,-1.6578e+08,3.2056e+06,-1.2375e+05,3.2056e+06,1.851e+08,0.00015067,-5.5119e-23,0,1,0.0016,0.1916,0,0
4.1114e-05,6.2453e-07,6.2453e-07,0.00015072,2.204e-06,2.204e-06,0.0001096,1.5794e-06,1.5795e-06,439.42,300,0.0019596,0.00075029,0.00075029,2.1189e-05,-8.3965e-07,2.1189e-05,0.00080697,6.3149e+05,9540.8,9540.8,20,3.7665e+06,2.0417e+07,-1.5565e+08,-1.5565e+08,3.085e+06,-1.2225e+05,3.085e+06,1.7623e+08,0.0001509,-3.7953e-23,0,1,0.0017,0.1917,0,0
4.116e-05,6.2543e-07,6.2543e-07,0.00015095,2.2092e-06,2.2092e-06,0.00010979,1.5837e-06,1.5837e-06,435.86,300,0.0018992,0.00075074,0.00075074,2.0361e-05,-8.2934e-07,2.0361e-05,0.00076637,6.1841e+05,9357.7,9357.7,20,3.7665e+06,2.1686e+07,-1.4552e+08,-1.4552e+08,2.9645e+06,-1.2075e+05,2.9645e+06,1.6737e+08,0.00015113,8.1735e-24,0,1,0.0018,0.1918,0,0
4.1206e-05,6.2632e-07,6.2632e-07,0.00015118,2.2143e-06,2.2143e-06,0.00010998,1.588e-06,1.588e-06,432.3,300,0.0018388,0.0007512,0.0007512,1.9534e-05,-8.1904e-07,1.9534e-05,0.00072577,6.0533e+05,9174.6,9174.6,20,3.7665e+06,2.2955e+07,-1.3539e+08,-1.3539e+08,2.844e+06,-1.1925e+05,2.844e+06,1.585e+08,0.00015136,9.8188e-23,0,1,0.0019,0.1919,0,0
4.1252e-05,6.2722e-07,6.2722e-07,0.00015141,2.2195e-06,2.2195e-06,0.00011016,1.5923e-06,1.5923e-06,428.73,300,0.0017784,0.00075165,0.00075166,1.8706e-05,-8.0874e-07,1.8706e-05,0.00068518,5.9226e+05,8991.4,8991.4,20,3.7665e+06,2.4225e+07,-1.2526e+08,-1.2526e+08,2.7234e+06,-1.1775e+05,2.7234e+06,1.4964e+08,0.00015159,2.5094e-22,0,1,0.002,0.192,0,0
4.1282e-05,6.2796e-07,6.2796e-07,0.00015154,2.2235e-06,2.2235e-06,0.00011026,1.5955e-06,1.5955e-06,426.39,300,0.0017335,0.00075235,0.00075235,1.805e-05,-7.8584e-07,1.805e-05,0.00066275,5.8162e+05,8843.1,8843.1,20,3.7665e+06,2.3826e+07,-1.1902e+08,-1.1902e+08,2.628e+06,-1.1441e+05,2.628e+06,1.4474e+08,0.00015171,2.5259e-22,5.0418e-22,1,0.0021,0.1921,0,0
4.1312e-05,6.2869e-07,6.2869e-07,0.00015166,2.2274e-06,2.2274e-06,0.00011035,1.5987e-06,1.5987e-06,424.04,300,0.0016886,0.00075305,0.00075305,1.7394e-05,-7.6295e-07,1.7394e-05,0.00064033,5.7098e+05,8694.7,8694.7,20,3.7665e+06,2.3428e+07,-1.1278e+08,-1.1278e+08,2.5325e+06,-1.1108e+05,2.5325e+06,1.3984e+08,0.00015183,1.428e-22,0,1,0.0022,0.1922,0,0
4.1342e-05,6.2943e-07,6.2943e-07,0.00015178,2.2314e-06,2.2314e-06,0.00011044,1.6019e-06,1.6019e-06,421.69,300,0.0016437,0.00075375,0.00075375,1.6739e-05,-7.4005e-07,1.6739e-05,0.00061791,5.6034e+05,8546.4,8546.4,20,3.7665e+06,2.303e+07,-1.0654e+08,-1.0654e+08,2.4371e+06,-1.0775e+05,2.4371e+06,1.3495e+08,0.00015194,7.0087e-23,0,1,0.0023,0.1923,0,0
4.1372e-05,6.3016e-07,6.3016e-07,0.00015191,2.2353e-06,2.2353e-06,0.00011053,1.6052e-06,1.6052e-06,419.35,300,0.0015988,0.00075445,0.00075445,1.6083e-05,-7.1716e-07,1.6083e-05,0.00059549,5.497e+05,8398,8398,20,3.7665e+06,2.2632e+07,-1.003e+08,-1.003e+08,2.3416e+06,-1.0441e+05,2.3416e+06,1.3005e+08,0.00015206,2.6722e-23,0,1,0.0024,0.1924,0,0
4.1402e-05,6.309e-07,6.309e-07,0.00015203,2.2393e-06,2.2393e-06,0.00011063,1.6084e-06,1.6084e-06,417,300,0.0015539,0.00075514,0.00075514,1.5428e-05,-6.9426e-07,1.5428e-05,0.00057307,5.3906e+05,8249.7,8249.7,20,3.7665e+06,2.2234e+07,-9.4055e+07,-9.4055e+07,2.2462e+06,-1.0108e+05,2.2462e+06,1.2515e+08,0.00015218,5.1925e-24,0,1,0.0025,0.1925,0,0
4.1433e-05,6.3163e-07,6.3163e-07,0.00015215,2.2432e-06,2.2432e-06,0.00011072,1.6116e-06,1.6116e-06,414.65,300,0.001509,0.00075584,0.00075584,1.4772e-05,-6.7137e-07,1.4772e-05,0.00055065,5.2843e+05,8101.3,8101.3,20,3.7665e+06,2.1836e+07,-8.7814e+07,-8.7814e+07,2.1507e+06,-97747,2.1507e+06,1.2026e+08,0.0001523,-1.7773e-24,0,1,0.0026,0.1926,0,0
4.1463e-05,6.3237e-07,6.3237e-07,0.00015227,2.2472e-06,2.2472e-06,0.00011081,1.6148e-06,1.6148e-06,412.3,300,0.0014641,0.00075654,0.00075654,1.4116e-05,-6.4847e-07,1.4116e-05,0.00052823,5.1779e+05,7953,7953,20,3.7665e+06,2.1438e+07,-8.1574e+07,-8.1574e+07,2.0553e+06,-94413,2.0553e+06,1.1536e+08,0.00015242,-1.245e-24,0,1,0.0027,0.1927,0,0
4.1493e-05,6.3311e-07,6.3311e-07,0.0001524,2.2511e-06,2.2511e-06,0.0001109,1.618e-06,1.618e-06,409.96,300,0.0014192,0.00075724,0.00075724,1.3461e-05,-6.2557e-07,1.3461e-05,0.0005058,5.0715e+05,7804.6,7804.6,20,3.7665e+06,2.104e+07,-7.5333e+07,-7.5333e+07,1.9598e+06,-91080,1.9598e+06,1.1046e+08,0.00015254,-4.0505e-26,0,1,0.0028,0.1928,0,0
4.1523e-05,6.3384e-07,6.3384e-07,0.00015252,2.2551e-06,2.2551e-06,0.000111,1.6212e-06,1.6212e-06,407.61,300,0.0013743,0.00075793,0.00075794,1.2805e-05,-6.0268e-07,1.2805e-05,0.00048338,4.9651e+05,7656.3,7656.3,20,3.7665e+06,2.0642e+07,-6.9093e+07,-6.9093e+07,1.8643e+06,-87746,1.8643e+06,1.0557e+08,0.00015266,-4.7633e-24,0,1,0.0029,0.1929,0,0
4.1553e-05,6.3458e-07,6.3458e-07,0.00015264,2.259e-06,2.259e-06,0.00011109,1.6245e-06,1.6245e-06,405.26,300,0.0013294,0.00075863,0.00075863,1.2149e-05,-5.7978e-07,1.2149e-05,0.00046096,4.8587e+05,7507.9,7507.9,20,3.7665e+06,2.0243e+07,-6.2852e+07,-6.2852e+07,1.7689e+06,-84413,1.7689e+06,1.0067e+08,0.00015277,-2.178e-23,0,1,0.003,0.193,0,0
4.1583e-05,6.3531e-07,6.3531e-07,0.00015276,2.263e-06,2.263e-06,0.00011118,1.6277e-06,1.6277e-06,402.91,300,0.0012845,0.00075933,0.00075933,1.1494e-05,-5.5689e-07,1.1494e-05,0.00043854,4.7523e+05,7359.6,7359.6,20,3.7665e+06,1.9845e+07,-5.6611e+07,-5.6611e+07,1.6734e+06,-81079,1.6734e+06,9.5772e+07,0.00015289,-5.722e-23,0,1,0.0031,0.1931,0,0
4.1613e-05,6.3605e-07,6.3605e-07,0.00015289,2.2669e-06,2.2669e-06,0.00011127,1.6309e-06,1.6309e-06,400.57,300,0.0012396,0.00076003,0.00076003,1.0838e-05,-5.3399e-07,1.0838e-05,0.00041612,4.646e+05,7211.2,7211.2,20,3.7665e+06,1.9447e+07,-5.0371e+07,-5.0371e+07,1.578e+06,-77746,1.578e+06,9.0876e+07,0.00015301,-1.1697e-22,0,1,0.0032,0.1932,0,0
4.1643e-05,6.3679e-07,6.3679e-07,0.00015301,2.2709e-06,2.2709e-06,0.00011137,1.6341e-06,1.6341e-06,398.22,300,0.0011947,0.00076073,0.00076073,1.0183e-05,-5.111e-07,1.0183e-05,0.0003937,4.5396e+05,7062.9,7062.9,20,3.7665e+06,1.9049e+07,-4.4131e+07,-4.4131e+07,1.4825e+06,-74413,1.4825e+06,8.598e+07,0.00015313,-2.0668e-22,0,1,0.0033,0.1933,0,0
4.1673e-05,6.3752e-07,6.3752e-07,0.00015313,2.2748e-06,2.2748e-06,0.00011146,1.6373e-06,1.6373e-06,395.87,300,0.0011498,0.00076142,0.00076142,9.527e-06,-4.882e-07,9.527e-06,0.00037127,4.4332e+05,6914.5,6914.5,20,3.7665e+06,1.8651e+07,-3.7891e+07,-3.7890e+07,1.3871e+06,-71079,1.3871e+06,8.1083e+07,0.00015325,-3.3176e-22,0,1,0.0034,0.1934,0,0
4.1704e-05,6.3826e-07,6.3826e-07,0.00015325,2.2788e-06,2.2788e-06,0.00011155,1.6405e-06,1.6405e-06,393.53,300,0.0011049,0.00076212,0.00076212,8.8713e-06,-4.6531e-07,8.8713e-06,0.00034885,4.3268e+05,6766.2,6766.2,20,3.7665e+06,1.8253e+07,-3.165e+07,-3.165e+07,1.2916e+06,-67746,1.2916e+06,7.6186e+07,0.00015337,-4.9738e-22,0,1,0.0035,0.1935,0,0
4.1734e-05,6.3899e-07,6.3899e-07,0.00015338,2.2827e-06,2.2827e-06,0.00011164,1.6438e-06,1.6438e-06,391.18,300,0.00106,0.00076282,0.00076282,8.2157e-06,-4.4241e-07,8.2157e-06,0.00032643,4.2204e+05,6617.8,6617.8,20,3.7665e+06,1.7855e+07,-2.5409e+07,-2.5409e+07,1.1962e+06,-64412,1.1961e+06,7.1289e+07,0.00015349,-7.0843e-22,-1.0302e-21,1,0.0036,0.1936,0,0
4.1764e-05,6.3973e-07,6.3973e-07,0.0001535,2.2867e-06,2.2867e-06,0.00011174,1.647e-06,1.647e-06,388.83,300,0.0010151,0.00076352,0.00076352,7.56e-06,-4.1951e-07,7.56e-06,0.00030401,4.114e+05,6469.5,6469.5,20,3.7665e+06,1.7457e+07,-1.9169e+07,-1.9169e+07,1.1007e+06,-61079,1.1007e+06,6.6393e+07,0.00015361,-9.6958e-22,-1.0316e-21,1,0.0037,0.1937,0,0
4.1794e-05,6.4046e-07,6.4046e-07,0.00015362,2.2907e-06,2.2907e-06,0.00011183,1.6502e-06,1.6502e-06,386.48,300,0.00097018,0.00076421,0.00076422,6.9044e-06,-3.9662e-07,6.9044e-06,0.00028159,4.0077e+05,6321.1,6321.1,20,3.7665e+06,1.7059e+07,-1.2928e+07,-1.2928e+07,1.0052e+06,-57745,1.0052e+06,6.1496e+07,0.00015372,-1.2852e-21,-1.0331e-21,1,0.0038,0.1938,0,0
4.1824e-05,6.412e-07,6.412e-07,0.00015375,2.2946e-06,2.2946e-06,0.00011192,1.6534e-06,1.6534e-06,384.14,300,0.00092528,0.00076491,0.00076491,6.2488e-06,-3.7372e-07,6.2488e-06,0.00025916,3.9013e+05,6172.8,6172.8,20,3.7665e+06,1.666e+07,-6.6875e+06,-6.6875e+06,9.0978e+05,-54412,9.0978e+05,5.6599e+07,0.00015384,-1.6595e-21,-2.0691e-21,1,0.0039,0.1939,0,0
4.1854e-05,6.4194e-07,6.4194e-07,0.00015387,2.2986e-06,2.2986e-06,0.00011201,1.6566e-06,1.6566e-06,381.79,300,0.00088038,0.00076561,0.00076561,5.5931e-06,-3.5083e-07,5.5931e-06,0.00023674,3.7949e+05,6024.4,6024.4,20,3.7665e+06,1.6262e+07,-4.469e+05,-4.4685e+05,8.1432e+05,-51078,8.1432e+05,5.1702e+07,0.00015396,-2.0963e-21,-2.072e-21,1,0.004,0.194,0,0
4.1872e-05,6.4246e-07,6.4246e-07,0.00015392,2.3013e-06,2.3013e-06,0.00011205,1.6588e-06,1.6588e-06,380.34,300,0.00085284,0.00076594,0.00076594,5.1147e-06,-3.3835e-07,5.1147e-06,0.00023966,3.7161e+05,5894.5,5894.5,20,3.7665e+06,1.6017e+07,3.3647e+06,3.3648e+06,7.4467e+05,-49261,7.4467e+05,5.234e+07,0.00015401,2.5198e-22,0,1,0.0041,0.1941,0,0
4.1889e-05,6.4299e-07,6.4299e-07,0.00015397,2.3041e-06,2.3041e-06,0.00011209,1.6611e-06,1.6611e-06,378.9,300,0.00082531,0.00076627,0.00076627,4.6364e-06,-3.2587e-07,4.6364e-06,0.00024258,3.6372e+05,5764.5,5764.5,20,3.7665e+06,1.5772e+07,7.1758e+06,7.1758e+06,6.7504e+05,-47445,6.7503e+05,5.2977e+07,0.00015406,1.4233e-22,0,1,0.0042,0.1942,0,0
4.1907e-05,6.4352e-07,6.4352e-07,0.00015403,2.3068e-06,2.3068e-06,0.00011212,1.6633e-06,1.6633e-06,377.46,300,0.00079777,0.00076659,0.00076659,4.1581e-06,-3.1339e-07,4.158e-06,0.00024549,3.5584e+05,5634.6,5634.6,20,3.7665e+06,1.5527e+07,1.0987e+07,1.0987e+07,6.0539e+05,-45628,6.0538e+05,5.3614e+07,0.00015411,6.9788e-23,0,1,0.0043,0.1943,0,0
4.1924e-05,6.4405e-07,6.4405e-07,0.00015408,2.3096e-06,2.3096e-06,0.00011216,1.6655e-06,1.6655e-06,376.01,300,0.00077024,0.00076692,0.00076692,3.6797e-06,-3.0091e-07,3.6797e-06,0.00024841,3.4796e+05,5504.7,5504.7,20,3.7665e+06,1.5282e+07,1.4799e+07,1.4799e+07,5.3574e+05,-43811,5.3573e+05,5.4251e+07,0.00015416,2.6591e-23,0,1,0.0044,0.1944,0,0
4.1942e-05,6.4458e-07,6.4458e-07,0.00015413,2.3123e-06,2.3123e-06,0.00011219,1.6677e-06,1.6677e-06,374.57,300,0.0007427,0.00076725,0.00076725,3.2013e-06,-2.8843e-07,3.2013e-06,0.00025133,3.4008e+05,5374.7,5374.7,20,3.7665e+06,1.5037e+07,1.8611e+07,1.8611e+07,4.6609e+05,-41994,4.6609e+05,5.4888e+07,0.00015421,5.1965e-24,0,1,0.0045,0.1945,0,0
4.1959e-05,6.4511e-07,6.4511e-07,0.00015419,2.3151e-06,2.3151e-06,0.00011223,1.67e-06,1.67e-06,373.12,300,0.00071516,0.00076758,0.00076758,2.7229e-06,-2.7595e-07,2.7229e-06,0.00025425,3.3219e+05,5244.8,5244.8,20,3.7665e+06,1.4791e+07,2.2422e+07,2.2422e+07,3.9644e+05,-40177,3.9644e+05,5.5525e+07,0.00015426,-1.7034e-24,0,1,0.0046,0.1946,0,0
4.1977e-05,6.4563e-07,6.4563e-07,0.00015424,2.3178e-06,2.3178e-06,0.00011226,1.6722e-06,1.6722e-06,371.68,300,0.00068763,0.0007679,0.0007679,2.2445e-06,-2.6347e-07,2.2445e-06,0.00025716,3.2431e+05,5114.8,5114.8,20,3.7665e+06,1.4546e+07,2.6234e+07,2.6234e+07,3.2679e+05,-38360,3.2679e+05,5.6162e+07,0.00015431,-1.1774e-24,0,1,0.0047,0.1947,0,0
4.1994e-05,6.4616e-07,6.4616e-07,0.00015429,2.3206e-06,2.3206e-06,0.0001123,1.6744e-06,1.6744e-06,370.24,300,0.00066009,0.00076823,0.00076823,1.7662e-06,-2.51e-07,1.7662e-06,0.00026008,3.1643e+05,4984.9,4984.9,20,3.7665e+06,1.4301e+07,3.0045e+07,3.0046e+07,2.5714e+05,-36543,2.5714e+05,5.6799e+07,0.00015436,-5.5681e-26,0,1,0.0048,0.1948,0,0
4.2012e-05,6.4669e-07,6.4669e-07,0.00015435,2.3233e-06,2.3233e-06,0.00011233,1.6766e-06,1.6767e-06,368.79,300,0.00063256,0.00076856,0.00076856,1.2878e-06,-2.3852e-07,1.2878e-06,0.000263,3.0854e+05,4854.9,4854.9,20,3.7665e+06,1.4056e+07,3.3857e+07,3.3857e+07,1.8749e+05,-34727,1.8749e+05,5.7437e+07,0.00015441,-4.929e-24,0,1,0.0049,0.1949,0,0
4.203e-05,6.4722e-07,6.4722e-07,0.0001544,2.3261e-06,2.3261e-06,0.00011237,1.6789e-06,1.6789e-06,367.35,300,0.00060502,0.00076889,0.00076889,8.0948e-07,-2.2604e-07,8.0947e-07,0.00026592,3.0066e+05,4725,4725,20,3.7665e+06,1.3811e+07,3.7668e+07,3.7668e+07,1.1786e+05,-32910,1.1785e+05,5.8074e+07,0.00015446,-2.2144e-23,0,1,0.005,0.195,0,0
4.2047e-05,6.4775e-07,6.4775e-07,0.00015445,2.3288e-06,2.3288e-06,0.0001124,1.6811e-06,1.6811e-06,365.9,300,0.00057749,0.00076921,0.00076921,3.311e-07,-2.1356e-07,3.311e-07,0.00026883,2.9278e+05,4595.1,4595.1,20,3.7665e+06,1.3566e+07,4.148e+07,4.148e+07,48207,-31093,48205,5.8711e+07,0.00015451,-5.7816e-23,0,1,0.0051,0.1951,0,0
4.2065e-05,6.4827e-07,6.4827e-07,0.0001545,2.3316e-06,2.3316e-06,0.00011244,1.6833e-06,1.6833e-06,364.46,300,0.00054995,0.00076954,0.00076954,-1.4728e-07,-2.0108e-07,-1.4728e-07,0.00027175,2.849e+05,4465.1,4465.1,20,3.7665e+06,1.332e+07,4.5291e+07,4.5291e+07,-21442,-29276,-21444,5.9348e+07,0.00015456,-1.1781e-22,0,1,0.0052,0.1952,0,0
4.2082e-05,6.488e-07,6.488e-07,0.00015456,2.3344e-06,2.3344e-06,0.00011247,1.6856e-06,1.6856e-06,363.02,300,0.00052242,0.00076987,0.00076987,-6.2565e-07,-1.886e-07,-6.2566e-07,0.00027467,2.7701e+05,4335.2,4335.2,20,3.7665e+06,1.3075e+07,4.9103e+07,4.9103e+07,-91090,-27459,-91092,5.9985e+07,0.00015461,-2.0776e-22,0,1,0.0053,0.1953,0,0
4.21e-05,6.4933e-07,6.4933e-07,0.00015461,2.3371e-06,2.3371e-06,0.00011251,1.6878e-06,1.6878e-06,361.57,300,0.00049488,0.0007702,0.0007702,-1.104e-06,-1.7612e-07,-1.104e-06,0.00027758,2.6913e+05,4205.2,4205.2,20,3.7665e+06,1.283e+07,5.2915e+07,5.2915e+07,-1.6074e+05,-25642,-1.6074e+05,6.0622e+07,0.00015466,-3.3304e-22,0,1,0.0054,0.1954,0,0
4.2117e-05,6.4986e-07,6.4986e-07,0.00015466,2.3399e-06,2.3399e-06,0.00011255,1.69e-06,1.69e-06,360.13,300,0.00046734,0.00077052,0.00077052,-1.5824e-06,-1.6364e-07,-1.5824e-06,0.0002805,2.6125e+05,4075.3,4075.3,20,3.7665e+06,1.2585e+07,5.6726e+07,5.6726e+07,-2.3039e+05,-23825,-2.3039e+05,6.1259e+07,0.00015471,-4.9879e-22,0,1,0.0055,0.1955,0,0
4.2135e-05,6.5039e-07,6.5039e-07,0.00015472,2.3426e-06,2.3426e-06,0.00011258,1.6922e-06,1.6922e-06,358.68,300,0.00043981,0.00077085,0.00077085,-2.0608e-06,-1.5116e-07,-2.0608e-06,0.00028342,2.5336e+05,3945.4,3945.4,20,3.7665e+06,1.234e+07,6.0538e+07,6.0538e+07,-3.0004e+05,-22009,-3.0004e+05,6.1896e+07,0.00015476,-7.0992e-22,-1.0516e-21,1,0.0056,0.1956,0,0
4.2152e-05,6.5092e-07,6.5092e-07,0.00015477,2.3454e-06,2.3454e-06,0.00011262,1.6945e-06,1.6945e-06,357.24,300,0.00041227,0.00077118,0.00077118,-2.5392e-06,-1.3868e-07,-2.5392e-06,0.00028634,2.4548e+05,3815.4,3815.4,20,3.7665e+06,1.2095e+07,6.435e+07,6.435e+07,-3.6969e+05,-20192,-3.6969e+05,6.2533e+07,0.00015481,-9.7107e-22,-1.0526e-21,1,0.0057,0.1957,0,0
4.217e-05,6.5144e-07,6.5144e-07,0.00015482,2.3481e-06,2.3481e-06,0.00011265,1.6967e-06,1.6967e-06,355.79,300,0.00038473,0.00077151,0.00077151,-3.0175e-06,-1.2621e-07,-3.0175e-06,0.00028925,2.376e+05,3685.5,3685.5,20,3.7665e+06,1.1849e+07,6.8161e+07,6.8161e+07,-4.3933e+05,-18375,-4.3934e+05,6.3171e+07,0.00015486,-1.2867e-21,-1.0536e-21,1,0.0058,0.1958,0,0
4.2187e-05,6.5197e-07,6.5197e-07,0.00015487,2.3509e-06,2.3509e-06,0.00011269,1.6989e-06,1.6989e-06,354.35,300,0.0003572,0.00077183,0.00077183,-3.4958e-06,-1.1373e-07,-3.4959e-06,0.00029217,2.2972e+05,3555.6,3555.6,20,3.7665e+06,1.1604e+07,7.1972e+07,7.1972e+07,-5.0897e+05,-16558,-5.0897e+05,6.3808e+07,0.00015491,-1.6608e-21,-2.1091e-21,1,0.0059,0.1959,0,0
4.2205e-05,6.525e-07,6.525e-07,0.00015493,2.3536e-06,2.3536e-06,0.00011272,1.7011e-06,1.7011e-06,352.91,300,0.00032967,0.00077216,0.00077216,-3.9742e-06,-1.0125e-07,-3.9742e-06,0.00029509,2.2183e+05,3425.6,3425.6,20,3.7665e+06,1.1359e+07,7.5784e+07,7.5784e+07,-5.7862e+05,-14741,-5.7862e+05,6.4445e+07,0.00015496,-2.0975e-21,-2.111e-21,1,0.006,0.196,0,0
4.2214e-05,6.5293e-07,6.5293e-07,0.00015494,2.3557e-06,2.3557e-06,0.00011273,1.7028e-06,1.7028e-06,352.13,300,0.00031518,0.00077226,0.00077226,-4.2672e-06,-8.7871e-08,-4.2672e-06,0.00030482,2.1587e+05,3338.1,3338.1,20,3.7665e+06,1.1287e+07,7.7836e+07,7.7836e+07,-6.2128e+05,-12794,-6.2128e+05,6.6571e+07,0.00015497,2.4093e-22,0,1,0.0061,0.1961,0,0
4.2223e-05,6.5335e-07,6.5335e-07,0.00015495,2.3578e-06,2.3578e-06,0.00011273,1.7045e-06,1.7045e-06,351.36,300,0.00030069,0.00077236,0.00077236,-4.5602e-06,-7.4494e-08,-4.5602e-06,0.00031456,2.0991e+05,3250.6,3250.6,20,3.7665e+06,1.1215e+07,7.9888e+07,7.9888e+07,-6.6394e+05,-10846,-6.6394e+05,6.8696e+07,0.00015498,1.3506e-22,0,1,0.0062,0.1962,0,0
4.2232e-05,6.5378e-07,6.5378e-07,0.00015497,2.3599e-06,2.3599e-06,0.00011273,1.7061e-06,1.7061e-06,350.58,300,0.00028621,0.00077246,0.00077247,-4.8532e-06,-6.1116e-08,-4.8533e-06,0.00032429,2.0394e+05,3163.2,3163.2,20,3.7665e+06,1.1143e+07,8.194e+07,8.194e+07,-7.066e+05,-8898.1,-7.066e+05,7.0822e+07,0.000155,6.5378e-23,0,1,0.0063,0.1963,0,0
4.2241e-05,6.542e-07,6.542e-07,0.00015498,2.362e-06,2.362e-06,0.00011274,1.7078e-06,1.7078e-06,349.8,300,0.00027172,0.00077257,0.00077257,-5.1463e-06,-4.7738e-08,-5.1463e-06,0.00033403,1.9798e+05,3075.7,3075.7,20,3.7665e+06,1.1071e+07,8.3992e+07,8.3992e+07,-7.4926e+05,-6950.4,-7.4926e+05,7.2948e+07,0.00015501,2.4211e-23,0,1,0.0064,0.1964,0,0
4.225e-05,6.5463e-07,6.5463e-07,0.00015499,2.3641e-06,2.3641e-06,0.00011274,1.7094e-06,1.7094e-06,349.03,300,0.00025723,0.00077267,0.00077267,-5.4393e-06,-3.4361e-08,-5.4393e-06,0.00034376,1.9202e+05,2988.2,2988.2,20,3.7665e+06,1.0999e+07,8.6044e+07,8.6044e+07,-7.9192e+05,-5002.8,-7.9192e+05,7.5074e+07,0.00015502,4.146e-24,0,1,0.0065,0.1965,0,0
4.2259e-05,6.5505e-07,6.5505e-07,0.000155,2.3661e-06,2.3661e-06,0.00011274,1.7111e-06,1.7111e-06,348.25,300,0.00024274,0.00077277,0.00077277,-5.7323e-06,-2.0983e-08,-5.7323e-06,0.00035349,1.8605e+05,2900.7,2900.7,20,3.7665e+06,1.0927e+07,8.8096e+07,8.8096e+07,-8.3458e+05,-3055.1,-8.3458e+05,7.72e+07,0.00015503,-2.0011e-24,0,1,0.0066,0.1966,0,0
4.2268e-05,6.5548e-07,6.5548e-07,0.00015502,2.3682e-06,2.3682e-06,0.00011275,1.7128e-06,1.7128e-06,347.48,300,0.00022826,0.00077287,0.00077287,-6.0253e-06,-7.6056e-09,-6.0253e-06,0.00036323,1.8009e+05,2813.2,2813.2,20,3.7665e+06,1.0855e+07,9.0148e+07,9.0148e+07,-8.7724e+05,-1107.4,-8.7724e+05,7.9326e+07,0.00015504,-1.1735e-24,0,1,0.0067,0.1967,0,0
4.2277e-05,6.559e-07,6.559e-07,0.00015503,2.3703e-06,2.3703e-06,0.00011275,1.7144e-06,1.7144e-06,346.7,300,0.00021377,0.00077297,0.00077297,-6.3182e-06,5.7701e-09,-6.3182e-06,0.00037296,1.7413e+05,2725.8,2725.8,20,3.7665e+06,1.0783e+07,9.2199e+07,9.2199e+07,-9.199e+05,840.06,-9.199e+05,8.1451e+07,0.00015505,-7.5309e-26,0,1,0.0068,0.1968,0,0
4.2286e-05,6.5632e-07,6.5632e-07,0.00015504,2.3724e-06,2.3724e-06,0.00011276,1.7161e-06,1.7161e-06,345.93,300,0.00019928,0.00077307,0.00077307,-6.6112e-06,1.9148e-08,-6.6113e-06,0.00038269,1.6817e+05,2638.3,2638.3,20,3.7665e+06,1.0711e+07,9.4251e+07,9.4251e+07,-9.6256e+05,2787.8,-9.6256e+05,8.3577e+07,0.00015506,-5.1674e-24,0,1,0.0069,0.1969,0,0
4.2295e-05,6.5675e-07,6.5675e-07,0.00015506,2.3745e-06,2.3745e-06,0.00011276,1.7177e-06,1.7177e-06,345.15,300,0.0001848,0.00077317,0.00077317,-6.9043e-06,3.2525e-08,-6.9043e-06,0.00039243,1.622e+05,2550.8,2550.8,20,3.7665e+06,1.0639e+07,9.6303e+07,9.6303e+07,-1.0052e+06,4735.5,-1.0052e+06,8.5703e+07,0.00015508,-2.2669e-23,0,1,0.007,0.197,0,0
4.2304e-05,6.5717e-07,6.5717e-07,0.00015507,2.3766e-06,2.3766e-06,0.00011276,1.7194e-06,1.7194e-06,344.38,300,0.00017031,0.00077327,0.00077327,-7.1973e-06,4.5903e-08,-7.1973e-06,0.00040216,1.5624e+05,2463.3,2463.3,20,3.7665e+06,1.0567e+07,9.8355e+07,9.8355e+07,-1.0479e+06,6683.2,-1.0479e+06,8.7829e+07,0.00015509,-5.8554e-23,0,1,0.0071,0.1971,0,0
4.2313e-05,6.576e-07,6.576e-07,0.00015508,2.3786e-06,2.3786e-06,0.00011277,1.721e-06,1.721e-06,343.6,300,0.00015582,0.00077337,0.00077337,-7.4903e-06,5.9281e-08,-7.4903e-06,0.0004119,1.5028e+05,2375.8,2375.8,20,3.7665e+06,1.0495e+07,1.0041e+08,1.0041e+08,-1.0905e+06,8630.9,-1.0905e+06,8.9954e+07,0.0001551,-1.1855e-22,0,1,0.0072,0.1972,0,0
4.2322e-05,6.5802e-07,6.5802e-07,0.00015509,2.3807e-06,2.3807e-06,0.00011277,1.7227e-06,1.7227e-06,342.83,300,0.00014134,0.00077348,0.00077348,-7.7833e-06,7.2658e-08,-7.7833e-06,0.00042163,1.4431e+05,2288.3,2288.3,20,3.7665e+06,1.0423e+07,1.0246e+08,1.0246e+08,-1.1332e+06,10579,-1.1332e+06,9.208e+07,0.00015511,-2.0813e-22,0,1,0.0073,0.1973,0,0
4.2331e-05,6.5845e-07,6.5845e-07,0.00015511,2.3828e-06,2.3828e-06,0.00011278,1.7244e-06,1.7244e-06,342.05,300,0.00012685,0.00077358,0.00077358,-8.0763e-06,8.6036e-08,-8.0763e-06,0.00043137,1.3835e+05,2200.8,2200.8,20,3.7665e+06,1.0351e+07,1.0451e+08,1.0451e+08,-1.1759e+06,12526,-1.1759e+06,9.4206e+07,0.00015512,-3.3254e-22,0,1,0.0074,0.1974,0,0
4.234e-05,6.5887e-07,6.5887e-07,0.00015512,2.3849e-06,2.3849e-06,0.00011278,1.726e-06,1.726e-06,341.28,300,0.00011236,0.00077368,0.00077368,-8.3693e-06,9.9413e-08,-8.3693e-06,0.0004411,1.3239e+05,2113.4,2113.4,20,3.7665e+06,1.0279e+07,1.0656e+08,1.0656e+08,-1.2185e+06,14474,-1.2185e+06,9.6332e+07,0.00015513,-4.9674e-22,0,1,0.0075,0.1975,0,0
4.2349e-05,6.593e-07,6.593e-07,0.00015513,2.387e-06,2.387e-06,0.00011278,1.7277e-06,1.7277e-06,340.5,300,9.7875e-05,0.00077378,0.00077378,-8.6623e-06,1.1279e-07,-8.6623e-06,0.00045083,1.2642e+05,2025.9,2025.9,20,3.7665e+06,1.0207e+07,1.0861e+08,1.0861e+08,-1.2612e+06,16422,-1.2612e+06,9.8458e+07,0.00015514,-7.0547e-22,-1.0663e-21,1,0.0076,0.1976,0,0
4.2358e-05,6.5972e-07,6.5972e-07,0.00015514,2.3891e-06,2.3891e-06,0.00011279,1.7293e-06,1.7293e-06,339.73,300,8.339e-05,0.00077388,0.00077388,-8.9553e-06,1.2617e-07,-8.9553e-06,0.00046057,1.2046e+05,1938.4,1938.4,20,3.7665e+06,1.0135e+07,1.1067e+08,1.1067e+08,-1.3038e+06,18369,-1.3038e+06,1.0058e+08,0.00015515,-9.6314e-22,-1.067e-21,1,0.0077,0.1977,0,0
4.2367e-05,6.6015e-07,6.6015e-07,0.00015516,2.3912e-06,2.3912e-06,0.00011279,1.731e-06,1.731e-06,338.95,300,6.8902e-05,0.00077398,0.00077398,-9.2483e-06,1.3954e-07,-9.2483e-06,0.0004703,1.145e+05,1850.9,1850.9,20,3.7665e+06,1.0063e+07,1.1272e+08,1.1272e+08,-1.3465e+06,20317,-1.3465e+06,1.0271e+08,0.00015517,-1.2741e-21,-1.0677e-21,1,0.0078,0.1978,0,0
4.2376e-05,6.6057e-07,6.6057e-07,0.00015517,2.3932e-06,2.3932e-06,0.00011279,1.7327e-06,1.7327e-06,338.18,300,5.4415e-05,0.00077408,0.00077408,-9.5413e-06,1.5292e-07,-9.5413e-06,0.00048003,1.0854e+05,1763.4,1763.4,20,3.7665e+06,9.9914e+06,1.1477e+08,1.1477e+08,-1.3892e+06,22264,-1.3892e+06,1.0484e+08,0.00015518,-1.6421e-21,-2.1367e-21,1,0.0079,0.1979,0,0
4.2385e-05,6.61e-07,6.61e-07,0.00015518,2.3953e-06,2.3953e-06,0.0001128,1.7343e-06,1.7343e-06,337.4,300,3.9928e-05,0.00077418,0.00077418,-9.8343e-06,1.663e-07,-9.8343e-06,0.00048977,1.0257e+05,1675.9,1675.9,20,3.7665e+06,9.9194e+06,1.1682e+08,1.1682e+08,-1.4318e+06,24212,-1.4318e+06,1.0696e+08,0.00015519,-2.0711e-21,-2.138e-21,1,0.008,0.198,0,0
4.239e-05,6.6125e-07,6.6125e-07,0.00015518,2.3966e-06,2.3966e-06,0.00011279,1.7353e-06,1.7353e-06,337.15,300,3.3432e-05,0.00077419,0.00077419,-1.0022e-05,1.713e-07,-1.0022e-05,0.00049411,97589,1606.5,1606.5,20,3.7665e+06,9.4265e+06,1.1728e+08,1.1728e+08,-1.4592e+06,24941,-1.4592e+06,1.0791e+08,0.00015518,3.4124e-23,0,1,0.0081,0.1981,0,0
4.2395e-05,6.615e-07,6.615e-07,0.00015517,2.3978e-06,2.3978e-06,0.00011278,1.7363e-06,1.7363e-06,336.9,300,2.6935e-05,0.0007742,0.0007742,-1.021e-05,1.7631e-07,-1.021e-05,0.00049846,92605,1537,1537,20,3.7665e+06,8.9336e+06,1.1773e+08,1.1773e+08,-1.4865e+06,25669,-1.4865e+06,1.0886e+08,0.00015518,2.7503e-23,0,1,0.0082,0.1982,0,0
4.24e-05,6.6175e-07,6.6175e-07,0.00015517,2.3991e-06,2.3991e-06,0.00011277,1.7373e-06,1.7373e-06,336.64,300,2.0438e-05,0.0007742,0.0007742,-1.0398e-05,1.8131e-07,-1.0398e-05,0.0005028,87622,1467.5,1467.5,20,3.7665e+06,8.4408e+06,1.1818e+08,1.1818e+08,-1.5139e+06,26398,-1.5139e+06,1.0981e+08,0.00015517,1.8316e-23,0,1,0.0083,0.1983,0,0
4.2404e-05,6.62e-07,6.62e-07,0.00015516,2.4003e-06,2.4003e-06,0.00011276,1.7383e-06,1.7383e-06,336.39,300,1.3942e-05,0.00077421,0.00077421,-1.0586e-05,1.8632e-07,-1.0586e-05,0.00050714,82638,1398,1398,20,3.7665e+06,7.9479e+06,1.1864e+08,1.1864e+08,-1.5412e+06,27127,-1.5412e+06,1.1076e+08,0.00015517,9.8666e-24,0,1,0.0084,0.1984,0,0
4.2409e-05,6.6225e-07,6.6225e-07,0.00015516,2.4016e-06,2.4016e-06,0.00011275,1.7393e-06,1.7393e-06,336.14,300,7.4449e-06,0.00077421,0.00077421,-1.0773e-05,1.9132e-07,-1.0773e-05,0.00051149,77655,1328.5,1328.5,20,3.7665e+06,7.455e+06,1.1909e+08,1.1909e+08,-1.5685e+06,27855,-1.5685e+06,1.117e+08,0.00015516,3.8806e-24,0,1,0.0085,0.1985,0,0
4.2414e-05,6.625e-07,6.625e-07,0.00015515,2.4028e-06,2.4028e-06,0.00011274,1.7403e-06,1.7403e-06,335.89,300,9.4923e-07,0.00077422,0.00077422,-1.0961e-05,1.9633e-07,-1.0961e-05,0.00051583,72672,1259,1259,20,3.7665e+06,6.9622e+06,1.1955e+08,1.1955e+08,-1.5959e+06,28584,-1.5959e+06,1.1265e+08,0.00015515,7.7747e-25,0,1,0.0086,0.1986,0,0
4.2419e-05,6.6275e-07,6.6275e-07,0.00015515,2.4041e-06,2.4041e-06,0.00011273,1.7413e-06,1.7413e-06,335.64,300,-5.5474e-06,0.00077423,0.00077423,-1.1149e-05,2.0133e-07,-1.1149e-05,0.00052017,67688,1189.5,1189.5,20,3.7665e+06,6.4694e+06,1.2e+08,1.2e+08,-1.6232e+06,29313,-1.6232e+06,1.136e+08,0.00015515,-5.9017e-26,0,1,0.0087,0.1987,0,0
4.2424e-05,6.63e-07,6.63e-07,0.00015514,2.4053e-06,2.4053e-06,0.00011272,1.7423e-06,1.7423e-06,335.38,300,-1.2044e-05,0.00077423,0.00077423,-1.1337e-05,2.0634e-07,-1.1337e-05,0.00052452,62705,1120,1120,20,3.7665e+06,5.9765e+06,1.2045e+08,1.2045e+08,-1.6506e+06,30041,-1.6506e+06,1.1455e+08,0.00015514,-5.1856e-27,0,1,0.0088,0.1988,0,0
4.2428e-05,6.6325e-07,6.6325e-07,0.00015514,2.4066e-06,2.4066e-06,0.00011271,1.7433e-06,1.7433e-06,335.13,300,-1.8541e-05,0.00077424,0.00077424,-1.1525e-05,2.1134e-07,-1.1525e-05,0.00052886,57721,1050.5,1050.5,20,3.7665e+06,5.4836e+06,1.2091e+08,1.2091e+08,-1.6779e+06,30770,-1.6779e+06,1.155e+08,0.00015514,-9.255e-25,0,1,0.0089,0.1989,0,0
4.2433e-05,6.635e-07,6.635e-07,0.00015513,2.4079e-06,2.4079e-06,0.0001127,1.7443e-06,1.7443e-06,334.88,300,-2.5037e-05,0.00077425,0.00077425,-1.1713e-05,2.1634e-07,-1.1713e-05,0.0005332,52738,980.96,980.96,20,3.7665e+06,4.9908e+06,1.2136e+08,1.2136e+08,-1.7053e+06,31498,-1.7053e+06,1.1645e+08,0.00015513,-4.897e-24,0,1,0.009,0.199,0,0
4.2438e-05,6.6375e-07,6.6375e-07,0.00015513,2.4091e-06,2.4091e-06,0.00011269,1.7453e-06,1.7453e-06,334.63,300,-3.1534e-05,0.00077425,0.00077425,-1.19e-05,2.2135e-07,-1.19e-05,0.00053755,47755,911.46,911.46,20,3.7665e+06,4.4979e+06,1.2182e+08,1.2182e+08,-1.7326e+06,32227,-1.7326e+06,1.174e+08,0.00015513,-1.3933e-23,0,1,0.0091,0.1991,0,0
4.2443e-05,6.64e-07,6.64e-07,0.00015512,2.4104e-06,2.4104e-06,0.00011268,1.7464e-06,1.7464e-06,334.37,300,-3.8031e-05,0.00077426,0.00077426,-1.2088e-05,2.2635e-07,-1.2088e-05,0.00054189,42771,841.97,841.97,20,3.7665e+06,4.005e+06,1.2227e+08,1.2227e+08,-1.76e+06,32956,-1.76e+06,1.1834e+08,0.00015512,-2.9707e-23,0,1,0.0092,0.1992,0,0
4.2447e-05,6.6425e-07,6.6425e-07,0.00015512,2.4116e-06,2.4116e-06,0.00011267,1.7474e-06,1.7474e-06,334.12,300,-4.4527e-05,0.00077426,0.00077427,-1.2276e-05,2.3136e-07,-1.2276e-05,0.00054623,37788,772.47,772.47,20,3.7665e+06,3.5122e+06,1.2272e+08,1.2272e+08,-1.7873e+06,33684,-1.7873e+06,1.1929e+08,0.00015512,-5.3273e-23,0,1,0.0093,0.1993,0,0
4.2452e-05,6.645e-07,6.6451e-07,0.00015511,2.4129e-06,2.4129e-06,0.00011266,1.7484e-06,1.7484e-06,333.87,300,-5.1023e-05,0.00077427,0.00077427,-1.2464e-05,2.3636e-07,-1.2464e-05,0.00055057,32805,702.98,702.98,20,3.7665e+06,3.0194e+06,1.2318e+08,1.2318e+08,-1.8147e+06,34413,-1.8147e+06,1.2024e+08,0.00015511,-8.4783e-23,0,1,0.0094,0.1994,0,0
4.2457e-05,6.6475e-07,6.6476e-07,0.00015511,2.4141e-06,2.4141e-06,0.00011265,1.7494e-06,1.7494e-06,333.62,300,-5.752e-05,0.00077428,0.00077428,-1.2652e-05,2.4137e-07,-1.2652e-05,0.00055492,27821,633.48,633.48,20,3.7665e+06,2.5265e+06,1.2363e+08,1.2363e+08,-1.842e+06,35142,-1.842e+06,1.2119e+08,0.0001551,-1.2323e-22,0,1,0.0095,0.1995,0,0
4.2462e-05,6.6501e-07,6.6501e-07,0.0001551,2.4154e-06,2.4154e-06,0.00011264,1.7504e-06,1.7504e-06,333.37,300,-6.4016e-05,0.00077428,0.00077428,-1.284e-05,2.4637e-07,-1.284e-05,0.00055926,22838,563.98,563.98,20,3.7665e+06,2.0336e+06,1.2409e+08,1.2409e+08,-1.8694e+06,35870,-1.8694e+06,1.2214e+08,0.0001551,-1.6612e-22,0,1,0.0096,0.1996,0,0
4.2467e-05,6.6526e-07,6.6526e-07,0.0001551,2.4166e-06,2.4166e-06,0.00011263,1.7514e-06,1.7514e-06,333.11,300,-7.0513e-05,0.00077429,0.00077429,-1.3027e-05,2.5138e-07,-1.3027e-05,0.0005636,17854,494.48,494.48,20,3.7665e+06,1.5408e+06,1.2454e+08,1.2454e+08,-1.8967e+06,36599,-1.8967e+06,1.2309e+08,0.00015509,-2.0925e-22,0,1,0.0097,0.1997,0,0
4.2471e-05,6.6551e-07,6.6551e-07,0.00015509,2.4179e-06,2.4179e-06,0.00011262,1.7524e-06,1.7524e-06,332.86,300,-7.701e-05,0.0007743,0.0007743,-1.3215e-05,2.5638e-07,-1.3215e-05,0.00056795,12871,424.98,424.98,20,3.7665e+06,1.0479e+06,1.2499e+08,1.2499e+08,-1.9241e+06,37328,-1.9241e+06,1.2403e+08,0.00015509,-2.4637e-22,0,1,0.0098,0.1998,0,0
4.2476e-05,6.6576e-07,6.6576e-07,0.00015509,2.4191e-06,2.4191e-06,0.00011261,1.7534e-06,1.7534e-06,332.61,300,-8.3506e-05,0.0007743,0.0007743,-1.3403e-05,2.6139e-07,-1.3403e-05,0.00057229,7887.5,355.48,355.48,20,3.7665e+06,5.5505e+05,1.2545e+08,1.2545e+08,-1.9514e+06,38056,-1.9514e+06,1.2498e+08,0.00015508,-2.6893e-22,0,1,0.0099,0.1999,0,0
4.2481e-05,6.6601e-07,6.6601e-07,0.00015508,2.4204e-06,2.4204e-06,0.0001126,1.7544e-06,1.7544e-06,332.36,300,-9.0003e-05,0.00077431,0.00077431,-1.3591e-05,2.6639e-07,-1.3591e-05,0.00057664,2904,285.98,285.98,20,3.7665e+06,62182,1.259e+08,1.259e+08,-1.9788e+06,38785,-1.9788e+06,1.2593e+08,0.00015508,-2.658e-22,0,1,0.01,0.2,0,0
