# oomph-lib solution: vertical wall displacement (m) at 25%, 50% and 75% of the elastic wall
# from trace_dt80.dat
time,wallQuarter,wallMid,wallThreeQuarter
0,0.00000000,0.00000000,0.00000000
0.0125,0.00001652,-0.00000117,-0.00000232
0.025,0.00005125,-0.00000113,-0.00001741
0.0375,0.00007137,0.00001011,-0.00006713
0.05,0.00002496,0.00003629,-0.00017890
0.0625,-0.00014120,0.00005432,-0.00037583
0.075,-0.00047424,0.00000562,-0.00067228
0.0875,-0.00101444,-0.00019950,-0.00107656
0.1,-0.00179736,-0.00067080,-0.00159626
0.1125,-0.00285796,-0.00152381,-0.00224432
0.125,-0.00423491,-0.00286555,-0.00304489
0.1375,-0.00597246,-0.00478488,-0.00403690
0.15,-0.00811793,-0.00735079,-0.00527331
0.1625,-0.01071552,-0.01061767,-0.00681638
0.175,-0.01379869,-0.01463347,-0.00873125
0.1875,-0.01738374,-0.01944566,-0.01108056
0.2,-0.02146682,-0.02510135,-0.01392210
0.2125,-0.02602522,-0.03163973,-0.01731025
0.225,-0.03102230,-0.03907844,-0.02130009
0.2375,-0.03641428,-0.04739807,-0.02595155
0.25,-0.04215564,-0.05653137,-0.03132962
0.2625,-0.04820455,-0.06636352,-0.03749898
0.275,-0.05452576,-0.07674872,-0.04451003
0.2875,-0.06108406,-0.08754321,-0.05237317
0.3,-0.06783444,-0.09864112,-0.06102906
0.3125,-0.07472365,-0.10998681,-0.07033161
0.325,-0.08170915,-0.12154800,-0.08005465
0.3375,-0.08878392,-0.13326217,-0.08991953
0.35,-0.09598339,-0.14499261,-0.09962916
0.3625,-0.10335564,-0.15652745,-0.10889500
0.375,-0.11090001,-0.16762210,-0.11745545
0.3875,-0.11850581,-0.17804672,-0.12509623
0.4,-0.12592780,-0.18759777,-0.13167874
0.4125,-0.13281264,-0.19607211,-0.13716338
0.425,-0.13876132,-0.20324361,-0.14160245
0.4375,-0.14340187,-0.20887809,-0.14509100
0.45,-0.14645484,-0.21278047,-0.14769493
0.4625,-0.14778331,-0.21483532,-0.14939551
0.475,-0.14741752,-0.21501421,-0.15007938
0.4875,-0.14554130,-0.21335745,-0.14957523
0.5,-0.14243822,-0.20995509,-0.14771585
0.5125,-0.13841475,-0.20493997,-0.14439940
0.525,-0.13373057,-0.19848586,-0.13963140
0.5375,-0.12856047,-0.19079957,-0.13353877
0.55,-0.12299427,-0.18210520,-0.12635558
0.5625,-0.11706360,-0.17262750,-0.11838666
0.575,-0.11077845,-0.16258173,-0.10996052
0.5875,-0.10415893,-0.15217044,-0.10138481
0.6,-0.09725519,-0.14158342,-0.09291452
0.6125,-0.09015442,-0.13099665,-0.08473773
0.625,-0.08297721,-0.12056916,-0.07697700
0.6375,-0.07586692,-0.11043953,-0.06970116
0.65,-0.06897568,-0.10072427,-0.06294106
0.6625,-0.06245006,-0.09151932,-0.05670445
0.675,-0.05641894,-0.08290416,-0.05098738
0.6875,-0.05098496,-0.07494714,-0.04578180
0.7,-0.04622020,-0.06771005,-0.04107995
0.7125,-0.04216590,-0.06125104,-0.03687698
0.725,-0.03883534,-0.05562498,-0.03317256
0.7375,-0.03621890,-0.05088194,-0.02997222
0.75,-0.03429023,-0.04706431,-0.02728837
0.7625,-0.03301233,-0.04420380,-0.02514083
0.775,-0.03234290,-0.04231938,-0.02355649
0.7875,-0.03223839,-0.04141683,-0.02256787
0.8,-0.03265661,-0.04149004,-0.02221055
0.8125,-0.03355825,-0.04252370,-0.02251972
0.825,-0.03490768,-0.04449634,-0.02352653
0.8375,-0.03667379,-0.04738255,-0.02525474
0.85,-0.03883134,-0.05115350,-0.02771817
0.8625,-0.04136285,-0.05577554,-0.03091905
0.875,-0.04426087,-0.06120748,-0.03484689
0.8875,-0.04752969,-0.06739794,-0.03947707
0.9,-0.05118543,-0.07428438,-0.04476872
0.9125,-0.05525368,-0.08179499,-0.05066148
0.925,-0.05976418,-0.08985320,-0.05707207
0.9375,-0.06474312,-0.09838260,-0.06389251
0.95,-0.07020424,-0.10730882,-0.07099265
0.9625,-0.07614017,-0.11655562,-0.07822871
0.975,-0.08251422,-0.12603528,-0.08545736
0.9875,-0.08925237,-0.13563782,-0.09255193
1,-0.09623526,-0.14522497,-0.09941517
1.0125,-0.10329275,-0.15463311,-0.10598367
1.025,-0.11020619,-0.16368319,-0.11222184
1.0375,-0.11672428,-0.17219165,-0.11810696
1.05,-0.12259333,-0.17997727,-0.12360901
1.0625,-0.12759563,-0.18686440,-0.12867024
1.075,-0.13158329,-0.19268736,-0.13318981
1.0875,-0.13449541,-0.19729971,-0.13701956
1.1,-0.13635290,-0.20058635,-0.13997613
1.1125,-0.13723376,-0.20247309,-0.14186979
1.125,-0.13723848,-0.20292960,-0.14254364
1.1375,-0.13645706,-0.20196647,-0.14191099
1.15,-0.13494742,-0.19963015,-0.13997820
1.1625,-0.13273049,-0.19599896,-0.13684581
1.175,-0.12980153,-0.19118063,-0.13268873
1.1875,-0.12615211,-0.18530952,-0.12772358
1.2,-0.12179449,-0.17854197,-0.12217358
1.2125,-0.11678007,-0.17104940,-0.11624023
1.225,-0.11120690,-0.16301011,-0.11008691
1.2375,-0.10521526,-0.15460130,-0.10383487
1.25,-0.09897408,-0.14599259,-0.09756888
1.2625,-0.09266302,-0.13734129,-0.09134824
1.275,-0.08645479,-0.12878964,-0.08521885
1.2875,-0.08050121,-0.12046347,-0.07922350
1.3,-0.07492460,-0.11247214,-0.07340854
1.3125,-0.06981437,-0.10490936,-0.06782694
1.325,-0.06522783,-0.09785468,-0.06253813
1.3375,-0.06119384,-0.09137548,-0.05760575
1.35,-0.05771785,-0.08552914,-0.05309440
1.3625,-0.05478755,-0.08036495,-0.04906615
1.375,-0.05237842,-0.07592554,-0.04557761
1.3875,-0.05045900,-0.07224747,-0.04267773
1.4,-0.04899577,-0.06936117,-0.04040645
1.4125,-0.04795734,-0.06729012,-0.03879401
1.425,-0.04731804,-0.06604991,-0.03786072
1.4375,-0.04706050,-0.06564742,-0.03761682
1.45,-0.04717715,-0.06608054,-0.03806240
1.4625,-0.04767061,-0.06733836,-0.03918716
1.475,-0.04855298,-0.06940194,-0.04097019
1.4875,-0.04984437,-0.07224513,-0.04337988
1.5,-0.05157056,-0.07583530,-0.04637414
1.5125,-0.05376011,-0.08013376,-0.04990112
1.525,-0.05644069,-0.08509589,-0.05390051
1.5375,-0.05963450,-0.09067107,-0.05830558
1.55,-0.06335283,-0.09680251,-0.06304585
1.5625,-0.06758995,-0.10342693,-0.06805057
1.575,-0.07231698,-0.11047370,-0.07325264
1.5875,-0.07747678,-0.11786344,-0.07859254
1.6,-0.08298111,-0.12550618,-0.08402121
1.6125,-0.08871113,-0.13329977,-0.08950052
1.625,-0.09452232,-0.14112938,-0.09499999
1.6375,-0.10025406,-0.14886876,-0.10048938
1.65,-0.10574354,-0.15638312,-0.10592780
1.6625,-0.11084206,-0.16353294,-0.11125217
1.675,-0.11543045,-0.17017807,-0.11636821
1.6875,-0.11942939,-0.17618199,-0.12114793
1.7,-0.12280106,-0.18141648,-0.12543586
1.7125,-0.12554079,-0.18576674,-0.12906445
1.725,-0.12766096,-0.18913646,-0.13187619
1.7375,-0.12917257,-0.19145183,-0.13374770
1.75,-0.13007067,-0.19266403,-0.13460937
1.7625,-0.13032883,-0.19275066,-0.13445515
1.775,-0.12990422,-0.19171672,-0.13333959
1.7875,-0.12875158,-0.18959543,-0.13136334
1.8,-0.12684144,-0.18644830,-0.12865199
1.8125,-0.12417686,-0.18236344,-0.12533451
1.825,-0.12080381,-0.17745170,-0.12152703
1.8375,-0.11681250,-0.17184087,-0.11732475
1.85,-0.11232975,-0.16566915,-0.11280206
1.8625,-0.10750504,-0.15907885,-0.10801861
1.875,-0.10249399,-0.15221090,-0.10302795
1.8875,-0.09744334,-0.14520053,-0.09788579
1.9,-0.09247981,-0.13817403,-0.09265568
1.9125,-0.08770416,-0.13124651,-0.08741135
1.925,-0.08319006,-0.12452073,-0.08223564
1.9375,-0.07898648,-0.11808703,-0.07721704
1.95,-0.07512223,-0.11202402,-0.07244485
1.9625,-0.07161130,-0.10639990,-0.06800397
1.975,-0.06845806,-0.10127396,-0.06397049
1.9875,-0.06566179,-0.09669783,-0.06040835
2,-0.06322036,-0.09271624,-0.05736743
2.0125,-0.06113310,-0.08936738,-0.05488298
2.025,-0.05940263,-0.08668265,-0.05297611
2.0375,-0.05803593,-0.08468636,-0.05165506
2.05,-0.05704465,-0.08339533,-0.05091684
2.0625,-0.05644457,-0.08281867,-0.05074902
2.075,-0.05625447,-0.08295782,-0.05113151
2.0875,-0.05649446,-0.08380675,-0.05203827
2.1,-0.05718390,-0.08535220,-0.05343890
2.1125,-0.05833903,-0.08757395,-0.05530016
2.125,-0.05997053,-0.09044496,-0.05758741
2.1375,-0.06208089,-0.09393135,-0.06026597
2.15,-0.06466194,-0.09799238,-0.06330223
2.1625,-0.06769264,-0.10258037,-0.06666442
2.175,-0.07113730,-0.10764062,-0.07032284
2.1875,-0.07494481,-0.11311140,-0.07424937
2.2,-0.07904910,-0.11892379,-0.07841616
2.2125,-0.08337127,-0.12500150,-0.08279319
2.225,-0.08782331,-0.13126078,-0.08734509
2.2375,-0.09231332,-0.13761050,-0.09202714
2.25,-0.09675136,-0.14395262,-0.09678139
2.2625,-0.10105492,-0.15018344,-0.10153355
2.275,-0.10515293,-0.15619531,-0.10619197
2.2875,-0.10898714,-0.16187909,-0.11064976
2.3,-0.11251058,-0.16712675,-0.11479039
2.3125,-0.11568324,-0.17183440,-0.11849661
2.325,-0.11846646,-0.17590525,-0.12166117
2.3375,-0.12081764,-0.17925278,-0.12419729
2.35,-0.12268752,-0.18180398,-0.12604650
2.3625,-0.12402148,-0.18350251,-0.12718189
2.375,-0.12476497,-0.18431171,-0.12760639
2.3875,-0.12487226,-0.18421689,-0.12734659
2.4,-0.12431605,-0.18322670,-0.12644430
2.4125,-0.12309543,-0.18137316,-0.12494813
2.425,-0.12123997,-0.17871024,-0.12290742
2.4375,-0.11880884,-0.17531118,-0.12036957
2.45,-0.11588534,-0.17126481,-0.11738069
2.4625,-0.11256820,-0.16667134,-0.11398861
2.475,-0.10896183,-0.16163802,-0.11024668
2.4875,-0.10516748,-0.15627498,-0.10621666
2.5,-0.10127680,-0.15069166,-0.10197006
2.5125,-0.09736828,-0.14499383,-0.09758716
2.525,-0.09350651,-0.13928151,-0.09315421
2.5375,-0.08974351,-0.13364755,-0.08875949
2.55,-0.08612125,-0.12817702,-0.08448883
2.5625,-0.08267458,-0.12294696,-0.08042157
2.575,-0.07943383,-0.11802655,-0.07662739
2.5875,-0.07642689,-0.11347733,-0.07316430
2.6,-0.07368048,-0.10935347,-0.07007779
2.6125,-0.07122074,-0.10570198,-0.06740113
2.625,-0.06907319,-0.10256284,-0.06515634
2.6375,-0.06726229,-0.09996914,-0.06335579
2.65,-0.06581076,-0.09794703,-0.06200394
2.6625,-0.06473867,-0.09651578,-0.06109919
2.675,-0.06406266,-0.09568774,-0.06063562
2.6875,-0.06379504,-0.09546829,-0.06060439
2.7,-0.06394307,-0.09585584,-0.06099494
2.7125,-0.06450831,-0.09684182,-0.06179573
2.725,-0.06548611,-0.09841081,-0.06299464
2.7375,-0.06686520,-0.10054064,-0.06457894
2.75,-0.06862754,-0.10320261,-0.06653483
2.7625,-0.07074836,-0.10636168,-0.06884667
2.775,-0.07319653,-0.10997671,-0.07149584
2.7875,-0.07593519,-0.11400060,-0.07445940
2.8,-0.07892278,-0.11838039,-0.07770862
2.8125,-0.08211418,-0.12305731,-0.08120761
2.825,-0.08546196,-0.12796682,-0.08491214
2.8375,-0.08891749,-0.13303880,-0.08876901
2.85,-0.09243165,-0.13819781,-0.09271611
2.8625,-0.09595501,-0.14336369,-0.09668344
2.875,-0.09943750,-0.14845240,-0.10059514
2.8875,-0.10282749,-0.15337719,-0.10437243
2.9,-0.10607092,-0.15805010,-0.10793732
2.9125,-0.10911059,-0.16238389,-0.11121635
2.925,-0.11188638,-0.16629425,-0.11414404
2.9375,-0.11433669,-0.16970237,-0.11666527
2.95,-0.11640122,-0.17253775,-0.11873649
2.9625,-0.11802499,-0.17474093,-0.12032554
2.975,-0.11916285,-0.17626612,-0.12141058
2.9875,-0.11978375,-0.17708318,-0.12197862
3,-0.11987383,-0.17717907,-0.12202433
3.0125,-0.11943768,-0.17655839,-0.12154959
3.025,-0.11849750,-0.17524306,-0.12056395
3.0375,-0.11709051,-0.17327117,-0.11908569
3.05,-0.11526505,-0.17069519,-0.11714319
3.0625,-0.11307643,-0.16757953,-0.11477582
3.075,-0.11058308,-0.16399795,-0.11203401
3.0875,-0.10784369,-0.16003073,-0.10897817
3.1,-0.10491539,-0.15576210,-0.10567648
3.1125,-0.10185302,-0.15127774,-0.10220196
3.125,-0.09870913,-0.14666275,-0.09862911
3.1375,-0.09553427,-0.14199988,-0.09503068
3.15,-0.09237737,-0.13736815,-0.09147502
3.1625,-0.08928585,-0.13284182,-0.08802410
3.175,-0.08630545,-0.12848956,-0.08473235
3.1875,-0.08347970,-0.12437405,-0.08164629
3.2,-0.08084919,-0.12055158,-0.07880479
3.2125,-0.07845080,-0.11707200,-0.07623968
3.225,-0.07631687,-0.11397861,-0.07397666
3.2375,-0.07447467,-0.11130825,-0.07203624
3.25,-0.07294592,-0.10909126,-0.07043462
3.2625,-0.07174673,-0.10735159,-0.06918442
3.275,-0.07088763,-0.10610679,-0.06829522
3.2875,-0.07037392,-0.10536805,-0.06777384
3.3,-0.07020605,-0.10514025,-0.06762443
3.3125,-0.07038016,-0.10542204,-0.06784826
3.325,-0.07088864,-0.10620594,-0.06844343
3.3375,-0.07172063,-0.10747846,-0.06940428
3.35,-0.07286249,-0.10922032,-0.07072092
3.3625,-0.07429816,-0.11140656,-0.07237852
3.375,-0.07600935,-0.11400673,-0.07435690
3.3875,-0.07797561,-0.11698504,-0.07663009
3.4,-0.08017416,-0.12030051,-0.07916620
3.4125,-0.08257958,-0.12390706,-0.08192765
3.425,-0.08516327,-0.12775368,-0.08487160
3.4375,-0.08789280,-0.13178462,-0.08795081
3.45,-0.09073135,-0.13593961,-0.09111478
3.4625,-0.09363715,-0.14015434,-0.09431101
3.475,-0.09656341,-0.14436103,-0.09748634
3.4875,-0.09945861,-0.14848932,-0.10058817
3.5,-0.10226754,-0.15246744,-0.10356532
