# oomph-lib reference: vertical wall displacement (m) at 25%, 50% and 75% of the elastic wall
# Richardson extrapolation in time of trace_dt320.dat and trace_dt640.dat
# largest Richardson correction: 1.280e-04 m
time,wallQuarter,wallMid,wallThreeQuarter
0,0.00000000,0.00000000,0.00000000
0.003125,0.00000003,0.00000000,0.00000000
0.00625,0.00000117,0.00000012,0.00000001
0.009375,0.00000711,0.00000068,-0.00000002
0.0125,0.00001896,0.00000046,-0.00000042
0.015625,0.00003501,-0.00000281,-0.00000139
0.01875,0.00005358,-0.00000858,-0.00000173
0.021875,0.00007332,-0.00001441,-0.00000040
0.025,0.00009307,-0.00001831,0.00000078
0.028125,0.00011173,-0.00001928,-0.00000198
0.03125,0.00012835,-0.00001655,-0.00001124
0.034375,0.00014207,-0.00000925,-0.00002653
0.0375,0.00015171,0.00000269,-0.00004576
0.040625,0.00015590,0.00001776,-0.00006768
0.04375,0.00015406,0.00003412,-0.00009263
0.046875,0.00014687,0.00005118,-0.00012181
0.05,0.00013465,0.00006952,-0.00015646
0.053125,0.00011578,0.00008981,-0.00019751
0.05625,0.00008704,0.00011218,-0.00024539
0.059375,0.00004580,0.00013638,-0.00030014
0.0625,-0.00000847,0.00016168,-0.00036171
0.065625,-0.00007467,0.00018619,-0.00043039
0.06875,-0.00015156,0.00020683,-0.00050640
0.071875,-0.00023878,0.00022023,-0.00058911
0.075,-0.00033695,0.00022376,-0.00067698
0.078125,-0.00044722,0.00021574,-0.00076876
0.08125,-0.00057073,0.00019490,-0.00086473
0.084375,-0.00070819,0.00016013,-0.00096656
0.0875,-0.00085990,0.00011019,-0.00107586
0.090625,-0.00102611,0.00004351,-0.00119299
0.09375,-0.00120742,-0.00004239,-0.00131691
0.096875,-0.00140443,-0.00015077,-0.00144608
0.1,-0.00161714,-0.00028509,-0.00157944
0.103125,-0.00184491,-0.00044815,-0.00171692
0.10625,-0.00208737,-0.00064180,-0.00185935
0.109375,-0.00234527,-0.00086700,-0.00200799
0.1125,-0.00262068,-0.00112406,-0.00216399
0.115625,-0.00291603,-0.00141295,-0.00232831
0.11875,-0.00323309,-0.00173388,-0.00250192
0.121875,-0.00357252,-0.00208767,-0.00268597
0.125,-0.00393426,-0.00247595,-0.00288157
0.128125,-0.00431827,-0.00290062,-0.00308930
0.13125,-0.00472507,-0.00336329,-0.00330922
0.134375,-0.00515594,-0.00386492,-0.00354145
0.1375,-0.00561252,-0.00440569,-0.00378702
0.140625,-0.00609643,-0.00498515,-0.00404801
0.14375,-0.00660900,-0.00560256,-0.00432699
0.146875,-0.00715149,-0.00625739,-0.00462611
0.15,-0.00772507,-0.00694986,-0.00494662
0.153125,-0.00833069,-0.00768109,-0.00528883
0.15625,-0.00896863,-0.00845283,-0.00565275
0.159375,-0.00963857,-0.00926704,-0.00603863
0.1625,-0.01033990,-0.01012541,-0.00644730
0.165625,-0.01107252,-0.01102909,-0.00687999
0.16875,-0.01183700,-0.01197867,-0.00733800
0.171875,-0.01263445,-0.01297437,-0.00782255
0.175,-0.01346572,-0.01401652,-0.00833477
0.178125,-0.01433092,-0.01510607,-0.00887570
0.18125,-0.01522923,-0.01624474,-0.00944615
0.184375,-0.01615934,-0.01743494,-0.01004637
0.1875,-0.01711987,-0.01867932,-0.01067606
0.190625,-0.01810985,-0.01998035,-0.01133474
0.19375,-0.01912862,-0.02133986,-0.01202234
0.196875,-0.02017577,-0.02275890,-0.01273959
0.2,-0.02125092,-0.02423784,-0.01348793
0.203125,-0.02235376,-0.02577670,-0.01426900
0.20625,-0.02348401,-0.02737559,-0.01508408
0.209375,-0.02464128,-0.02903499,-0.01593381
0.2125,-0.02582482,-0.03075575,-0.01681846
0.215625,-0.02703344,-0.03253879,-0.01773832
0.21875,-0.02826580,-0.03438470,-0.01869406
0.221875,-0.02952088,-0.03629330,-0.01968687
0.225,-0.03079834,-0.03826344,-0.02071832
0.228125,-0.03209856,-0.04029304,-0.02179025
0.23125,-0.03342222,-0.04237950,-0.02290471
0.234375,-0.03476973,-0.04452008,-0.02406379
0.2375,-0.03614099,-0.04671237,-0.02526943
0.240625,-0.03753538,-0.04895433,-0.02652318
0.24375,-0.03895214,-0.05124420,-0.02782609
0.246875,-0.04039062,-0.05358008,-0.02917897
0.25,-0.04185047,-0.05595961,-0.03058278
0.253125,-0.04333154,-0.05837978,-0.03203901
0.25625,-0.04483379,-0.06083703,-0.03354961
0.259375,-0.04635719,-0.06332762,-0.03511662
0.2625,-0.04790170,-0.06584820,-0.03674168
0.265625,-0.04946695,-0.06839610,-0.03842564
0.26875,-0.05105208,-0.07096947,-0.04016863
0.271875,-0.05265566,-0.07356709,-0.04197032
0.275,-0.05427600,-0.07618815,-0.04383022
0.278125,-0.05591148,-0.07883185,-0.04574776
0.28125,-0.05756088,-0.08149721,-0.04772218
0.284375,-0.05922326,-0.08418327,-0.04975243
0.2875,-0.06089761,-0.08688940,-0.05183705
0.290625,-0.06258246,-0.08961568,-0.05397405
0.29375,-0.06427579,-0.09236303,-0.05616075
0.296875,-0.06597522,-0.09513301,-0.05839373
0.3,-0.06767851,-0.09792736,-0.06066907
0.303125,-0.06938388,-0.10074748,-0.06298277
0.30625,-0.07109015,-0.10359391,-0.06533120
0.309375,-0.07279668,-0.10646629,-0.06771117
0.3125,-0.07450333,-0.10936353,-0.07011964
0.315625,-0.07621032,-0.11228419,-0.07255333
0.31875,-0.07791814,-0.11522667,-0.07500831
0.321875,-0.07962748,-0.11818915,-0.07748029
0.325,-0.08133938,-0.12116921,-0.07996487
0.328125,-0.08305553,-0.12416340,-0.08245802
0.33125,-0.08477852,-0.12716702,-0.08495608
0.334375,-0.08651169,-0.13017438,-0.08745569
0.3375,-0.08825867,-0.13317938,-0.08995340
0.340625,-0.09002268,-0.13617626,-0.09244541
0.34375,-0.09180615,-0.13916009,-0.09492739
0.346875,-0.09361076,-0.14212678,-0.09739443
0.35,-0.09543768,-0.14507287,-0.09984128
0.353125,-0.09728790,-0.14799522,-0.10226259
0.35625,-0.09916200,-0.15089106,-0.10465306
0.359375,-0.10105990,-0.15375830,-0.10700721
0.3625,-0.10298048,-0.15659610,-0.10931904
0.365625,-0.10492143,-0.15940494,-0.11158175
0.36875,-0.10687943,-0.16218627,-0.11378820
0.371875,-0.10885051,-0.16494156,-0.11593162
0.375,-0.11083052,-0.16767143,-0.11800642
0.378125,-0.11281546,-0.17037504,-0.12000852
0.38125,-0.11480135,-0.17305014,-0.12193522
0.384375,-0.11678404,-0.17569335,-0.12378480
0.3875,-0.11875895,-0.17830038,-0.12555643
0.390625,-0.12072130,-0.18086583,-0.12725013
0.39375,-0.12266656,-0.18338281,-0.12886711
0.396875,-0.12459071,-0.18584279,-0.13040986
0.4,-0.12648996,-0.18823613,-0.13188195
0.403125,-0.12836008,-0.19055313,-0.13328748
0.40625,-0.13019563,-0.19278516,-0.13463048
0.409375,-0.13198973,-0.19492531,-0.13591450
0.4125,-0.13373423,-0.19696844,-0.13714273
0.415625,-0.13542014,-0.19891091,-0.13831814
0.41875,-0.13703795,-0.20075043,-0.13944351
0.421875,-0.13857776,-0.20248627,-0.14052088
0.425,-0.14002926,-0.20411944,-0.14155116
0.428125,-0.14138206,-0.20565240,-0.14253395
0.43125,-0.14262628,-0.20708806,-0.14346815
0.434375,-0.14375342,-0.20842856,-0.14435273
0.4375,-0.14475693,-0.20967424,-0.14518730
0.440625,-0.14563242,-0.21082344,-0.14597218
0.44375,-0.14637740,-0.21187276,-0.14670801
0.446875,-0.14699114,-0.21281755,-0.14739536
0.45,-0.14747467,-0.21365211,-0.14803448
0.453125,-0.14783102,-0.21436986,-0.14862527
0.45625,-0.14806504,-0.21496377,-0.14916714
0.459375,-0.14818283,-0.21542734,-0.14965866
0.4625,-0.14819087,-0.21575572,-0.15009706
0.465625,-0.14809528,-0.21594661,-0.15047798
0.46875,-0.14790149,-0.21600047,-0.15079562
0.471875,-0.14761441,-0.21592011,-0.15104327
0.475,-0.14723865,-0.21571013,-0.15121367
0.478125,-0.14677867,-0.21537643,-0.15129933
0.48125,-0.14623884,-0.21492587,-0.15129244
0.484375,-0.14562355,-0.21436574,-0.15118513
0.4875,-0.14493749,-0.21370289,-0.15097002
0.490625,-0.14418599,-0.21294279,-0.15064092
0.49375,-0.14337524,-0.21208880,-0.15019353
0.496875,-0.14251211,-0.21114213,-0.14962561
0.5,-0.14160370,-0.21010217,-0.14893687
0.503125,-0.14065691,-0.20896724,-0.14812863
0.50625,-0.13967808,-0.20773513,-0.14720345
0.509375,-0.13867291,-0.20640359,-0.14616491
0.5125,-0.13764626,-0.20497088,-0.14501735
0.515625,-0.13660186,-0.20343632,-0.14376552
0.51875,-0.13554198,-0.20180092,-0.14241421
0.521875,-0.13446710,-0.20006776,-0.14096803
0.525,-0.13337596,-0.19824197,-0.13943146
0.528125,-0.13226582,-0.19633021,-0.13780903
0.53125,-0.13113292,-0.19434007,-0.13610561
0.534375,-0.12997294,-0.19227946,-0.13432655
0.5375,-0.12878138,-0.19015615,-0.13247762
0.540625,-0.12755383,-0.18797740,-0.13056493
0.54375,-0.12628637,-0.18574962,-0.12859490
0.546875,-0.12497580,-0.18347796,-0.12657436
0.55,-0.12361996,-0.18116610,-0.12451062
0.553125,-0.12221775,-0.17881612,-0.12241152
0.55625,-0.12076907,-0.17642885,-0.12028529
0.559375,-0.11927456,-0.17400420,-0.11814027
0.5625,-0.11773539,-0.17154176,-0.11598461
0.565625,-0.11615302,-0.16904117,-0.11382600
0.56875,-0.11452914,-0.16650247,-0.11167141
0.571875,-0.11286563,-0.16392635,-0.10952702
0.575,-0.11116443,-0.16131432,-0.10739803
0.578125,-0.10942749,-0.15866891,-0.10528855
0.58125,-0.10765660,-0.15599376,-0.10320151
0.584375,-0.10585342,-0.15329360,-0.10113877
0.5875,-0.10401945,-0.15057398,-0.09910121
0.590625,-0.10215621,-0.14784102,-0.09708903
0.59375,-0.10026535,-0.14510096,-0.09510195
0.596875,-0.09834880,-0.14235990,-0.09313945
0.6,-0.09640885,-0.13962352,-0.09120086
0.603125,-0.09444820,-0.13689693,-0.08928547
0.60625,-0.09246997,-0.13418457,-0.08739255
0.609375,-0.09047774,-0.13149012,-0.08552142
0.6125,-0.08847556,-0.12881638,-0.08367157
0.615625,-0.08646795,-0.12616530,-0.08184265
0.61875,-0.08445979,-0.12353801,-0.08003457
0.621875,-0.08245628,-0.12093493,-0.07824746
0.625,-0.08046271,-0.11835598,-0.07648163
0.628125,-0.07848438,-0.11580081,-0.07473748
0.63125,-0.07652637,-0.11326895,-0.07301547
0.634375,-0.07459352,-0.11076001,-0.07131600
0.6375,-0.07269031,-0.10827376,-0.06963947
0.640625,-0.07082087,-0.10581021,-0.06798618
0.64375,-0.06898888,-0.10336970,-0.06635634
0.646875,-0.06719758,-0.10095295,-0.06475000
0.65,-0.06544970,-0.09856111,-0.06316704
0.653125,-0.06374747,-0.09619580,-0.06160713
0.65625,-0.06209264,-0.09385908,-0.06006979
0.659375,-0.06048647,-0.09155333,-0.05855436
0.6625,-0.05892983,-0.08928123,-0.05706013
0.665625,-0.05742324,-0.08704557,-0.05558640
0.66875,-0.05596700,-0.08484916,-0.05413254
0.671875,-0.05456117,-0.08269475,-0.05269802
0.675,-0.05320566,-0.08058496,-0.05128249
0.678125,-0.05190024,-0.07852221,-0.04988572
0.68125,-0.05064461,-0.07650870,-0.04850766
0.684375,-0.04943839,-0.07454637,-0.04714844
0.6875,-0.04828123,-0.07263683,-0.04580837
0.690625,-0.04717277,-0.07078134,-0.04448800
0.69375,-0.04611275,-0.06898079,-0.04318805
0.696875,-0.04510093,-0.06723573,-0.04190947
0.7,-0.04413717,-0.06554637,-0.04065337
0.703125,-0.04322133,-0.06391266,-0.03942101
0.70625,-0.04235328,-0.06233434,-0.03821375
0.709375,-0.04153288,-0.06081102,-0.03703304
0.7125,-0.04075992,-0.05934220,-0.03588037
0.715625,-0.04003416,-0.05792734,-0.03475726
0.71875,-0.03935527,-0.05656585,-0.03366527
0.721875,-0.03872286,-0.05525719,-0.03260595
0.725,-0.03813644,-0.05400084,-0.03158084
0.728125,-0.03759543,-0.05279640,-0.03059142
0.73125,-0.03709906,-0.05164364,-0.02963909
0.734375,-0.03664647,-0.05054250,-0.02872511
0.7375,-0.03623659,-0.04949316,-0.02785062
0.740625,-0.03586824,-0.04849600,-0.02701661
0.74375,-0.03554006,-0.04755162,-0.02622394
0.746875,-0.03525060,-0.04666081,-0.02547334
0.75,-0.03499831,-0.04582450,-0.02476543
0.753125,-0.03478155,-0.04504374,-0.02410074
0.75625,-0.03459864,-0.04431969,-0.02347971
0.759375,-0.03444786,-0.04365356,-0.02290273
0.7625,-0.03432744,-0.04304665,-0.02237011
0.765625,-0.03423563,-0.04250023,-0.02188212
0.76875,-0.03417070,-0.04201556,-0.02143900
0.771875,-0.03413096,-0.04159380,-0.02104102
0.775,-0.03411486,-0.04123599,-0.02068845
0.778125,-0.03412092,-0.04094299,-0.02038162
0.78125,-0.03414787,-0.04071543,-0.02012093
0.784375,-0.03419455,-0.04055373,-0.01990681
0.7875,-0.03426001,-0.04045809,-0.01973978
0.790625,-0.03434344,-0.04042845,-0.01962037
0.79375,-0.03444421,-0.04046458,-0.01954917
0.796875,-0.03456186,-0.04056601,-0.01952678
0.8,-0.03469610,-0.04073204,-0.01955383
0.803125,-0.03484681,-0.04096182,-0.01963100
0.80625,-0.03501404,-0.04125426,-0.01975895
0.809375,-0.03519797,-0.04160815,-0.01993840
0.8125,-0.03539894,-0.04202215,-0.02017002
0.815625,-0.03561735,-0.04249483,-0.02045445
0.81875,-0.03585370,-0.04302477,-0.02079229
0.821875,-0.03610852,-0.04361057,-0.02118400
0.825,-0.03638234,-0.04425090,-0.02162996
0.828125,-0.03667573,-0.04494453,-0.02213040
0.83125,-0.03698922,-0.04569036,-0.02268543
0.834375,-0.03732335,-0.04648740,-0.02329498
0.8375,-0.03767860,-0.04733485,-0.02395883
0.840625,-0.03805546,-0.04823208,-0.02467656
0.84375,-0.03845433,-0.04917864,-0.02544761
0.846875,-0.03887557,-0.05017430,-0.02627117
0.85,-0.03931949,-0.05121900,-0.02714628
0.853125,-0.03978633,-0.05231289,-0.02807176
0.85625,-0.04027631,-0.05345624,-0.02904633
0.859375,-0.04078965,-0.05464940,-0.03006853
0.8625,-0.04132656,-0.05589278,-0.03113683
0.865625,-0.04188732,-0.05718680,-0.03224963
0.86875,-0.04247224,-0.05853180,-0.03340528
0.871875,-0.04308172,-0.05992804,-0.03460210
0.875,-0.04371625,-0.06137567,-0.03583841
0.878125,-0.04437643,-0.06287468,-0.03711251
0.88125,-0.04506297,-0.06442485,-0.03842271
0.884375,-0.04577676,-0.06602571,-0.03976738
0.8875,-0.04651881,-0.06767654,-0.04114493
0.890625,-0.04729035,-0.06937631,-0.04255383
0.89375,-0.04809274,-0.07112369,-0.04399263
0.896875,-0.04892752,-0.07291706,-0.04545992
0.9,-0.04979636,-0.07475453,-0.04695438
0.903125,-0.05070100,-0.07663401,-0.04847470
0.90625,-0.05164327,-0.07855321,-0.05001958
0.909375,-0.05262498,-0.08050976,-0.05158774
0.9125,-0.05364792,-0.08250121,-0.05317787
0.915625,-0.05471381,-0.08452510,-0.05478865
0.91875,-0.05582423,-0.08657906,-0.05641868
0.921875,-0.05698058,-0.08866083,-0.05806646
0.925,-0.05818402,-0.09076840,-0.05973039
0.928125,-0.05943542,-0.09290006,-0.06140869
0.93125,-0.06073531,-0.09505442,-0.06309941
0.934375,-0.06208384,-0.09723052,-0.06480040
0.9375,-0.06348076,-0.09942774,-0.06650935
0.940625,-0.06492546,-0.10164585,-0.06822378
0.94375,-0.06641691,-0.10388491,-0.06994114
0.946875,-0.06795375,-0.10614522,-0.07165885
0.95,-0.06953426,-0.10842723,-0.07337433
0.953125,-0.07115643,-0.11073143,-0.07508511
0.95625,-0.07281795,-0.11305825,-0.07678888
0.959375,-0.07451633,-0.11540790,-0.07848357
0.9625,-0.07624890,-0.11778026,-0.08016743
0.965625,-0.07801292,-0.12017474,-0.08183910
0.96875,-0.07980562,-0.12259016,-0.08349767
0.971875,-0.08162427,-0.12502465,-0.08514268
0.975,-0.08346613,-0.12747568,-0.08677414
0.978125,-0.08532851,-0.12994002,-0.08839254
0.98125,-0.08720870,-0.13241383,-0.08999876
0.984375,-0.08910394,-0.13489274,-0.09159408
0.9875,-0.09101134,-0.13737199,-0.09318005
0.990625,-0.09292782,-0.13984658,-0.09475851
0.99375,-0.09485003,-0.14231145,-0.09633140
0.996875,-0.09677423,-0.14476175,-0.09790069
1,-0.09869627,-0.14719298,-0.09946822
1.003125,-0.10061146,-0.14960126,-0.10103558
1.00625,-0.10251461,-0.15198343,-0.10260399
1.009375,-0.10440004,-0.15433710,-0.10417418
1.0125,-0.10626168,-0.15666071,-0.10574642
1.015625,-0.10809317,-0.15895338,-0.10732044
1.01875,-0.10988798,-0.16121476,-0.10889553
1.021875,-0.11163964,-0.16344486,-0.11047058
1.025,-0.11334187,-0.16564375,-0.11204419
1.028125,-0.11498882,-0.16781128,-0.11361474
1.03125,-0.11657526,-0.16994678,-0.11518055
1.034375,-0.11809683,-0.17204883,-0.11673993
1.0375,-0.11955013,-0.17411501,-0.11829125
1.040625,-0.12093292,-0.17614187,-0.11983288
1.04375,-0.12224405,-0.17812496,-0.12136317
1.046875,-0.12348351,-0.18005898,-0.12288030
1.05,-0.12465224,-0.18193801,-0.12438222
1.053125,-0.12575203,-0.18375586,-0.12586651
1.05625,-0.12678523,-0.18550641,-0.12733024
1.059375,-0.12775455,-0.18718403,-0.12876991
1.0625,-0.12866280,-0.18878395,-0.13018129
1.065625,-0.12951269,-0.19030256,-0.13155938
1.06875,-0.13030666,-0.19173760,-0.13289836
1.071875,-0.13104683,-0.19308821,-0.13419165
1.075,-0.13173499,-0.19435478,-0.13543200
1.078125,-0.13237274,-0.19553873,-0.13661172
1.08125,-0.13296148,-0.19664208,-0.13772294
1.084375,-0.13350265,-0.19766709,-0.13875793
1.0875,-0.13399777,-0.19861570,-0.13970941
1.090625,-0.13444858,-0.19948919,-0.14057093
1.09375,-0.13485711,-0.20028781,-0.14133709
1.096875,-0.13522570,-0.20101055,-0.14200373
1.1,-0.13555695,-0.20165517,-0.14256802
1.103125,-0.13585359,-0.20221834,-0.14302837
1.10625,-0.13611828,-0.20269596,-0.14338432
1.109375,-0.13635340,-0.20308363,-0.14363638
1.1125,-0.13656072,-0.20337709,-0.14378580
1.115625,-0.13674117,-0.20357270,-0.14383443
1.11875,-0.13689462,-0.20366786,-0.14378452
1.121875,-0.13701971,-0.20366131,-0.14363860
1.125,-0.13711382,-0.20355328,-0.14339939
1.128125,-0.13717317,-0.20334544,-0.14306974
1.13125,-0.13719295,-0.20304074,-0.14265262
1.134375,-0.13716770,-0.20264302,-0.14215116
1.1375,-0.13709159,-0.20215660,-0.14156876
1.140625,-0.13695883,-0.20158580,-0.14090915
1.14375,-0.13676394,-0.20093448,-0.14017654
1.146875,-0.13650206,-0.20020573,-0.13937568
1.15,-0.13616917,-0.19940160,-0.13851188
1.153125,-0.13576215,-0.19852301,-0.13759100
1.15625,-0.13527892,-0.19756985,-0.13661932
1.159375,-0.13471832,-0.19654123,-0.13560332
1.1625,-0.13408006,-0.19543580,-0.13454943
1.165625,-0.13336455,-0.19425219,-0.13346376
1.16875,-0.13257277,-0.19298941,-0.13235180
1.171875,-0.13170604,-0.19164726,-0.13121826
1.175,-0.13076593,-0.19022655,-0.13006688
1.178125,-0.12975412,-0.18872932,-0.12890039
1.18125,-0.12867235,-0.18715883,-0.12772052
1.184375,-0.12752243,-0.18551947,-0.12652803
1.1875,-0.12630629,-0.18381652,-0.12532290
1.190625,-0.12502610,-0.18205588,-0.12410441
1.19375,-0.12368439,-0.18024371,-0.12287138
1.196875,-0.12228422,-0.17838603,-0.12162236
1.2,-0.12082924,-0.17648844,-0.12035578
1.203125,-0.11932375,-0.17455587,-0.11907011
1.20625,-0.11777275,-0.17259238,-0.11776405
1.209375,-0.11618184,-0.17060113,-0.11643658
1.2125,-0.11455714,-0.16858438,-0.11508703
1.215625,-0.11290516,-0.16654362,-0.11371511
1.21875,-0.11123261,-0.16447974,-0.11232084
1.221875,-0.10954624,-0.16239327,-0.11090453
1.225,-0.10785262,-0.16028468,-0.10946663
1.228125,-0.10615800,-0.15815453,-0.10800770
1.23125,-0.10446814,-0.15600378,-0.10652825
1.234375,-0.10278821,-0.15383388,-0.10502877
1.2375,-0.10112271,-0.15164689,-0.10350962
1.240625,-0.09947539,-0.14944550,-0.10197109
1.24375,-0.09784929,-0.14723297,-0.10041339
1.246875,-0.09624678,-0.14501308,-0.09883676
1.25,-0.09466958,-0.14278994,-0.09724145
1.253125,-0.09311888,-0.14056788,-0.09562789
1.25625,-0.09159544,-0.13835121,-0.09399670
1.259375,-0.09009972,-0.13614408,-0.09234875
1.2625,-0.08863196,-0.13395031,-0.09068527
1.265625,-0.08719228,-0.13177329,-0.08900779
1.26875,-0.08578080,-0.12961585,-0.08731826
1.271875,-0.08439761,-0.12748024,-0.08561895
1.275,-0.08304289,-0.12536815,-0.08391252
1.278125,-0.08171685,-0.12328066,-0.08220193
1.28125,-0.08041976,-0.12121839,-0.08049041
1.284375,-0.07915193,-0.11918153,-0.07878143
1.2875,-0.07791365,-0.11716997,-0.07707857
1.290625,-0.07670518,-0.11518341,-0.07538552
1.29375,-0.07552668,-0.11322150,-0.07370596
1.296875,-0.07437819,-0.11128392,-0.07204347
1.3,-0.07325959,-0.10937049,-0.07040151
1.303125,-0.07217061,-0.10748127,-0.06878332
1.30625,-0.07111075,-0.10561662,-0.06719188
1.309375,-0.07007934,-0.10377718,-0.06562993
1.3125,-0.06907551,-0.10196395,-0.06409987
1.315625,-0.06809825,-0.10017825,-0.06260382
1.31875,-0.06714635,-0.09842168,-0.06114364
1.321875,-0.06621854,-0.09669608,-0.05972088
1.325,-0.06531346,-0.09500347,-0.05833688
1.328125,-0.06442971,-0.09334600,-0.05699279
1.33125,-0.06356591,-0.09172585,-0.05568956
1.334375,-0.06272075,-0.09014514,-0.05442804
1.3375,-0.06189302,-0.08860592,-0.05320897
1.340625,-0.06108165,-0.08711008,-0.05203302
1.34375,-0.06028573,-0.08565929,-0.05090081
1.346875,-0.05950455,-0.08425497,-0.04981295
1.35,-0.05873762,-0.08289831,-0.04877002
1.353125,-0.05798464,-0.08159017,-0.04777259
1.35625,-0.05724556,-0.08033119,-0.04682124
1.359375,-0.05652050,-0.07912170,-0.04591654
1.3625,-0.05580980,-0.07796181,-0.04505905
1.365625,-0.05511397,-0.07685143,-0.04424931
1.36875,-0.05443366,-0.07579030,-0.04348783
1.371875,-0.05376965,-0.07477804,-0.04277507
1.375,-0.05312279,-0.07381420,-0.04211142
1.378125,-0.05249402,-0.07289829,-0.04149718
1.38125,-0.05188430,-0.07202986,-0.04093255
1.384375,-0.05129458,-0.07120852,-0.04041761
1.3875,-0.05072584,-0.07043397,-0.03995230
1.390625,-0.05017897,-0.06970605,-0.03953642
1.39375,-0.04965484,-0.06902473,-0.03916961
1.396875,-0.04915426,-0.06839018,-0.03885134
1.4,-0.04867795,-0.06780270,-0.03858096
1.403125,-0.04822657,-0.06726280,-0.03835764
1.40625,-0.04780071,-0.06677111,-0.03818043
1.409375,-0.04740088,-0.06632840,-0.03804824
1.4125,-0.04702757,-0.06593556,-0.03795991
1.415625,-0.04668118,-0.06559355,-0.03791418
1.41875,-0.04636214,-0.06530333,-0.03790976
1.421875,-0.04607082,-0.06506592,-0.03794530
1.425,-0.04580764,-0.06488225,-0.03801947
1.428125,-0.04557301,-0.06475321,-0.03813094
1.43125,-0.04536741,-0.06467956,-0.03827842
1.434375,-0.04519136,-0.06466191,-0.03846068
1.4375,-0.04504544,-0.06470073,-0.03867654
1.440625,-0.04493033,-0.06479628,-0.03892493
1.44375,-0.04484678,-0.06494862,-0.03920485
1.446875,-0.04479561,-0.06515761,-0.03951540
1.45,-0.04477772,-0.06542289,-0.03985577
1.453125,-0.04479409,-0.06574391,-0.04022527
1.45625,-0.04484576,-0.06611993,-0.04062328
1.459375,-0.04493380,-0.06655004,-0.04104929
1.4625,-0.04505929,-0.06703321,-0.04150284
1.465625,-0.04522333,-0.06756830,-0.04198355
1.46875,-0.04542700,-0.06815407,-0.04249109
1.471875,-0.04567132,-0.06878929,-0.04302517
1.475,-0.04595724,-0.06947269,-0.04358549
1.478125,-0.04628561,-0.07020308,-0.04417177
1.48125,-0.04665718,-0.07097932,-0.04478372
1.484375,-0.04707253,-0.07180037,-0.04542099
1.4875,-0.04753211,-0.07266535,-0.04608322
1.490625,-0.04803617,-0.07357350,-0.04676998
1.49375,-0.04858483,-0.07452424,-0.04748078
1.496875,-0.04917796,-0.07551715,-0.04821508
1.5,-0.04981529,-0.07655195,-0.04897231
1.503125,-0.05049636,-0.07762851,-0.04975185
1.50625,-0.05122053,-0.07874680,-0.05055305
1.509375,-0.05198701,-0.07990691,-0.05137526
1.5125,-0.05279486,-0.08110893,-0.05221786
1.515625,-0.05364303,-0.08235299,-0.05308026
1.51875,-0.05453037,-0.08363915,-0.05396191
1.521875,-0.05545566,-0.08496739,-0.05486239
1.525,-0.05641761,-0.08633757,-0.05578133
1.528125,-0.05741492,-0.08774935,-0.05671853
1.53125,-0.05844629,-0.08920218,-0.05767388
1.534375,-0.05951041,-0.09069530,-0.05864745
1.5375,-0.06060599,-0.09222767,-0.05963944
1.540625,-0.06173179,-0.09379800,-0.06065019
1.54375,-0.06288655,-0.09540472,-0.06168018
1.546875,-0.06406904,-0.09704605,-0.06273003
1.55,-0.06527805,-0.09872000,-0.06380045
1.553125,-0.06651232,-0.10042440,-0.06489225
1.55625,-0.06777056,-0.10215697,-0.06600625
1.559375,-0.06905140,-0.10391539,-0.06714333
1.5625,-0.07035336,-0.10569734,-0.06830430
1.565625,-0.07167486,-0.10750060,-0.06948991
1.56875,-0.07301413,-0.10932307,-0.07070081
1.571875,-0.07436926,-0.11116286,-0.07193746
1.575,-0.07573816,-0.11301830,-0.07320017
1.578125,-0.07711856,-0.11488802,-0.07448901
1.58125,-0.07850801,-0.11677089,-0.07580381
1.584375,-0.07990394,-0.11866606,-0.07714419
1.5875,-0.08130364,-0.12057291,-0.07850951
1.590625,-0.08270436,-0.12249099,-0.07989892
1.59375,-0.08410331,-0.12441996,-0.08131138
1.596875,-0.08549776,-0.12635949,-0.08274567
1.6,-0.08688508,-0.12830917,-0.08420048
1.603125,-0.08826286,-0.13026842,-0.08567435
1.60625,-0.08962889,-0.13223641,-0.08716581
1.609375,-0.09098129,-0.13421193,-0.08867331
1.6125,-0.09231851,-0.13619340,-0.09019529
1.615625,-0.09363941,-0.13817881,-0.09173014
1.61875,-0.09494320,-0.14016568,-0.09327625
1.621875,-0.09622952,-0.14215116,-0.09483193
1.625,-0.09749832,-0.14413205,-0.09639544
1.628125,-0.09874986,-0.14610488,-0.09796491
1.63125,-0.09998462,-0.14806608,-0.09953831
1.634375,-0.10120325,-0.15001204,-0.10111339
1.6375,-0.10240644,-0.15193933,-0.10268766
1.640625,-0.10359488,-0.15384477,-0.10425833
1.64375,-0.10476917,-0.15572555,-0.10582224
1.646875,-0.10592975,-0.15757935,-0.10737591
1.65,-0.10707690,-0.15940432,-0.10891551
1.653125,-0.10821067,-0.16119915,-0.11043686
1.65625,-0.10933092,-0.16296293,-0.11193558
1.659375,-0.11043733,-0.16469512,-0.11340706
1.6625,-0.11152946,-0.16639537,-0.11484669
1.665625,-0.11260676,-0.16806336,-0.11624989
1.66875,-0.11366868,-0.16969863,-0.11761229
1.671875,-0.11471468,-0.17130041,-0.11892983
1.675,-0.11574431,-0.17286747,-0.12019889
1.678125,-0.11675720,-0.17439803,-0.12141632
1.68125,-0.11775310,-0.17588973,-0.12257951
1.684375,-0.11873181,-0.17733963,-0.12368644
1.6875,-0.11969315,-0.17874431,-0.12473559
1.690625,-0.12063687,-0.18010000,-0.12572597
1.69375,-0.12156251,-0.18140280,-0.12665699
1.696875,-0.12246932,-0.18264883,-0.12752846
1.7,-0.12335613,-0.18383451,-0.12834043
1.703125,-0.12422125,-0.18495672,-0.12909316
1.70625,-0.12506244,-0.18601296,-0.12978701
1.709375,-0.12587684,-0.18700144,-0.13042243
1.7125,-0.12666106,-0.18792113,-0.13099986
1.715625,-0.12741120,-0.18877165,-0.13151978
1.71875,-0.12812301,-0.18955317,-0.13198271
1.721875,-0.12879203,-0.19026625,-0.13238927
1.725,-0.12941376,-0.19091158,-0.13274022
1.728125,-0.12998380,-0.19148979,-0.13303657
1.73125,-0.13049808,-0.19200120,-0.13327958
1.734375,-0.13095293,-0.19244571,-0.13347086
1.7375,-0.13134526,-0.19282267,-0.13361231
1.740625,-0.13167254,-0.19313089,-0.13370611
1.74375,-0.13193291,-0.19336870,-0.13375461
1.746875,-0.13212511,-0.19353410,-0.13376023
1.75,-0.13224842,-0.19362496,-0.13372533
1.753125,-0.13230258,-0.19363925,-0.13365207
1.75625,-0.13228770,-0.19357529,-0.13354229
1.759375,-0.13220416,-0.19343197,-0.13339739
1.7625,-0.13205251,-0.19320886,-0.13321825
1.765625,-0.13183342,-0.19290638,-0.13300521
1.76875,-0.13154767,-0.19252574,-0.13275805
1.771875,-0.13119616,-0.19206894,-0.13247605
1.775,-0.13077998,-0.19153856,-0.13215804
1.778125,-0.13030046,-0.19093763,-0.13180254
1.78125,-0.12975925,-0.19026934,-0.13140783
1.784375,-0.12915841,-0.18953689,-0.13097213
1.7875,-0.12850046,-0.18874320,-0.13049374
1.790625,-0.12778838,-0.18789080,-0.12997112
1.79375,-0.12702563,-0.18698174,-0.12940302
1.796875,-0.12621611,-0.18601752,-0.12878849
1.8,-0.12536405,-0.18499916,-0.12812694
1.803125,-0.12447390,-0.18392733,-0.12741811
1.80625,-0.12355024,-0.18280246,-0.12666200
1.809375,-0.12259759,-0.18162495,-0.12585886
1.8125,-0.12162030,-0.18039537,-0.12500909
1.815625,-0.12062241,-0.17911457,-0.12411318
1.81875,-0.11960753,-0.17778388,-0.12317171
1.821875,-0.11857880,-0.17640514,-0.12218528
1.825,-0.11753881,-0.17498074,-0.12115454
1.828125,-0.11648962,-0.17351357,-0.12008022
1.83125,-0.11543277,-0.17200696,-0.11896313
1.834375,-0.11436939,-0.17046452,-0.11780426
1.8375,-0.11330022,-0.16889002,-0.11660479
1.840625,-0.11222577,-0.16728718,-0.11536613
1.84375,-0.11114634,-0.16565959,-0.11409002
1.846875,-0.11006219,-0.16401050,-0.11277854
1.85,-0.10897355,-0.16234280,-0.11143411
1.853125,-0.10788068,-0.16065889,-0.11005951
1.85625,-0.10678392,-0.15896073,-0.10865786
1.859375,-0.10568368,-0.15724984,-0.10723257
1.8625,-0.10458044,-0.15552735,-0.10578729
1.865625,-0.10347472,-0.15379414,-0.10432584
1.86875,-0.10236702,-0.15205093,-0.10285211
1.871875,-0.10125785,-0.15029838,-0.10136998
1.875,-0.10014763,-0.14853723,-0.09988325
1.878125,-0.09903668,-0.14676839,-0.09839555
1.88125,-0.09792523,-0.14499303,-0.09691027
1.884375,-0.09681336,-0.14321258,-0.09543057
1.8875,-0.09570102,-0.14142881,-0.09395929
1.890625,-0.09458809,-0.13964377,-0.09249899
1.89375,-0.09347434,-0.13785978,-0.09105191
1.896875,-0.09235951,-0.13607934,-0.08962006
1.9,-0.09124337,-0.13430510,-0.08820519
1.903125,-0.09012571,-0.13253973,-0.08680883
1.90625,-0.08900646,-0.13078587,-0.08543237
1.909375,-0.08788568,-0.12904602,-0.08407703
1.9125,-0.08676362,-0.12732251,-0.08274395
1.915625,-0.08564075,-0.12561741,-0.08143419
1.91875,-0.08451776,-0.12393252,-0.08014874
1.921875,-0.08339557,-0.12226935,-0.07888856
1.925,-0.08227535,-0.12062913,-0.07765459
1.928125,-0.08115844,-0.11901279,-0.07644769
1.93125,-0.08004638,-0.11742105,-0.07526873
1.934375,-0.07894085,-0.11585444,-0.07411850
1.9375,-0.07784364,-0.11431336,-0.07299771
1.940625,-0.07675658,-0.11279813,-0.07190700
1.94375,-0.07568155,-0.11130904,-0.07084691
1.946875,-0.07462041,-0.10984644,-0.06981784
1.95,-0.07357497,-0.10841075,-0.06882006
1.953125,-0.07254696,-0.10700249,-0.06785369
1.95625,-0.07153800,-0.10562236,-0.06691872
1.959375,-0.07054962,-0.10427118,-0.06601497
1.9625,-0.06958320,-0.10294996,-0.06514215
1.965625,-0.06864000,-0.10165982,-0.06429982
1.96875,-0.06772116,-0.10040203,-0.06348746
1.971875,-0.06682770,-0.09917795,-0.06270446
1.975,-0.06596053,-0.09798899,-0.06195016
1.978125,-0.06512048,-0.09683661,-0.06122388
1.98125,-0.06430831,-0.09572222,-0.06052490
1.984375,-0.06352472,-0.09464719,-0.05985258
1.9875,-0.06277037,-0.09361280,-0.05920628
1.990625,-0.06204593,-0.09262019,-0.05858543
1.99375,-0.06135201,-0.09167038,-0.05798955
1.996875,-0.06068927,-0.09076420,-0.05741825
2,-0.06005834,-0.08990231,-0.05687123
2.003125,-0.05945989,-0.08908518,-0.05634830
2.00625,-0.05889455,-0.08831313,-0.05584936
2.009375,-0.05836298,-0.08758630,-0.05537442
2.0125,-0.05786582,-0.08690470,-0.05492357
2.015625,-0.05740367,-0.08626821,-0.05449699
2.01875,-0.05697711,-0.08567662,-0.05409493
2.021875,-0.05658666,-0.08512967,-0.05371768
2.025,-0.05623276,-0.08462705,-0.05336558
2.028125,-0.05591577,-0.08416845,-0.05303898
2.03125,-0.05563596,-0.08375359,-0.05273826
2.034375,-0.05539348,-0.08338225,-0.05246378
2.0375,-0.05518837,-0.08305426,-0.05221588
2.040625,-0.05502056,-0.08276954,-0.05199490
2.04375,-0.05488982,-0.08252809,-0.05180112
2.046875,-0.05479583,-0.08233002,-0.05163481
2.05,-0.05473814,-0.08217553,-0.05149619
2.053125,-0.05471618,-0.08206488,-0.05138547
2.05625,-0.05472929,-0.08199842,-0.05130280
2.059375,-0.05477673,-0.08197653,-0.05124837
2.0625,-0.05485767,-0.08199960,-0.05122231
2.065625,-0.05497123,-0.08206806,-0.05122478
2.06875,-0.05511651,-0.08218226,-0.05125596
2.071875,-0.05529257,-0.08234253,-0.05131603
2.075,-0.05549848,-0.08254910,-0.05140524
2.078125,-0.05573334,-0.08280211,-0.05152383
2.08125,-0.05599624,-0.08310157,-0.05167214
2.084375,-0.05628636,-0.08344735,-0.05185051
2.0875,-0.05660289,-0.08383918,-0.05205936
2.090625,-0.05694510,-0.08427666,-0.05229916
2.09375,-0.05731232,-0.08475920,-0.05257039
2.096875,-0.05770392,-0.08528612,-0.05287359
2.1,-0.05811934,-0.08585659,-0.05320932
2.103125,-0.05855806,-0.08646966,-0.05357815
2.10625,-0.05901959,-0.08712435,-0.05398062
2.109375,-0.05950349,-0.08781956,-0.05441728
2.1125,-0.06000932,-0.08855422,-0.05488862
2.115625,-0.06053664,-0.08932723,-0.05539507
2.11875,-0.06108500,-0.09013753,-0.05593700
2.121875,-0.06165394,-0.09098411,-0.05651467
2.125,-0.06224296,-0.09186604,-0.05712822
2.128125,-0.06285154,-0.09278250,-0.05777769
2.13125,-0.06347911,-0.09373276,-0.05846296
2.134375,-0.06412506,-0.09471620,-0.05918378
2.1375,-0.06478877,-0.09573233,-0.05993978
2.140625,-0.06546956,-0.09678074,-0.06073042
2.14375,-0.06616677,-0.09786111,-0.06155505
2.146875,-0.06687972,-0.09897316,-0.06241287
2.15,-0.06760774,-0.10011667,-0.06330300
2.153125,-0.06835023,-0.10129140,-0.06422445
2.15625,-0.06910660,-0.10249706,-0.06517615
2.159375,-0.06987637,-0.10373331,-0.06615696
2.1625,-0.07065913,-0.10499968,-0.06716571
2.165625,-0.07145459,-0.10629559,-0.06820116
2.16875,-0.07226256,-0.10762029,-0.06926207
2.171875,-0.07308300,-0.10897286,-0.07034718
2.175,-0.07391596,-0.11035218,-0.07145521
2.178125,-0.07476164,-0.11175699,-0.07258486
2.18125,-0.07562034,-0.11318583,-0.07373482
2.184375,-0.07649242,-0.11463711,-0.07490377
2.1875,-0.07737835,-0.11610914,-0.07609034
2.190625,-0.07827860,-0.11760013,-0.07729313
2.19375,-0.07919366,-0.11910828,-0.07851066
2.196875,-0.08012400,-0.12063178,-0.07974141
2.2,-0.08107002,-0.12216891,-0.08098375
2.203125,-0.08203201,-0.12371800,-0.08223596
2.20625,-0.08301017,-0.12527756,-0.08349623
2.209375,-0.08400453,-0.12684621,-0.08476264
2.2125,-0.08501498,-0.12842275,-0.08603316
2.215625,-0.08604123,-0.13000616,-0.08730570
2.21875,-0.08708282,-0.13159552,-0.08857808
2.221875,-0.08813912,-0.13319005,-0.08984811
2.225,-0.08920935,-0.13478903,-0.09111358
2.228125,-0.09029260,-0.13639175,-0.09237233
2.23125,-0.09138783,-0.13799745,-0.09362228
2.234375,-0.09249391,-0.13960525,-0.09486146
2.2375,-0.09360966,-0.14121412,-0.09608808
2.240625,-0.09473381,-0.14282282,-0.09730050
2.24375,-0.09586510,-0.14442984,-0.09849734
2.246875,-0.09700220,-0.14603341,-0.09967741
2.25,-0.09814377,-0.14763150,-0.10083977
2.253125,-0.09928842,-0.14922181,-0.10198369
2.25625,-0.10043471,-0.15080186,-0.10310866
2.259375,-0.10158109,-0.15236902,-0.10421433
2.2625,-0.10272590,-0.15392057,-0.10530052
2.265625,-0.10386734,-0.15545379,-0.10636714
2.26875,-0.10500339,-0.15696608,-0.10741416
2.271875,-0.10613187,-0.15845497,-0.10844159
2.275,-0.10725034,-0.15991822,-0.10944940
2.278125,-0.10835615,-0.16135384,-0.11043755
2.28125,-0.10944646,-0.16276016,-0.11140590
2.284375,-0.11051824,-0.16413573,-0.11235423
2.2875,-0.11156834,-0.16547938,-0.11328227
2.290625,-0.11259355,-0.16679010,-0.11418964
2.29375,-0.11359064,-0.16806700,-0.11507595
2.296875,-0.11455650,-0.16930919,-0.11594075
2.3,-0.11548814,-0.17051574,-0.11678363
2.303125,-0.11638283,-0.17168554,-0.11760417
2.30625,-0.11723809,-0.17281729,-0.11840199
2.309375,-0.11805181,-0.17390943,-0.11917675
2.3125,-0.11882224,-0.17496016,-0.11992814
2.315625,-0.11954800,-0.17596745,-0.12065584
2.31875,-0.12022809,-0.17692910,-0.12135948
2.321875,-0.12086183,-0.17784283,-0.12203862
2.325,-0.12144886,-0.17870637,-0.12269270
2.328125,-0.12198905,-0.17951756,-0.12332096
2.33125,-0.12248248,-0.18027450,-0.12392244
2.334375,-0.12292935,-0.18097559,-0.12449592
2.3375,-0.12332999,-0.18161962,-0.12503994
2.340625,-0.12368477,-0.18220580,-0.12555275
2.34375,-0.12399414,-0.18273375,-0.12603238
2.346875,-0.12425861,-0.18320349,-0.12647664
2.35,-0.12447877,-0.18361531,-0.12688322
2.353125,-0.12465529,-0.18396974,-0.12724972
2.35625,-0.12478900,-0.18426740,-0.12757374
2.359375,-0.12488088,-0.18450891,-0.12785298
2.3625,-0.12493208,-0.18469477,-0.12808531
2.365625,-0.12494395,-0.18482531,-0.12826881
2.36875,-0.12491799,-0.18490064,-0.12840187
2.371875,-0.12485588,-0.18492062,-0.12848316
2.375,-0.12475937,-0.18488490,-0.12851170
2.378125,-0.12463028,-0.18479301,-0.12848682
2.38125,-0.12447041,-0.18464442,-0.12840815
2.384375,-0.12428144,-0.18443862,-0.12827556
2.3875,-0.12406490,-0.18417527,-0.12808917
2.390625,-0.12382208,-0.18385427,-0.12784929
2.39375,-0.12355397,-0.18347585,-0.12755638
2.396875,-0.12326126,-0.18304059,-0.12721106
2.4,-0.12294431,-0.18254944,-0.12681409
2.403125,-0.12260316,-0.18200372,-0.12636636
2.40625,-0.12223759,-0.18140504,-0.12586890
2.409375,-0.12184713,-0.18075522,-0.12532292
2.4125,-0.12143119,-0.18005622,-0.12472982
2.415625,-0.12098905,-0.17931001,-0.12409120
2.41875,-0.12052001,-0.17851852,-0.12340890
2.421875,-0.12002340,-0.17768349,-0.12268498
2.425,-0.11949863,-0.17680651,-0.12192174
2.428125,-0.11894527,-0.17588890,-0.12112171
2.43125,-0.11836302,-0.17493179,-0.12028758
2.434375,-0.11775174,-0.17393611,-0.11942221
2.4375,-0.11711147,-0.17290267,-0.11852853
2.440625,-0.11644233,-0.17183220,-0.11760949
2.44375,-0.11574460,-0.17072548,-0.11666802
2.446875,-0.11501862,-0.16958338,-0.11570692
2.45,-0.11426480,-0.16840695,-0.11472886
2.453125,-0.11348358,-0.16719746,-0.11373628
2.45625,-0.11267546,-0.16595644,-0.11273143
2.459375,-0.11184095,-0.16468569,-0.11171628
2.4625,-0.11098061,-0.16338725,-0.11069256
2.465625,-0.11009508,-0.16206336,-0.10966179
2.46875,-0.10918506,-0.16071643,-0.10862525
2.471875,-0.10825140,-0.15934893,-0.10758403
2.475,-0.10729507,-0.15796337,-0.10653911
2.478125,-0.10631723,-0.15656219,-0.10549129
2.48125,-0.10531922,-0.15514771,-0.10444135
2.484375,-0.10430260,-0.15372209,-0.10338996
2.4875,-0.10326912,-0.15228729,-0.10233778
2.490625,-0.10222074,-0.15084508,-0.10128546
2.49375,-0.10115960,-0.14939700,-0.10023363
2.496875,-0.10008798,-0.14794443,-0.09918290
2.5,-0.09900825,-0.14648859,-0.09813391
2.503125,-0.09792288,-0.14503060,-0.09708724
2.50625,-0.09683436,-0.14357152,-0.09604345
2.509375,-0.09574514,-0.14211240,-0.09500308
2.5125,-0.09465763,-0.14065435,-0.09396659
2.515625,-0.09357414,-0.13919853,-0.09293439
2.51875,-0.09249687,-0.13774622,-0.09190681
2.521875,-0.09142785,-0.13629880,-0.09088415
2.525,-0.09036897,-0.13485777,-0.08986663
2.528125,-0.08932195,-0.13342477,-0.08885442
2.53125,-0.08828837,-0.13200148,-0.08784769
2.534375,-0.08726961,-0.13058967,-0.08684659
2.5375,-0.08626695,-0.12919112,-0.08585127
2.540625,-0.08528152,-0.12780760,-0.08486195
2.54375,-0.08431435,-0.12644082,-0.08387888
2.546875,-0.08336639,-0.12509240,-0.08290240
2.55,-0.08243850,-0.12376386,-0.08193294
2.553125,-0.08153147,-0.12245656,-0.08097101
2.55625,-0.08064606,-0.12117170,-0.08001725
2.559375,-0.07978298,-0.11991035,-0.07907238
2.5625,-0.07894288,-0.11867339,-0.07813726
2.565625,-0.07812639,-0.11746157,-0.07721282
2.56875,-0.07733406,-0.11627551,-0.07630006
2.571875,-0.07656641,-0.11511571,-0.07540008
2.575,-0.07582388,-0.11398261,-0.07451402
2.578125,-0.07510683,-0.11287659,-0.07364305
2.58125,-0.07441555,-0.11179801,-0.07278835
2.584375,-0.07375023,-0.11074723,-0.07195111
2.5875,-0.07311095,-0.10972465,-0.07113250
2.590625,-0.07249771,-0.10873070,-0.07033366
2.59375,-0.07191039,-0.10776588,-0.06955566
2.596875,-0.07134878,-0.10683077,-0.06879955
2.6,-0.07081257,-0.10592599,-0.06806631
2.603125,-0.07030137,-0.10505223,-0.06735685
2.60625,-0.06981472,-0.10421025,-0.06667205
2.609375,-0.06935210,-0.10340084,-0.06601269
2.6125,-0.06891294,-0.10262479,-0.06537955
2.615625,-0.06849665,-0.10188291,-0.06477333
2.61875,-0.06810263,-0.10117598,-0.06419472
2.621875,-0.06773030,-0.10050474,-0.06364434
2.625,-0.06737907,-0.09986988,-0.06312284
2.628125,-0.06704842,-0.09927198,-0.06263080
2.63125,-0.06673786,-0.09871157,-0.06216883
2.634375,-0.06644697,-0.09818904,-0.06173749
2.6375,-0.06617538,-0.09770471,-0.06133735
2.640625,-0.06592279,-0.09725877,-0.06096895
2.64375,-0.06568899,-0.09685134,-0.06063283
2.646875,-0.06547381,-0.09648241,-0.06032948
2.65,-0.06527716,-0.09615192,-0.06005937
2.653125,-0.06509899,-0.09585974,-0.05982294
2.65625,-0.06493931,-0.09560567,-0.05962058
2.659375,-0.06479818,-0.09538951,-0.05945261
2.6625,-0.06467566,-0.09521103,-0.05931930
2.665625,-0.06457186,-0.09507001,-0.05922083
2.66875,-0.06448691,-0.09496624,-0.05915730
2.671875,-0.06442093,-0.09489955,-0.05912875
2.675,-0.06437404,-0.09486981,-0.05913510
2.678125,-0.06434637,-0.09487694,-0.05917618
2.68125,-0.06433805,-0.09492089,-0.05925173
2.684375,-0.06434920,-0.09500168,-0.05936141
2.6875,-0.06437993,-0.09511935,-0.05950478
2.690625,-0.06443037,-0.09527400,-0.05968133
2.69375,-0.06450065,-0.09546570,-0.05989047
2.696875,-0.06459089,-0.09569458,-0.06013155
2.7,-0.06470127,-0.09596071,-0.06040388
2.703125,-0.06483195,-0.09626415,-0.06070671
2.70625,-0.06498315,-0.09660491,-0.06103928
2.709375,-0.06515511,-0.09698295,-0.06140080
2.7125,-0.06534812,-0.09739814,-0.06179046
2.715625,-0.06556250,-0.09785026,-0.06220747
2.71875,-0.06579863,-0.09833903,-0.06265103
2.721875,-0.06605689,-0.09886402,-0.06312034
2.725,-0.06633775,-0.09942476,-0.06361463
2.728125,-0.06664165,-0.10002066,-0.06413312
2.73125,-0.06696909,-0.10065104,-0.06467505
2.734375,-0.06732056,-0.10131518,-0.06523967
2.7375,-0.06769654,-0.10201228,-0.06582624
2.740625,-0.06809750,-0.10274151,-0.06643401
2.74375,-0.06852385,-0.10350203,-0.06706223
2.746875,-0.06897598,-0.10429297,-0.06771014
2.75,-0.06945419,-0.10511351,-0.06837697
2.753125,-0.06995872,-0.10596284,-0.06906192
2.75625,-0.07048969,-0.10684018,-0.06976419
2.759375,-0.07104716,-0.10774483,-0.07048294
2.7625,-0.07163105,-0.10867612,-0.07121732
2.765625,-0.07224119,-0.10963343,-0.07196646
2.76875,-0.07287729,-0.11061622,-0.07272950
2.771875,-0.07353893,-0.11162394,-0.07350555
2.775,-0.07422563,-0.11265609,-0.07429376
2.778125,-0.07493678,-0.11371217,-0.07509329
2.78125,-0.07567168,-0.11479164,-0.07590332
2.784375,-0.07642957,-0.11589395,-0.07672310
2.7875,-0.07720958,-0.11701846,-0.07755193
2.790625,-0.07801082,-0.11816446,-0.07838918
2.79375,-0.07883233,-0.11933113,-0.07923428
2.796875,-0.07967311,-0.12051756,-0.08008678
2.8,-0.08053211,-0.12172270,-0.08094629
2.803125,-0.08140825,-0.12294538,-0.08181250
2.80625,-0.08230042,-0.12418432,-0.08268518
2.809375,-0.08320745,-0.12543815,-0.08356419
2.8125,-0.08412814,-0.12670539,-0.08444941
2.815625,-0.08506123,-0.12798452,-0.08534080
2.81875,-0.08600540,-0.12927396,-0.08623832
2.821875,-0.08695927,-0.13057213,-0.08714195
2.825,-0.08792137,-0.13187749,-0.08805166
2.828125,-0.08889016,-0.13318850,-0.08896737
2.83125,-0.08986401,-0.13450373,-0.08988898
2.834375,-0.09084122,-0.13582179,-0.09081632
2.8375,-0.09182001,-0.13714141,-0.09174912
2.840625,-0.09279856,-0.13846138,-0.09268708
2.84375,-0.09377497,-0.13978057,-0.09362978
2.846875,-0.09474735,-0.14109795,-0.09457672
2.85,-0.09571381,-0.14241247,-0.09552732
2.853125,-0.09667248,-0.14372312,-0.09648094
2.85625,-0.09762157,-0.14502888,-0.09743685
2.859375,-0.09855936,-0.14632866,-0.09839429
2.8625,-0.09948426,-0.14762127,-0.09935243
2.865625,-0.10039482,-0.14890546,-0.10031038
2.86875,-0.10128973,-0.15017984,-0.10126725
2.871875,-0.10216787,-0.15144287,-0.10222206
2.875,-0.10302828,-0.15269295,-0.10317380
2.878125,-0.10387017,-0.15392833,-0.10412141
2.88125,-0.10469292,-0.15514722,-0.10506374
2.884375,-0.10549604,-0.15634777,-0.10599957
2.8875,-0.10627918,-0.15752815,-0.10692757
2.890625,-0.10704208,-0.15868656,-0.10784631
2.89375,-0.10778456,-0.15982130,-0.10875425
2.896875,-0.10850649,-0.16093077,-0.10964968
2.9,-0.10920776,-0.16201353,-0.11053082
2.903125,-0.10988831,-0.16306830,-0.11139574
2.90625,-0.11054806,-0.16409397,-0.11224240
2.909375,-0.11118692,-0.16508955,-0.11306869
2.9125,-0.11180484,-0.16605422,-0.11387245
2.915625,-0.11240174,-0.16698722,-0.11465148
2.91875,-0.11297757,-0.16788785,-0.11540363
2.921875,-0.11353231,-0.16875542,-0.11612678
2.925,-0.11406596,-0.16958921,-0.11681891
2.928125,-0.11457855,-0.17038844,-0.11747815
2.93125,-0.11507015,-0.17115221,-0.11810279
2.934375,-0.11554085,-0.17187953,-0.11869129
2.9375,-0.11599076,-0.17256931,-0.11924234
2.940625,-0.11641998,-0.17322038,-0.11975480
2.94375,-0.11682855,-0.17383152,-0.12022778
2.946875,-0.11721648,-0.17440147,-0.12066054
2.95,-0.11758368,-0.17492906,-0.12105255
2.953125,-0.11792991,-0.17541317,-0.12140345
2.95625,-0.11825482,-0.17585283,-0.12171302
2.959375,-0.11855786,-0.17624724,-0.12198115
2.9625,-0.11883835,-0.17659580,-0.12220790
2.965625,-0.11909540,-0.17689811,-0.12239342
2.96875,-0.11932798,-0.17715398,-0.12253795
2.971875,-0.11953494,-0.17736337,-0.12264188
2.975,-0.11971502,-0.17752642,-0.12270569
2.978125,-0.11986689,-0.17764336,-0.12272998
2.98125,-0.11998924,-0.17771446,-0.12271550
2.984375,-0.12008076,-0.17774001,-0.12266310
2.9875,-0.12014022,-0.17772027,-0.12257378
2.990625,-0.12016647,-0.17765545,-0.12244866
2.99375,-0.12015854,-0.17754569,-0.12228899
2.996875,-0.12011557,-0.17739104,-0.12209608
3,-0.12003688,-0.17719153,-0.12187134
3.003125,-0.11992194,-0.17694714,-0.12161619
3.00625,-0.11977040,-0.17665789,-0.12133207
3.009375,-0.11958204,-0.17632383,-0.12102038
3.0125,-0.11935680,-0.17594516,-0.12068244
3.015625,-0.11909472,-0.17552220,-0.12031946
3.01875,-0.11879598,-0.17505545,-0.11993255
3.021875,-0.11846086,-0.17454561,-0.11952265
3.025,-0.11808976,-0.17399359,-0.11909056
3.028125,-0.11768316,-0.17340048,-0.11863692
3.03125,-0.11724170,-0.17276755,-0.11816225
3.034375,-0.11676612,-0.17209619,-0.11766693
3.0375,-0.11625732,-0.17138790,-0.11715125
3.040625,-0.11571634,-0.17064419,-0.11661541
3.04375,-0.11514439,-0.16986662,-0.11605957
3.046875,-0.11454286,-0.16905668,-0.11548386
3.05,-0.11391328,-0.16821581,-0.11488842
3.053125,-0.11325736,-0.16734536,-0.11427338
3.05625,-0.11257694,-0.16644660,-0.11363891
3.059375,-0.11187398,-0.16552072,-0.11298522
3.0625,-0.11115051,-0.16456884,-0.11231256
3.065625,-0.11040865,-0.16359205,-0.11162122
3.06875,-0.10965051,-0.16259143,-0.11091151
3.071875,-0.10887820,-0.16156806,-0.11018378
3.075,-0.10809376,-0.16052309,-0.10943842
3.078125,-0.10729918,-0.15945776,-0.10867581
3.08125,-0.10649633,-0.15837339,-0.10789638
3.084375,-0.10568695,-0.15727138,-0.10710057
3.0875,-0.10487267,-0.15615326,-0.10628883
3.090625,-0.10405495,-0.15502064,-0.10546170
3.09375,-0.10323515,-0.15387518,-0.10461970
3.096875,-0.10241449,-0.15271860,-0.10376348
3.1,-0.10159404,-0.15155262,-0.10289371
3.103125,-0.10077482,-0.15037894,-0.10201119
3.10625,-0.09995770,-0.14919924,-0.10111678
3.109375,-0.09914353,-0.14801509,-0.10021148
3.1125,-0.09833305,-0.14682799,-0.09929638
3.115625,-0.09752696,-0.14563932,-0.09837267
3.11875,-0.09672593,-0.14445036,-0.09744166
3.121875,-0.09593056,-0.14326229,-0.09650476
3.125,-0.09514142,-0.14207617,-0.09556344
3.128125,-0.09435903,-0.14089301,-0.09461924
3.13125,-0.09358386,-0.13971374,-0.09367377
3.134375,-0.09281634,-0.13853924,-0.09272865
3.1375,-0.09205682,-0.13737039,-0.09178552
3.140625,-0.09130561,-0.13620808,-0.09084599
3.14375,-0.09056296,-0.13505319,-0.08991166
3.146875,-0.08982904,-0.13390666,-0.08898410
3.15,-0.08910398,-0.13276947,-0.08806479
3.153125,-0.08838785,-0.13164265,-0.08715517
3.15625,-0.08768067,-0.13052727,-0.08625662
3.159375,-0.08698244,-0.12942442,-0.08537041
3.1625,-0.08629312,-0.12833524,-0.08449777
3.165625,-0.08561269,-0.12726087,-0.08363986
3.16875,-0.08494110,-0.12620245,-0.08279774
3.171875,-0.08427835,-0.12516108,-0.08197245
3.175,-0.08362446,-0.12413783,-0.08116493
3.178125,-0.08297948,-0.12313372,-0.08037610
3.18125,-0.08234355,-0.12214969,-0.07960680
3.184375,-0.08171683,-0.12118663,-0.07885784
3.1875,-0.08109956,-0.12024532,-0.07812999
3.190625,-0.08049205,-0.11932647,-0.07742395
3.19375,-0.07989467,-0.11843073,-0.07674038
3.196875,-0.07930784,-0.11755866,-0.07607990
3.2,-0.07873205,-0.11671076,-0.07544307
3.203125,-0.07816783,-0.11588750,-0.07483037
3.20625,-0.07761575,-0.11508930,-0.07424226
3.209375,-0.07707639,-0.11431656,-0.07367910
3.2125,-0.07655037,-0.11356967,-0.07314118
3.215625,-0.07603832,-0.11284904,-0.07262874
3.21875,-0.07554086,-0.11215507,-0.07214193
3.221875,-0.07505861,-0.11148818,-0.07168082
3.225,-0.07459218,-0.11084883,-0.07124543
3.228125,-0.07414217,-0.11023749,-0.07083568
3.23125,-0.07370916,-0.10965466,-0.07045145
3.234375,-0.07329371,-0.10910085,-0.07009256
3.2375,-0.07289637,-0.10857659,-0.06975877
3.240625,-0.07251767,-0.10808239,-0.06944979
3.24375,-0.07215812,-0.10761876,-0.06916533
3.246875,-0.07181822,-0.10718621,-0.06890504
3.25,-0.07149848,-0.10678517,-0.06866857
3.253125,-0.07119938,-0.10641607,-0.06845557
3.25625,-0.07092141,-0.10607927,-0.06826569
3.259375,-0.07066505,-0.10577506,-0.06809858
3.2625,-0.07043078,-0.10550369,-0.06795392
3.265625,-0.07021906,-0.10526532,-0.06783139
3.26875,-0.07003036,-0.10506006,-0.06773071
3.271875,-0.06986513,-0.10488795,-0.06765161
3.275,-0.06972380,-0.10474895,-0.06759385
3.278125,-0.06960679,-0.10464300,-0.06755722
3.28125,-0.06951447,-0.10456998,-0.06754151
3.284375,-0.06944719,-0.10452972,-0.06754654
3.2875,-0.06940525,-0.10452205,-0.06757215
3.290625,-0.06938890,-0.10454677,-0.06761819
3.29375,-0.06939833,-0.10460368,-0.06768450
3.296875,-0.06943368,-0.10469256,-0.06777094
3.3,-0.06949500,-0.10481324,-0.06787738
3.303125,-0.06958229,-0.10496551,-0.06800368
3.30625,-0.06969548,-0.10514921,-0.06814970
3.309375,-0.06983442,-0.10536419,-0.06831531
3.3125,-0.06999888,-0.10561030,-0.06850038
3.315625,-0.07018860,-0.10588740,-0.06870476
3.31875,-0.07040321,-0.10619534,-0.06892835
3.321875,-0.07064233,-0.10653399,-0.06917102
3.325,-0.07090550,-0.10690317,-0.06943268
3.328125,-0.07119222,-0.10730268,-0.06971323
3.33125,-0.07150196,-0.10773231,-0.07001262
3.334375,-0.07183416,-0.10819177,-0.07033079
3.3375,-0.07218822,-0.10868072,-0.07066773
3.340625,-0.07256354,-0.10919880,-0.07102343
3.34375,-0.07295951,-0.10974553,-0.07139793
3.346875,-0.07337548,-0.11032041,-0.07179126
3.35,-0.07381082,-0.11092285,-0.07220348
3.353125,-0.07426488,-0.11155223,-0.07263468
3.35625,-0.07473700,-0.11220786,-0.07308491
3.359375,-0.07522653,-0.11288900,-0.07355427
3.3625,-0.07573278,-0.11359490,-0.07404282
3.365625,-0.07625508,-0.11432475,-0.07455059
3.36875,-0.07679272,-0.11507777,-0.07507761
3.371875,-0.07734498,-0.11585314,-0.07562386
3.375,-0.07791114,-0.11665007,-0.07618928
3.378125,-0.07849044,-0.11746779,-0.07677375
3.38125,-0.07908211,-0.11830554,-0.07737709
3.384375,-0.07968536,-0.11916258,-0.07799908
3.3875,-0.08029941,-0.12003821,-0.07863940
3.390625,-0.08092344,-0.12093174,-0.07929769
3.39375,-0.08155665,-0.12184249,-0.07997350
3.396875,-0.08219826,-0.12276982,-0.08066634
3.4,-0.08284749,-0.12371305,-0.08137563
3.403125,-0.08350358,-0.12467151,-0.08210075
3.40625,-0.08416582,-0.12564450,-0.08284101
3.409375,-0.08483353,-0.12663127,-0.08359568
3.4125,-0.08550609,-0.12763103,-0.08436397
3.415625,-0.08618293,-0.12864294,-0.08514507
3.41875,-0.08686354,-0.12966610,-0.08593810
3.421875,-0.08754748,-0.13069953,-0.08674217
3.425,-0.08823434,-0.13174220,-0.08755634
3.428125,-0.08892380,-0.13279302,-0.08837964
3.43125,-0.08961557,-0.13385084,-0.08921104
3.434375,-0.09030941,-0.13491448,-0.09004950
3.4375,-0.09100510,-0.13598276,-0.09089391
3.440625,-0.09170245,-0.13705444,-0.09174312
3.44375,-0.09240128,-0.13812833,-0.09259595
3.446875,-0.09310139,-0.13920324,-0.09345116
3.45,-0.09380258,-0.14027800,-0.09430744
3.453125,-0.09450462,-0.14135152,-0.09516347
3.45625,-0.09520725,-0.14242271,-0.09601787
3.459375,-0.09591017,-0.14349055,-0.09686924
3.4625,-0.09661304,-0.14455406,-0.09771613
3.465625,-0.09731546,-0.14561229,-0.09855712
3.46875,-0.09801701,-0.14666430,-0.09939076
3.471875,-0.09871723,-0.14770919,-0.10021564
3.475,-0.09941559,-0.14874601,-0.10103036
3.478125,-0.10011157,-0.14977381,-0.10183359
3.48125,-0.10080459,-0.15079160,-0.10262407
3.484375,-0.10149406,-0.15179832,-0.10340059
3.4875,-0.10217935,-0.15279287,-0.10416206
3.490625,-0.10285979,-0.15377407,-0.10490745
3.49375,-0.10353472,-0.15474072,-0.10563586
3.496875,-0.10420339,-0.15569152,-0.10634647
3.5,-0.10486505,-0.15662517,-0.10703855
