# Turek & Hron FSI3 reference time history (Featflow FSI benchmark, ref_fsi3.point,
# level 4, dt = 0.00025 s), subsampled to every fourth sample (0.001 s).
# Source: https://wwwold.mathematik.tu-dortmund.de/~featflow/en/benchmarks/cfdbenchmarking/fsi_benchmark/fsi_reference.html
# drag and lift are the sum of the cylinder and plate contributions per unit depth (N/m);
# ux and uy are the displacements of point A (m).
time,drag,lift,ux,uy
5.00000,4.494155e+02,-4.420005e+01,-5.177501e-03,3.563992e-02
5.00100,4.477242e+02,-5.133061e+01,-5.243262e-03,3.551031e-02
5.00200,4.455770e+02,-5.393965e+01,-5.298076e-03,3.534291e-02
5.00300,4.444684e+02,-5.655351e+01,-5.341199e-03,3.513667e-02
5.00400,4.428472e+02,-6.151747e+01,-5.372915e-03,3.489277e-02
5.00500,4.421630e+02,-6.550301e+01,-5.392979e-03,3.461190e-02
5.00600,4.414106e+02,-7.340707e+01,-5.401818e-03,3.429528e-02
5.00700,4.408650e+02,-7.775341e+01,-5.398772e-03,3.394157e-02
5.00800,4.396341e+02,-8.270853e+01,-5.384302e-03,3.355285e-02
5.00900,4.391750e+02,-8.736543e+01,-5.358607e-03,3.312919e-02
5.01000,4.379667e+02,-9.363267e+01,-5.321834e-03,3.267170e-02
5.01100,4.382697e+02,-9.851090e+01,-5.273691e-03,3.218000e-02
5.01200,4.374251e+02,-9.930767e+01,-5.215029e-03,3.165517e-02
5.01300,4.370102e+02,-1.056458e+02,-5.145927e-03,3.109784e-02
5.01400,4.371227e+02,-1.026165e+02,-5.066567e-03,3.050874e-02
5.01500,4.373391e+02,-1.109952e+02,-4.977411e-03,2.988860e-02
5.01600,4.374945e+02,-1.134578e+02,-4.878641e-03,2.923710e-02
5.01700,4.368206e+02,-1.239471e+02,-4.771084e-03,2.855574e-02
5.01800,4.376974e+02,-1.308061e+02,-4.654778e-03,2.784503e-02
5.01900,4.384769e+02,-1.171921e+02,-4.530484e-03,2.710579e-02
5.02000,4.377042e+02,-1.278510e+02,-4.398504e-03,2.633792e-02
5.02100,4.378833e+02,-1.368300e+02,-4.259601e-03,2.554275e-02
5.02200,4.395560e+02,-1.465218e+02,-4.114137e-03,2.472110e-02
5.02300,4.399991e+02,-1.215580e+02,-3.962914e-03,2.387372e-02
5.02400,4.394087e+02,-1.472033e+02,-3.806347e-03,2.299980e-02
5.02500,4.408276e+02,-1.429620e+02,-3.645118e-03,2.210170e-02
5.02600,4.425350e+02,-1.480140e+02,-3.480051e-03,2.117954e-02
5.02700,4.428710e+02,-1.419797e+02,-3.311790e-03,2.023458e-02
5.02800,4.438476e+02,-1.406466e+02,-3.141111e-03,1.926746e-02
5.02900,4.448187e+02,-1.537157e+02,-2.968541e-03,1.827862e-02
5.03000,4.468326e+02,-1.448440e+02,-2.794945e-03,1.726916e-02
5.03100,4.475399e+02,-1.498503e+02,-2.621012e-03,1.623980e-02
5.03200,4.487846e+02,-1.391509e+02,-2.447466e-03,1.519117e-02
5.03300,4.498819e+02,-1.558442e+02,-2.274930e-03,1.412418e-02
5.03400,4.523340e+02,-1.473882e+02,-2.104355e-03,1.303995e-02
5.03500,4.522522e+02,-1.476342e+02,-1.936302e-03,1.193922e-02
5.03600,4.545328e+02,-1.416629e+02,-1.771763e-03,1.082352e-02
5.03700,4.555772e+02,-1.438913e+02,-1.611260e-03,9.693686e-03
5.03800,4.583943e+02,-1.443660e+02,-1.455729e-03,8.550793e-03
5.03900,4.582699e+02,-1.366998e+02,-1.305834e-03,7.396679e-03
5.04000,4.609195e+02,-1.392940e+02,-1.162252e-03,6.231318e-03
5.04100,4.625923e+02,-1.334281e+02,-1.025765e-03,5.057054e-03
5.04200,4.646159e+02,-1.405231e+02,-8.970761e-04,3.875424e-03
5.04300,4.653167e+02,-1.296489e+02,-7.767577e-04,2.686194e-03
5.04400,4.663936e+02,-1.288095e+02,-6.655144e-04,1.492423e-03
5.04500,4.692708e+02,-1.233785e+02,-5.640110e-04,2.945749e-04
5.04600,4.702280e+02,-1.229240e+02,-4.726845e-04,-9.052943e-04
5.04700,4.720453e+02,-1.198866e+02,-3.921327e-04,-2.105850e-03
5.04800,4.724317e+02,-1.120820e+02,-3.227786e-04,-3.306443e-03
5.04900,4.753574e+02,-1.136100e+02,-2.652553e-04,-4.504529e-03
5.05000,4.762362e+02,-1.052819e+02,-2.195891e-04,-5.698688e-03
5.05100,4.779085e+02,-1.125707e+02,-1.863620e-04,-6.887172e-03
5.05200,4.786323e+02,-9.568780e+01,-1.657761e-04,-8.068332e-03
5.05300,4.799205e+02,-1.049374e+02,-1.579533e-04,-9.240611e-03
5.05400,4.807744e+02,-8.647390e+01,-1.629270e-04,-1.040216e-02
5.05500,4.807309e+02,-9.800873e+01,-1.809624e-04,-1.155129e-02
5.05600,4.823270e+02,-8.131080e+01,-2.118646e-04,-1.268646e-02
5.05700,4.826932e+02,-8.847104e+01,-2.555368e-04,-1.380591e-02
5.05800,4.835156e+02,-7.364798e+01,-3.117964e-04,-1.490765e-02
5.05900,4.827180e+02,-7.933336e+01,-3.805021e-04,-1.598983e-02
5.06000,4.838633e+02,-7.223113e+01,-4.611997e-04,-1.705103e-02
5.06100,4.839513e+02,-6.642084e+01,-5.535205e-04,-1.808898e-02
5.06200,4.839700e+02,-6.545213e+01,-6.569434e-04,-1.910267e-02
5.06300,4.833466e+02,-5.640120e+01,-7.709927e-04,-2.009025e-02
5.06400,4.829191e+02,-5.991439e+01,-8.951164e-04,-2.105018e-02
5.06500,4.829147e+02,-4.694242e+01,-1.028489e-03,-2.198106e-02
5.06600,4.811492e+02,-5.496452e+01,-1.170522e-03,-2.288173e-02
5.06700,4.811547e+02,-4.154948e+01,-1.320476e-03,-2.375091e-02
5.06800,4.791174e+02,-4.647650e+01,-1.477433e-03,-2.458700e-02
5.06900,4.798058e+02,-3.340393e+01,-1.640557e-03,-2.538894e-02
5.07000,4.766041e+02,-3.594473e+01,-1.808980e-03,-2.615573e-02
5.07100,4.766145e+02,-2.809612e+01,-1.981852e-03,-2.688647e-02
5.07200,4.737452e+02,-2.571287e+01,-2.158128e-03,-2.758011e-02
5.07300,4.745439e+02,-2.173546e+01,-2.336952e-03,-2.823592e-02
5.07400,4.711509e+02,-1.720153e+01,-2.517309e-03,-2.885303e-02
5.07500,4.706816e+02,-1.693477e+01,-2.698270e-03,-2.943083e-02
5.07600,4.675029e+02,-9.729127e+00,-2.878839e-03,-2.996854e-02
5.07700,4.677519e+02,-1.073274e+01,-3.058244e-03,-3.046608e-02
5.07800,4.643881e+02,-3.106864e+00,-3.235469e-03,-3.092295e-02
5.07900,4.636667e+02,-1.644086e+00,-3.409746e-03,-3.133915e-02
5.08000,4.602128e+02,4.640590e+00,-3.580082e-03,-3.171392e-02
5.08100,4.603014e+02,9.530632e+00,-3.745919e-03,-3.204793e-02
5.08200,4.569277e+02,9.393426e+00,-3.906315e-03,-3.234055e-02
5.08300,4.561661e+02,1.773373e+01,-4.060589e-03,-3.259211e-02
5.08400,4.538588e+02,1.532835e+01,-4.207982e-03,-3.280217e-02
5.08500,4.528291e+02,2.888815e+01,-4.347929e-03,-3.297134e-02
5.08600,4.508560e+02,2.326430e+01,-4.479875e-03,-3.309988e-02
5.08700,4.488830e+02,3.746240e+01,-4.603247e-03,-3.318784e-02
5.08800,4.479016e+02,3.149405e+01,-4.717494e-03,-3.323536e-02
5.08900,4.460544e+02,4.697417e+01,-4.822291e-03,-3.324327e-02
5.09000,4.452094e+02,4.147985e+01,-4.917156e-03,-3.321157e-02
5.09100,4.426767e+02,5.419421e+01,-5.001803e-03,-3.314085e-02
5.09200,4.423008e+02,5.036718e+01,-5.075855e-03,-3.303126e-02
5.09300,4.397340e+02,6.063145e+01,-5.139020e-03,-3.288307e-02
5.09400,4.402455e+02,6.328147e+01,-5.191142e-03,-3.269701e-02
5.09500,4.376136e+02,6.819845e+01,-5.232037e-03,-3.247339e-02
5.09600,4.381327e+02,7.476292e+01,-5.261623e-03,-3.221280e-02
5.09700,4.361519e+02,7.591484e+01,-5.279835e-03,-3.191574e-02
5.09800,4.361666e+02,8.525452e+01,-5.286625e-03,-3.158256e-02
5.09900,4.345847e+02,8.465606e+01,-5.282054e-03,-3.121393e-02
5.10000,4.347267e+02,9.445509e+01,-5.266211e-03,-3.081034e-02
5.10100,4.338990e+02,9.283188e+01,-5.239207e-03,-3.037240e-02
5.10200,4.332594e+02,1.033447e+02,-5.201256e-03,-2.990070e-02
5.10300,4.330825e+02,1.029431e+02,-5.152515e-03,-2.939577e-02
5.10400,4.325470e+02,1.122298e+02,-5.093275e-03,-2.885820e-02
5.10500,4.328518e+02,1.138406e+02,-5.023897e-03,-2.828886e-02
5.10600,4.318504e+02,1.203669e+02,-4.944502e-03,-2.768775e-02
5.10700,4.330721e+02,1.231425e+02,-4.855526e-03,-2.705561e-02
5.10800,4.322472e+02,1.248767e+02,-4.757395e-03,-2.639317e-02
5.10900,4.334065e+02,1.295215e+02,-4.650510e-03,-2.570078e-02
5.11000,4.326599e+02,1.315992e+02,-4.535282e-03,-2.497923e-02
5.11100,4.339997e+02,1.359809e+02,-4.412214e-03,-2.422902e-02
5.11200,4.335941e+02,1.377235e+02,-4.281828e-03,-2.345073e-02
5.11300,4.344624e+02,1.400011e+02,-4.144693e-03,-2.264524e-02
5.11400,4.351315e+02,1.451111e+02,-4.001352e-03,-2.181306e-02
5.11500,4.355989e+02,1.444606e+02,-3.852357e-03,-2.095474e-02
5.11600,4.367273e+02,1.517818e+02,-3.698368e-03,-2.007107e-02
5.11700,4.374944e+02,1.460527e+02,-3.539923e-03,-1.916243e-02
5.11800,4.391238e+02,1.567213e+02,-3.377776e-03,-1.822985e-02
5.11900,4.393079e+02,1.478114e+02,-3.212579e-03,-1.727394e-02
5.12000,4.416312e+02,1.604885e+02,-3.045029e-03,-1.629550e-02
5.12100,4.418852e+02,1.507554e+02,-2.875879e-03,-1.529535e-02
5.12200,4.441762e+02,1.611028e+02,-2.705864e-03,-1.427432e-02
5.12300,4.443116e+02,1.525079e+02,-2.535674e-03,-1.323301e-02
5.12400,4.468767e+02,1.588341e+02,-2.366127e-03,-1.217253e-02
5.12500,4.474605e+02,1.535769e+02,-2.197976e-03,-1.109363e-02
5.12600,4.499808e+02,1.564554e+02,-2.031967e-03,-9.997233e-03
5.12700,4.506741e+02,1.542954e+02,-1.868894e-03,-8.884251e-03
5.12800,4.533401e+02,1.535092e+02,-1.709549e-03,-7.755962e-03
5.12900,4.546209e+02,1.539785e+02,-1.554674e-03,-6.612972e-03
5.13000,4.570756e+02,1.512558e+02,-1.405026e-03,-5.456573e-03
5.13100,4.580936e+02,1.524686e+02,-1.261372e-03,-4.287775e-03
5.13200,4.604279e+02,1.477745e+02,-1.124462e-03,-3.107832e-03
5.13300,4.623362e+02,1.483270e+02,-9.950365e-04,-1.918027e-03
5.13400,4.642092e+02,1.430006e+02,-8.737885e-04,-7.196563e-04
5.13500,4.658726e+02,1.439168e+02,-7.614151e-04,4.859032e-04
5.13600,4.676532e+02,1.394853e+02,-6.585880e-04,1.697168e-03
5.13700,4.699030e+02,1.385622e+02,-5.659266e-04,2.912564e-03
5.13800,4.711278e+02,1.365643e+02,-4.839738e-04,4.130780e-03
5.13900,4.732883e+02,1.315734e+02,-4.132984e-04,5.349986e-03
5.14000,4.749922e+02,1.327476e+02,-3.543963e-04,6.568834e-03
5.14100,4.773341e+02,1.254049e+02,-3.076898e-04,7.785442e-03
5.14200,4.781866e+02,1.265764e+02,-2.735533e-04,8.998431e-03
5.14300,4.800694e+02,1.183579e+02,-2.523169e-04,1.020557e-02
5.14400,4.814470e+02,1.181580e+02,-2.442381e-04,1.140531e-02
5.14500,4.829824e+02,1.122837e+02,-2.494632e-04,1.259566e-02
5.14600,4.836492e+02,1.112593e+02,-2.680756e-04,1.377497e-02
5.14700,4.848612e+02,1.060541e+02,-3.001292e-04,1.494119e-02
5.14800,4.859294e+02,1.025239e+02,-3.455352e-04,1.609250e-02
5.14900,4.866095e+02,9.994219e+01,-4.041724e-04,1.722714e-02
5.15000,4.873035e+02,9.328471e+01,-4.757505e-04,1.834319e-02
5.15100,4.876359e+02,9.456080e+01,-5.599794e-04,1.943863e-02
5.15200,4.884040e+02,8.471185e+01,-6.564711e-04,2.051193e-02
5.15300,4.883154e+02,8.772311e+01,-7.647394e-04,2.156097e-02
5.15400,4.883896e+02,7.656608e+01,-8.842201e-04,2.258418e-02
5.15500,4.880263e+02,8.030615e+01,-1.014295e-03,2.358000e-02
5.15600,4.880691e+02,7.001768e+01,-1.154243e-03,2.454664e-02
5.15700,4.872979e+02,7.196914e+01,-1.303304e-03,2.548254e-02
5.15800,4.865809e+02,6.296002e+01,-1.460687e-03,2.638634e-02
5.15900,4.857846e+02,6.192501e+01,-1.625519e-03,2.725655e-02
5.16000,4.848468e+02,5.601996e+01,-1.796864e-03,2.809198e-02
5.16100,4.837667e+02,5.339888e+01,-1.973796e-03,2.889146e-02
5.16200,4.822659e+02,4.971609e+01,-2.155333e-03,2.965380e-02
5.16300,4.814417e+02,4.548897e+01,-2.340541e-03,3.037822e-02
5.16400,4.797368e+02,4.367487e+01,-2.528379e-03,3.106373e-02
5.16500,4.784052e+02,3.702921e+01,-2.717899e-03,3.170977e-02
5.16600,4.765048e+02,3.597959e+01,-2.908035e-03,3.231544e-02
5.16700,4.753364e+02,2.908995e+01,-3.097810e-03,3.288013e-02
5.16800,4.733799e+02,2.686995e+01,-3.286237e-03,3.340338e-02
5.16900,4.715038e+02,2.045470e+01,-3.472365e-03,3.388478e-02
5.17000,4.696305e+02,1.619176e+01,-3.655245e-03,3.432394e-02
5.17100,4.676691e+02,1.319831e+01,-3.833979e-03,3.472066e-02
5.17200,4.662171e+02,7.792518e+00,-4.007706e-03,3.507479e-02
5.17300,4.638321e+02,5.456789e+00,-4.175605e-03,3.538631e-02
5.17400,4.624673e+02,-2.344486e+00,-4.336911e-03,3.565519e-02
5.17500,4.602256e+02,-3.969222e+00,-4.490831e-03,3.588132e-02
5.17600,4.592423e+02,-1.129375e+01,-4.636736e-03,3.606498e-02
5.17700,4.565878e+02,-1.316986e+01,-4.773980e-03,3.620633e-02
5.17800,4.555084e+02,-2.157222e+01,-4.901961e-03,3.630553e-02
5.17900,4.533729e+02,-2.493849e+01,-5.020183e-03,3.636298e-02
5.18000,4.523217e+02,-3.093136e+01,-5.128146e-03,3.637887e-02
5.18100,4.499024e+02,-3.572946e+01,-5.225455e-03,3.635364e-02
5.18200,4.487797e+02,-3.977934e+01,-5.311738e-03,3.628771e-02
5.18300,4.475124e+02,-4.770602e+01,-5.386715e-03,3.618151e-02
5.18400,4.464261e+02,-5.065626e+01,-5.450109e-03,3.603549e-02
5.18500,4.451704e+02,-6.009514e+01,-5.501738e-03,3.585017e-02
5.18600,4.436666e+02,-6.051578e+01,-5.541442e-03,3.562599e-02
5.18700,4.432177e+02,-7.083432e+01,-5.569186e-03,3.536365e-02
5.18800,4.417658e+02,-7.084373e+01,-5.584915e-03,3.506369e-02
5.18900,4.415517e+02,-8.107463e+01,-5.588593e-03,3.472654e-02
5.19000,4.401041e+02,-8.162975e+01,-5.580326e-03,3.435296e-02
5.19100,4.398279e+02,-9.014949e+01,-5.560166e-03,3.394338e-02
5.19200,4.383819e+02,-9.288525e+01,-5.528307e-03,3.349847e-02
5.19300,4.386708e+02,-9.958888e+01,-5.484927e-03,3.301889e-02
5.19400,4.378833e+02,-1.045431e+02,-5.430218e-03,3.250511e-02
5.19500,4.382358e+02,-1.087325e+02,-5.364528e-03,3.195804e-02
5.19600,4.371317e+02,-1.141776e+02,-5.288170e-03,3.137819e-02
5.19700,4.375745e+02,-1.164580e+02,-5.201513e-03,3.076635e-02
5.19800,4.373024e+02,-1.224953e+02,-5.104908e-03,3.012305e-02
5.19900,4.379312e+02,-1.244423e+02,-4.998795e-03,2.944901e-02
5.20000,4.375960e+02,-1.301999e+02,-4.883637e-03,2.874491e-02
5.20100,4.377741e+02,-1.326401e+02,-4.759912e-03,2.801135e-02
5.20200,4.377067e+02,-1.369422e+02,-4.628145e-03,2.724905e-02
5.20300,4.385854e+02,-1.403371e+02,-4.488867e-03,2.645863e-02
5.20400,4.388794e+02,-1.424877e+02,-4.342644e-03,2.564081e-02
5.20500,4.395193e+02,-1.471209e+02,-4.190079e-03,2.479626e-02
5.20600,4.400415e+02,-1.463981e+02,-4.031770e-03,2.392559e-02
5.20700,4.408757e+02,-1.513276e+02,-3.868401e-03,2.302959e-02
5.20800,4.417456e+02,-1.490994e+02,-3.700608e-03,2.210896e-02
5.20900,4.428199e+02,-1.552385e+02,-3.529043e-03,2.116432e-02
5.21000,4.439805e+02,-1.525107e+02,-3.354428e-03,2.019656e-02
5.21100,4.446656e+02,-1.571969e+02,-3.177476e-03,1.920632e-02
5.21200,4.458709e+02,-1.542770e+02,-2.998943e-03,1.819455e-02
5.21300,4.470076e+02,-1.562684e+02,-2.819534e-03,1.716196e-02
5.21400,4.486067e+02,-1.553100e+02,-2.639998e-03,1.610942e-02
5.21500,4.495144e+02,-1.548993e+02,-2.461129e-03,1.503788e-02
5.21600,4.511302e+02,-1.553089e+02,-2.283680e-03,1.394816e-02
5.21700,4.521832e+02,-1.523705e+02,-2.108447e-03,1.284123e-02
5.21800,4.542012e+02,-1.537565e+02,-1.936202e-03,1.171819e-02
5.21900,4.555958e+02,-1.499172e+02,-1.767718e-03,1.058001e-02
5.22000,4.574207e+02,-1.516365e+02,-1.603777e-03,9.427871e-03
5.22100,4.585261e+02,-1.457540e+02,-1.445161e-03,8.262804e-03
5.22200,4.605688e+02,-1.466399e+02,-1.292637e-03,7.086059e-03
5.22300,4.622409e+02,-1.402266e+02,-1.146933e-03,5.898875e-03
5.22400,4.640658e+02,-1.403382e+02,-1.008750e-03,4.702378e-03
5.22500,4.655112e+02,-1.354267e+02,-8.788251e-04,3.498006e-03
5.22600,4.673022e+02,-1.336389e+02,-7.578445e-04,2.287125e-03
5.22700,4.688022e+02,-1.303086e+02,-6.464418e-04,1.071111e-03
5.22800,4.702959e+02,-1.266092e+02,-5.452339e-04,-1.484984e-04
5.22900,4.719531e+02,-1.242659e+02,-4.547978e-04,-1.370219e-03
5.23000,4.737058e+02,-1.193598e+02,-3.756770e-04,-2.592356e-03
5.23100,4.751900e+02,-1.171442e+02,-3.083432e-04,-3.813372e-03
5.23200,4.763769e+02,-1.117288e+02,-2.532278e-04,-5.031582e-03
5.23300,4.776660e+02,-1.091063e+02,-2.106991e-04,-6.245239e-03
5.23400,4.789894e+02,-1.044432e+02,-1.810714e-04,-7.452637e-03
5.23500,4.803242e+02,-1.013632e+02,-1.645781e-04,-8.651934e-03
5.23600,4.814081e+02,-9.821605e+01,-1.613991e-04,-9.841408e-03
5.23700,4.822219e+02,-9.290075e+01,-1.716339e-04,-1.101920e-02
5.23800,4.828738e+02,-9.062930e+01,-1.952963e-04,-1.218354e-02
5.23900,4.836535e+02,-8.392535e+01,-2.323429e-04,-1.333258e-02
5.24000,4.841733e+02,-8.309077e+01,-2.826274e-04,-1.446447e-02
5.24100,4.847034e+02,-7.607264e+01,-3.459343e-04,-1.557746e-02
5.24200,4.849225e+02,-7.536250e+01,-4.219762e-04,-1.666976e-02
5.24300,4.851035e+02,-6.841713e+01,-5.103708e-04,-1.773952e-02
5.24400,4.846974e+02,-6.781527e+01,-6.106610e-04,-1.878505e-02
5.24500,4.846947e+02,-6.199466e+01,-7.223084e-04,-1.980466e-02
5.24600,4.843976e+02,-6.028532e+01,-8.447009e-04,-2.079669e-02
5.24700,4.840509e+02,-5.513542e+01,-9.771789e-04,-2.175967e-02
5.24800,4.830028e+02,-5.131112e+01,-1.119014e-03,-2.269204e-02
5.24900,4.822356e+02,-4.794588e+01,-1.269404e-03,-2.359235e-02
5.25000,4.812607e+02,-4.341406e+01,-1.427505e-03,-2.445925e-02
5.25100,4.803562e+02,-4.220534e+01,-1.592428e-03,-2.529152e-02
5.25200,4.791920e+02,-3.639649e+01,-1.763248e-03,-2.608793e-02
5.25300,4.778748e+02,-3.543072e+01,-1.938997e-03,-2.684737e-02
5.25400,4.764773e+02,-2.947352e+01,-2.118716e-03,-2.756887e-02
5.25500,4.748707e+02,-2.884563e+01,-2.301405e-03,-2.825151e-02
5.25600,4.734865e+02,-2.286655e+01,-2.486074e-03,-2.889463e-02
5.25700,4.717238e+02,-2.084956e+01,-2.671725e-03,-2.949746e-02
5.25800,4.700937e+02,-1.561390e+01,-2.857383e-03,-3.005944e-02
5.25900,4.680210e+02,-1.285102e+01,-3.042088e-03,-3.058011e-02
5.26000,4.662770e+02,-9.196782e+00,-3.224870e-03,-3.105903e-02
5.26100,4.644007e+02,-5.450053e+00,-3.404835e-03,-3.149597e-02
5.26200,4.629113e+02,-2.666399e+00,-3.581069e-03,-3.189065e-02
5.26300,4.608212e+02,2.115364e+00,-3.752720e-03,-3.224293e-02
5.26400,4.589691e+02,5.002217e+00,-3.918986e-03,-3.255284e-02
5.26500,4.571329e+02,1.014724e+01,-4.079084e-03,-3.282028e-02
5.26600,4.556314e+02,1.303492e+01,-4.232294e-03,-3.304540e-02
5.26700,4.536684e+02,1.779405e+01,-4.377929e-03,-3.322832e-02
5.26800,4.521440e+02,2.165822e+01,-4.515338e-03,-3.336921e-02
5.26900,4.502798e+02,2.574951e+01,-4.643966e-03,-3.346834e-02
5.27000,4.488500e+02,3.062422e+01,-4.763302e-03,-3.352606e-02
5.27100,4.468509e+02,3.374562e+01,-4.872858e-03,-3.354267e-02
5.27200,4.458125e+02,4.055898e+01,-4.972225e-03,-3.351862e-02
5.27300,4.441399e+02,4.306237e+01,-5.061034e-03,-3.345430e-02
5.27400,4.432358e+02,5.062347e+01,-5.138983e-03,-3.335020e-02
5.27500,4.415926e+02,5.259255e+01,-5.205799e-03,-3.320675e-02
5.27600,4.405005e+02,5.982605e+01,-5.261285e-03,-3.302449e-02
5.27700,4.391024e+02,6.225017e+01,-5.305302e-03,-3.280396e-02
5.27800,4.384916e+02,6.903052e+01,-5.337733e-03,-3.254567e-02
5.27900,4.374369e+02,7.182653e+01,-5.358529e-03,-3.225023e-02
5.28000,4.366193e+02,7.798840e+01,-5.367683e-03,-3.191819e-02
5.28100,4.357623e+02,8.213621e+01,-5.365253e-03,-3.155016e-02
5.28200,4.350224e+02,8.757542e+01,-5.351329e-03,-3.114668e-02
5.28300,4.345812e+02,9.314995e+01,-5.326038e-03,-3.070841e-02
5.28400,4.339007e+02,9.698011e+01,-5.289544e-03,-3.023589e-02
5.28500,4.340149e+02,1.027597e+02,-5.242059e-03,-2.972974e-02
5.28600,4.333646e+02,1.056107e+02,-5.183854e-03,-2.919057e-02
5.28700,4.332217e+02,1.116349e+02,-5.115211e-03,-2.861896e-02
5.28800,4.328534e+02,1.144385e+02,-5.036461e-03,-2.801554e-02
5.28900,4.333214e+02,1.197326e+02,-4.947954e-03,-2.738094e-02
5.29000,4.331760e+02,1.231155e+02,-4.850085e-03,-2.671576e-02
5.29100,4.333890e+02,1.276590e+02,-4.743296e-03,-2.602066e-02
5.29200,4.333973e+02,1.311666e+02,-4.628051e-03,-2.529622e-02
5.29300,4.340052e+02,1.344607e+02,-4.504835e-03,-2.454310e-02
5.29400,4.343649e+02,1.382006e+02,-4.374153e-03,-2.376197e-02
5.29500,4.349840e+02,1.405338e+02,-4.236557e-03,-2.295349e-02
5.29600,4.354714e+02,1.442747e+02,-4.092631e-03,-2.211833e-02
5.29700,4.361450e+02,1.455623e+02,-3.942971e-03,-2.125714e-02
5.29800,4.369989e+02,1.491506e+02,-3.788177e-03,-2.037057e-02
5.29900,4.378592e+02,1.502821e+02,-3.628896e-03,-1.945938e-02
5.30000,4.388841e+02,1.532537e+02,-3.465776e-03,-1.852420e-02
5.30100,4.399360e+02,1.540626e+02,-3.299512e-03,-1.756580e-02
5.30200,4.411298e+02,1.548322e+02,-3.130801e-03,-1.658492e-02
5.30300,4.423292e+02,1.563193e+02,-2.960359e-03,-1.558235e-02
5.30400,4.437272e+02,1.560102e+02,-2.788903e-03,-1.455887e-02
5.30500,4.451873e+02,1.581017e+02,-2.617173e-03,-1.351528e-02
5.30600,4.465256e+02,1.562090e+02,-2.445934e-03,-1.245247e-02
5.30700,4.479598e+02,1.582398e+02,-2.275934e-03,-1.137129e-02
5.30800,4.495585e+02,1.558608e+02,-2.107933e-03,-1.027267e-02
5.30900,4.513052e+02,1.579895e+02,-1.942703e-03,-9.157566e-03
5.31000,4.529024e+02,1.547010e+02,-1.781016e-03,-8.026965e-03
5.31100,4.547888e+02,1.552557e+02,-1.623650e-03,-6.881901e-03
5.31200,4.566715e+02,1.517511e+02,-1.471353e-03,-5.723454e-03
5.31300,4.585479e+02,1.512361e+02,-1.324887e-03,-4.552773e-03
5.31400,4.602497e+02,1.488417e+02,-1.184999e-03,-3.371038e-03
5.31500,4.622216e+02,1.473432e+02,-1.052435e-03,-2.179455e-03
5.31600,4.641465e+02,1.455594e+02,-9.278956e-04,-9.793457e-04
5.31700,4.661322e+02,1.426854e+02,-8.120555e-04,2.280237e-04
5.31800,4.679311e+02,1.412467e+02,-7.055763e-04,1.441230e-03
5.31900,4.697996e+02,1.373782e+02,-6.091002e-04,2.658838e-03
5.32000,4.715353e+02,1.358714e+02,-5.232162e-04,3.879378e-03
5.32100,4.734212e+02,1.314827e+02,-4.484713e-04,5.101278e-03
5.32200,4.750973e+02,1.291661e+02,-3.853563e-04,6.322986e-03
5.32300,4.768003e+02,1.252177e+02,-3.343258e-04,7.542842e-03
5.32400,4.783603e+02,1.225292e+02,-2.957746e-04,8.759150e-03
5.32500,4.798986e+02,1.193275e+02,-2.700396e-04,9.970215e-03
5.32600,4.813048e+02,1.155761e+02,-2.573868e-04,1.117420e-02
5.32700,4.826407e+02,1.123512e+02,-2.580045e-04,1.236936e-02
5.32800,4.839214e+02,1.076212e+02,-2.720087e-04,1.355382e-02
5.32900,4.850022e+02,1.052069e+02,-2.994420e-04,1.472572e-02
5.33000,4.859737e+02,1.003247e+02,-3.402723e-04,1.588321e-02
5.33100,4.866724e+02,9.791595e+01,-3.943873e-04,1.702446e-02
5.33200,4.872985e+02,9.302917e+01,-4.615777e-04,1.814757e-02
5.33300,4.877189e+02,9.002224e+01,-5.415543e-04,1.925074e-02
5.33400,4.881103e+02,8.636124e+01,-6.339571e-04,2.033212e-02
5.33500,4.882837e+02,8.247039e+01,-7.383505e-04,2.138998e-02
5.33600,4.881919e+02,7.880343e+01,-8.542007e-04,2.242257e-02
5.33700,4.881423e+02,7.372830e+01,-9.809131e-04,2.342819e-02
5.33800,4.878145e+02,7.069452e+01,-1.117825e-03,2.440521e-02
5.33900,4.874163e+02,6.599578e+01,-1.264198e-03,2.535211e-02
5.34000,4.865510e+02,6.388429e+01,-1.419236e-03,2.626742e-02
5.34100,4.859643e+02,5.870456e+01,-1.582099e-03,2.714972e-02
5.34200,4.849442e+02,5.667047e+01,-1.751909e-03,2.799772e-02
5.34300,4.840092e+02,5.130201e+01,-1.927725e-03,2.881020e-02
5.34400,4.826552e+02,4.926579e+01,-2.108579e-03,2.958604e-02
5.34500,4.815788e+02,4.437423e+01,-2.293506e-03,3.032425e-02
5.34600,4.800913e+02,4.116603e+01,-2.481505e-03,3.102386e-02
5.34700,4.786217e+02,3.682597e+01,-2.671566e-03,3.168406e-02
5.34800,4.770069e+02,3.289414e+01,-2.862671e-03,3.230410e-02
5.34900,4.753631e+02,2.962519e+01,-3.053828e-03,3.288339e-02
5.35000,4.735794e+02,2.565227e+01,-3.244049e-03,3.342136e-02
5.35100,4.716975e+02,2.261481e+01,-3.432356e-03,3.391756e-02
5.35200,4.700671e+02,1.788052e+01,-3.617801e-03,3.437164e-02
5.35300,4.681937e+02,1.436447e+01,-3.799474e-03,3.478335e-02
5.35400,4.664067e+02,9.426309e+00,-3.976496e-03,3.515251e-02
5.35500,4.643841e+02,5.745786e+00,-4.148013e-03,3.547898e-02
5.35600,4.626965e+02,1.175525e+00,-4.313228e-03,3.576274e-02
5.35700,4.609245e+02,-3.034719e+00,-4.471387e-03,3.600384e-02
5.35800,4.592427e+02,-7.321538e+00,-4.621777e-03,3.620235e-02
5.35900,4.574073e+02,-1.245977e+01,-4.763736e-03,3.635843e-02
5.36000,4.558056e+02,-1.621336e+01,-4.896658e-03,3.647228e-02
5.36100,4.542323e+02,-2.173722e+01,-5.019975e-03,3.654413e-02
5.36200,4.526057e+02,-2.550323e+01,-5.133186e-03,3.657430e-02
5.36300,4.511084e+02,-3.189231e+01,-5.235855e-03,3.656316e-02
5.36400,4.496727e+02,-3.603584e+01,-5.327584e-03,3.651104e-02
5.36500,4.482625e+02,-4.169437e+01,-5.408034e-03,3.641839e-02
5.36600,4.467084e+02,-4.553470e+01,-5.476913e-03,3.628564e-02
5.36700,4.455763e+02,-5.080753e+01,-5.534018e-03,3.611330e-02
5.36800,4.447195e+02,-5.609845e+01,-5.579168e-03,3.590185e-02
5.36900,4.436567e+02,-6.109942e+01,-5.612239e-03,3.565182e-02
5.37000,4.425112e+02,-6.665850e+01,-5.633168e-03,3.536377e-02
5.37100,4.416758e+02,-7.081541e+01,-5.641948e-03,3.503826e-02
5.37200,4.410984e+02,-7.727019e+01,-5.638614e-03,3.467589e-02
5.37300,4.403301e+02,-8.154240e+01,-5.623249e-03,3.427726e-02
5.37400,4.396512e+02,-8.786175e+01,-5.595985e-03,3.384297e-02
5.37500,4.390493e+02,-9.103167e+01,-5.557007e-03,3.337364e-02
5.37600,4.387061e+02,-9.663688e+01,-5.506538e-03,3.286994e-02
5.37700,4.382498e+02,-1.002261e+02,-5.444844e-03,3.233249e-02
5.37800,4.381085e+02,-1.060905e+02,-5.372233e-03,3.176193e-02
5.37900,4.380454e+02,-1.100824e+02,-5.289042e-03,3.115893e-02
5.38000,4.379206e+02,-1.147433e+02,-5.195642e-03,3.052412e-02
5.38100,4.376930e+02,-1.186519e+02,-5.092461e-03,2.985820e-02
5.38200,4.376838e+02,-1.224226e+02,-4.979945e-03,2.916181e-02
5.38300,4.380434e+02,-1.266635e+02,-4.858571e-03,2.843563e-02
5.38400,4.385085e+02,-1.296978e+02,-4.728834e-03,2.768031e-02
5.38500,4.387542e+02,-1.332951e+02,-4.591281e-03,2.689654e-02
5.38600,4.391188e+02,-1.357797e+02,-4.446491e-03,2.608502e-02
5.38700,4.396618e+02,-1.391333e+02,-4.295048e-03,2.524642e-02
5.38800,4.403943e+02,-1.417035e+02,-4.137564e-03,2.438147e-02
5.38900,4.410208e+02,-1.444777e+02,-3.974686e-03,2.349090e-02
5.39000,4.419065e+02,-1.465179e+02,-3.807076e-03,2.257541e-02
5.39100,4.428227e+02,-1.477613e+02,-3.635425e-03,2.163577e-02
5.39200,4.437882e+02,-1.493452e+02,-3.460425e-03,2.067275e-02
5.39300,4.446294e+02,-1.498866e+02,-3.282783e-03,1.968709e-02
5.39400,4.459020e+02,-1.517510e+02,-3.103244e-03,1.867963e-02
5.39500,4.470935e+02,-1.515291e+02,-2.922553e-03,1.765120e-02
5.39600,4.483032e+02,-1.527847e+02,-2.741467e-03,1.660262e-02
5.39700,4.494532e+02,-1.518358e+02,-2.560756e-03,1.553480e-02
5.39800,4.508836e+02,-1.526406e+02,-2.381193e-03,1.444867e-02
5.39900,4.522795e+02,-1.516044e+02,-2.203560e-03,1.334517e-02
5.40000,4.537264e+02,-1.512227e+02,-2.028633e-03,1.222528e-02
5.40100,4.552894e+02,-1.494244e+02,-1.857196e-03,1.109004e-02
5.40200,4.569642e+02,-1.478663e+02,-1.690031e-03,9.940513e-03
5.40300,4.586471e+02,-1.466630e+02,-1.527909e-03,8.777824e-03
5.40400,4.602590e+02,-1.445218e+02,-1.371588e-03,7.603135e-03
5.40500,4.619014e+02,-1.431554e+02,-1.221814e-03,6.417652e-03
5.40600,4.635210e+02,-1.398770e+02,-1.079322e-03,5.222634e-03
5.40700,4.652231e+02,-1.381039e+02,-9.448283e-04,4.019395e-03
5.40800,4.668854e+02,-1.345268e+02,-8.190136e-04,2.809286e-03
5.40900,4.685517e+02,-1.323504e+02,-7.025373e-04,1.593740e-03
5.41000,4.701425e+02,-1.283298e+02,-5.960262e-04,3.741625e-04
5.41100,4.717118e+02,-1.254700e+02,-5.000759e-04,-8.479027e-04
5.41200,4.732350e+02,-1.216432e+02,-4.152213e-04,-2.070899e-03
5.41300,4.748689e+02,-1.186333e+02,-3.419587e-04,-3.293251e-03
5.41400,4.764050e+02,-1.152968e+02,-2.807396e-04,-4.513311e-03
5.41500,4.777472e+02,-1.115007e+02,-2.319587e-04,-5.729422e-03
5.41600,4.789088e+02,-1.080628e+02,-1.959386e-04,-6.939862e-03
5.41700,4.802027e+02,-1.034489e+02,-1.729435e-04,-8.142876e-03
5.41800,4.813812e+02,-1.000651e+02,-1.631728e-04,-9.336747e-03
5.41900,4.824345e+02,-9.561980e+01,-1.667547e-04,-1.051967e-02
5.42000,4.832079e+02,-9.229125e+01,-1.837351e-04,-1.168984e-02
5.42100,4.838638e+02,-8.808732e+01,-2.140960e-04,-1.284546e-02
5.42200,4.844096e+02,-8.436364e+01,-2.577354e-04,-1.398472e-02
5.42300,4.849618e+02,-8.053492e+01,-3.144652e-04,-1.510583e-02
5.42400,4.853248e+02,-7.640128e+01,-3.840118e-04,-1.620702e-02
5.42500,4.853833e+02,-7.284188e+01,-4.660444e-04,-1.728652e-02
5.42600,4.853538e+02,-6.804490e+01,-5.601505e-04,-1.834262e-02
5.42700,4.852778e+02,-6.465771e+01,-6.658342e-04,-1.937364e-02
5.42800,4.850633e+02,-5.990344e+01,-7.825193e-04,-2.037795e-02
5.42900,4.844776e+02,-5.723248e+01,-9.095716e-04,-2.135398e-02
5.43000,4.838441e+02,-5.295243e+01,-1.046299e-03,-2.230020e-02
5.43100,4.831131e+02,-5.003323e+01,-1.191952e-03,-2.321521e-02
5.43200,4.823258e+02,-4.562196e+01,-1.345720e-03,-2.409764e-02
5.43300,4.813130e+02,-4.228841e+01,-1.506749e-03,-2.494623e-02
5.43400,4.801003e+02,-3.841659e+01,-1.674142e-03,-2.575978e-02
5.43500,4.787924e+02,-3.466990e+01,-1.846975e-03,-2.653719e-02
5.43600,4.774384e+02,-3.091913e+01,-2.024308e-03,-2.727744e-02
5.43700,4.760712e+02,-2.663704e+01,-2.205172e-03,-2.797966e-02
5.43800,4.744686e+02,-2.362747e+01,-2.388593e-03,-2.864304e-02
5.43900,4.727841e+02,-1.966799e+01,-2.573585e-03,-2.926684e-02
5.44000,4.710019e+02,-1.705671e+01,-2.759187e-03,-2.985045e-02
5.44100,4.692760e+02,-1.238391e+01,-2.944431e-03,-3.039333e-02
5.44200,4.674973e+02,-8.954482e+00,-3.128366e-03,-3.089507e-02
5.44300,4.657614e+02,-4.436364e+00,-3.310066e-03,-3.135532e-02
5.44400,4.638053e+02,-1.224684e+00,-3.488643e-03,-3.177379e-02
5.44500,4.617823e+02,2.535062e+00,-3.663239e-03,-3.215033e-02
5.44600,4.600470e+02,6.280374e+00,-3.833002e-03,-3.248480e-02
5.44700,4.584516e+02,1.022629e+01,-3.997139e-03,-3.277719e-02
5.44800,4.566776e+02,1.444486e+01,-4.154913e-03,-3.302752e-02
5.44900,4.546419e+02,1.789236e+01,-4.305629e-03,-3.323591e-02
5.45000,4.529125e+02,2.211439e+01,-4.448632e-03,-3.340251e-02
5.45100,4.513406e+02,2.593758e+01,-4.583311e-03,-3.352756e-02
5.45200,4.497534e+02,3.122497e+01,-4.709106e-03,-3.361130e-02
5.45300,4.480598e+02,3.562660e+01,-4.825512e-03,-3.365404e-02
5.45400,4.464055e+02,4.006762e+01,-4.932081e-03,-3.365614e-02
5.45500,4.448420e+02,4.395042e+01,-5.028419e-03,-3.361797e-02
5.45600,4.434570e+02,4.810720e+01,-5.114175e-03,-3.353997e-02
5.45700,4.423643e+02,5.313531e+01,-5.189037e-03,-3.342256e-02
5.45800,4.412247e+02,5.771660e+01,-5.252766e-03,-3.326625e-02
5.45900,4.399958e+02,6.294239e+01,-5.305166e-03,-3.307148e-02
5.46000,4.386827e+02,6.686005e+01,-5.346101e-03,-3.283879e-02
5.46100,4.378597e+02,7.234957e+01,-5.375467e-03,-3.256871e-02
5.46200,4.370886e+02,7.654388e+01,-5.393211e-03,-3.226176e-02
5.46300,4.364226e+02,8.218172e+01,-5.399346e-03,-3.191851e-02
5.46400,4.354880e+02,8.587815e+01,-5.393911e-03,-3.153951e-02
5.46500,4.347545e+02,9.058100e+01,-5.376997e-03,-3.112533e-02
5.46600,4.341379e+02,9.466512e+01,-5.348742e-03,-3.067657e-02
5.46700,4.337813e+02,9.973247e+01,-5.309322e-03,-3.019378e-02
5.46800,4.334785e+02,1.045728e+02,-5.258944e-03,-2.967756e-02
5.46900,4.332905e+02,1.088079e+02,-5.197860e-03,-2.912849e-02
5.47000,4.330299e+02,1.130929e+02,-5.126378e-03,-2.854718e-02
5.47100,4.327941e+02,1.167707e+02,-5.044827e-03,-2.793422e-02
5.47200,4.328245e+02,1.211380e+02,-4.953563e-03,-2.729022e-02
5.47300,4.330771e+02,1.243223e+02,-4.852980e-03,-2.661578e-02
5.47400,4.333911e+02,1.281607e+02,-4.743522e-03,-2.591153e-02
5.47500,4.335187e+02,1.308652e+02,-4.625652e-03,-2.517806e-02
5.47600,4.337951e+02,1.345051e+02,-4.499861e-03,-2.441600e-02
5.47700,4.342405e+02,1.376290e+02,-4.366667e-03,-2.362597e-02
5.47800,4.348918e+02,1.408260e+02,-4.226622e-03,-2.280861e-02
5.47900,4.355734e+02,1.435218e+02,-4.080301e-03,-2.196457e-02
5.48000,4.363107e+02,1.452733e+02,-3.928302e-03,-2.109453e-02
5.48100,4.370448e+02,1.474550e+02,-3.771257e-03,-2.019914e-02
5.48200,4.379704e+02,1.489881e+02,-3.609818e-03,-1.927910e-02
5.48300,4.390611e+02,1.513679e+02,-3.444651e-03,-1.833511e-02
5.48400,4.403214e+02,1.525596e+02,-3.276440e-03,-1.736791e-02
5.48500,4.415012e+02,1.540600e+02,-3.105896e-03,-1.637826e-02
5.48600,4.426611e+02,1.545088e+02,-2.933751e-03,-1.536693e-02
5.48700,4.438760e+02,1.555420e+02,-2.760752e-03,-1.433473e-02
5.48800,4.453581e+02,1.559451e+02,-2.587649e-03,-1.328250e-02
5.48900,4.469753e+02,1.560941e+02,-2.415202e-03,-1.221112e-02
5.49000,4.485897e+02,1.555665e+02,-2.244184e-03,-1.112149e-02
5.49100,4.500557e+02,1.543632e+02,-2.075375e-03,-1.001455e-02
5.49200,4.516452e+02,1.541046e+02,-1.909570e-03,-8.891284e-03
5.49300,4.534397e+02,1.533007e+02,-1.747552e-03,-7.752717e-03
5.49400,4.553808e+02,1.533269e+02,-1.590093e-03,-6.599911e-03
5.49500,4.572737e+02,1.513890e+02,-1.437965e-03,-5.433992e-03
5.49600,4.591020e+02,1.500936e+02,-1.291940e-03,-4.256122e-03
5.49700,4.608506e+02,1.478905e+02,-1.152782e-03,-3.067530e-03
5.49800,4.626657e+02,1.467982e+02,-1.021220e-03,-1.869486e-03
5.49900,4.646480e+02,1.447142e+02,-8.979607e-04,-6.633042e-04
5.50000,4.666682e+02,1.423626e+02,-7.836945e-04,5.496367e-04
5.50100,4.685061e+02,1.395733e+02,-6.790805e-04,1.767908e-03
5.50200,4.702630e+02,1.371392e+02,-5.847389e-04,2.990023e-03
5.50300,4.720470e+02,1.352504e+02,-5.012553e-04,4.214446e-03
5.50400,4.738888e+02,1.326412e+02,-4.291689e-04,5.439586e-03
5.50500,4.756438e+02,1.299033e+02,-3.689614e-04,6.663786e-03
5.50600,4.773870e+02,1.259560e+02,-3.210560e-04,7.885375e-03
5.50700,4.789734e+02,1.229537e+02,-2.858291e-04,9.102608e-03
5.50800,4.804124e+02,1.195694e+02,-2.635914e-04,1.031372e-02
5.50900,4.817025e+02,1.169877e+02,-2.545752e-04,1.151691e-02
5.51000,4.829788e+02,1.134805e+02,-2.589364e-04,1.271036e-02
5.51100,4.841443e+02,1.099171e+02,-2.767625e-04,1.389221e-02
5.51200,4.851979e+02,1.063199e+02,-3.080627e-04,1.506060e-02
5.51300,4.861149e+02,1.027587e+02,-3.527629e-04,1.621367e-02
5.51400,4.867980e+02,9.965735e+01,-4.107067e-04,1.734954e-02
5.51500,4.873472e+02,9.541565e+01,-4.816547e-04,1.846637e-02
5.51600,4.877901e+02,9.140524e+01,-5.652800e-04,1.956234e-02
5.51700,4.881696e+02,8.683096e+01,-6.611740e-04,2.063565e-02
5.51800,4.882438e+02,8.372054e+01,-7.688540e-04,2.168454e-02
5.51900,4.880955e+02,8.036017e+01,-8.877681e-04,2.270731e-02
5.52000,4.878021e+02,7.724677e+01,-1.017282e-03,2.370230e-02
5.52100,4.874969e+02,7.306089e+01,-1.156692e-03,2.466794e-02
5.52200,4.870347e+02,6.893779e+01,-1.305234e-03,2.560270e-02
5.52300,4.863483e+02,6.531872e+01,-1.462089e-03,2.650517e-02
5.52400,4.854580e+02,6.169775e+01,-1.626394e-03,2.737400e-02
5.52500,4.844446e+02,5.837121e+01,-1.797245e-03,2.820793e-02
5.52600,4.834005e+02,5.367595e+01,-1.973709e-03,2.900582e-02
5.52700,4.821532e+02,4.996547e+01,-2.154812e-03,2.976660e-02
5.52800,4.808382e+02,4.595376e+01,-2.339559e-03,3.048931e-02
5.52900,4.793168e+02,4.328627e+01,-2.526962e-03,3.117307e-02
5.53000,4.777187e+02,3.926132e+01,-2.716029e-03,3.181713e-02
5.53100,4.760336e+02,3.513044e+01,-2.905765e-03,3.242082e-02
5.53200,4.744831e+02,3.007654e+01,-3.095170e-03,3.298358e-02
5.53300,4.728434e+02,2.603366e+01,-3.283271e-03,3.350492e-02
5.53400,4.710129e+02,2.220639e+01,-3.469124e-03,3.398447e-02
5.53500,4.690953e+02,1.827124e+01,-3.651812e-03,3.442193e-02
5.53600,4.673512e+02,1.403286e+01,-3.830444e-03,3.481707e-02
5.53700,4.656954e+02,9.065404e+00,-4.004155e-03,3.516975e-02
5.53800,4.639097e+02,4.973428e+00,-4.172128e-03,3.547990e-02
5.53900,4.620595e+02,4.476940e-01,-4.333597e-03,3.574754e-02
5.54000,4.601769e+02,-3.662050e+00,-4.487840e-03,3.597272e-02
5.54100,4.584228e+02,-8.951032e+00,-4.634177e-03,3.615559e-02
5.54200,4.567570e+02,-1.412833e+01,-4.771970e-03,3.629633e-02
5.54300,4.551506e+02,-1.922849e+01,-4.900639e-03,3.639517e-02
5.54400,4.534674e+02,-2.363488e+01,-5.019664e-03,3.645241e-02
5.54500,4.517840e+02,-2.788026e+01,-5.128573e-03,3.646835e-02
5.54600,4.502827e+02,-3.290459e+01,-5.226943e-03,3.644336e-02
5.54700,4.489255e+02,-3.810293e+01,-5.314402e-03,3.637786e-02
5.54800,4.476529e+02,-4.390123e+01,-5.390644e-03,3.627228e-02
5.54900,4.463706e+02,-4.858925e+01,-5.455427e-03,3.612710e-02
5.55000,4.451339e+02,-5.384710e+01,-5.508541e-03,3.594280e-02
5.55100,4.439973e+02,-5.869351e+01,-5.549829e-03,3.571991e-02
5.55200,4.430695e+02,-6.456793e+01,-5.579189e-03,3.545893e-02
5.55300,4.422087e+02,-6.961777e+01,-5.596577e-03,3.516044e-02
5.55400,4.413240e+02,-7.456409e+01,-5.601997e-03,3.482499e-02
5.55500,4.404653e+02,-7.893431e+01,-5.595493e-03,3.445317e-02
5.55600,4.397854e+02,-8.376425e+01,-5.577163e-03,3.404557e-02
5.55700,4.393113e+02,-8.930819e+01,-5.547145e-03,3.360280e-02
5.55800,4.388374e+02,-9.450332e+01,-5.505622e-03,3.312548e-02
5.55900,4.384377e+02,-9.955013e+01,-5.452825e-03,3.261422e-02
5.56000,4.380166e+02,-1.033059e+02,-5.389017e-03,3.206964e-02
5.56100,4.377478e+02,-1.078295e+02,-5.314498e-03,3.149238e-02
5.56200,4.375993e+02,-1.119979e+02,-5.229607e-03,3.088306e-02
5.56300,4.376843e+02,-1.168124e+02,-5.134726e-03,3.024234e-02
5.56400,4.377855e+02,-1.204627e+02,-5.030267e-03,2.957085e-02
5.56500,4.378693e+02,-1.240000e+02,-4.916670e-03,2.886924e-02
5.56600,4.379241e+02,-1.273384e+02,-4.794405e-03,2.813817e-02
5.56700,4.382238e+02,-1.311257e+02,-4.663983e-03,2.737828e-02
5.56800,4.387464e+02,-1.348202e+02,-4.525937e-03,2.659024e-02
5.56900,4.392706e+02,-1.374532e+02,-4.380827e-03,2.577472e-02
5.57000,4.397159e+02,-1.395605e+02,-4.229238e-03,2.493240e-02
5.57100,4.402682e+02,-1.409970e+02,-4.071784e-03,2.406396e-02
5.57200,4.410812e+02,-1.434493e+02,-3.909101e-03,2.317013e-02
5.57300,4.419617e+02,-1.455621e+02,-3.741844e-03,2.225158e-02
5.57400,4.428699e+02,-1.476925e+02,-3.570687e-03,2.130907e-02
5.57500,4.438363e+02,-1.484829e+02,-3.396326e-03,2.034333e-02
5.57600,4.448260e+02,-1.491266e+02,-3.219479e-03,1.935514e-02
5.57700,4.458431e+02,-1.498947e+02,-3.040878e-03,1.834530e-02
5.57800,4.470492e+02,-1.505272e+02,-2.861264e-03,1.731463e-02
5.57900,4.484631e+02,-1.506058e+02,-2.681390e-03,1.626398e-02
5.58000,4.498149e+02,-1.494566e+02,-2.502025e-03,1.519423e-02
5.58100,4.510830e+02,-1.485433e+02,-2.323945e-03,1.410631e-02
5.58200,4.524529e+02,-1.475871e+02,-2.147927e-03,1.300117e-02
5.58300,4.540568e+02,-1.475738e+02,-1.974752e-03,1.187981e-02
5.58400,4.556585e+02,-1.464601e+02,-1.805202e-03,1.074326e-02
5.58500,4.572278e+02,-1.450273e+02,-1.640058e-03,9.592619e-03
5.58600,4.587963e+02,-1.425865e+02,-1.480092e-03,8.429006e-03
5.58700,4.604594e+02,-1.406904e+02,-1.326061e-03,7.253597e-03
5.58800,4.621489e+02,-1.388717e+02,-1.178719e-03,6.067623e-03
5.58900,4.638471e+02,-1.367294e+02,-1.038799e-03,4.872358e-03
5.59000,4.655256e+02,-1.339981e+02,-9.070103e-04,3.669130e-03
5.59100,4.671887e+02,-1.306374e+02,-7.840399e-04,2.459318e-03
5.59200,4.687814e+02,-1.280342e+02,-6.705450e-04,1.244348e-03
5.59300,4.703473e+02,-1.252212e+02,-5.671465e-04,2.569617e-05
5.59400,4.719660e+02,-1.225887e+02,-4.744264e-04,-1.195106e-03
5.59500,4.735970e+02,-1.186605e+02,-3.929231e-04,-2.416478e-03
5.59600,4.750896e+02,-1.149196e+02,-3.231263e-04,-3.636801e-03
5.59700,4.764913e+02,-1.110754e+02,-2.654710e-04,-4.854411e-03
5.59800,4.778894e+02,-1.080490e+02,-2.203348e-04,-6.067607e-03
5.59900,4.791894e+02,-1.048390e+02,-1.880329e-04,-7.274653e-03
5.60000,4.803077e+02,-1.013290e+02,-1.688123e-04,-8.473776e-03
5.60100,4.813599e+02,-9.748484e+01,-1.628503e-04,-9.663190e-03
5.60200,4.823779e+02,-9.353611e+01,-1.702538e-04,-1.084109e-02
5.60300,4.831625e+02,-9.014649e+01,-1.910528e-04,-1.200565e-02
5.60400,4.837483e+02,-8.644049e+01,-2.251957e-04,-1.315506e-02
5.60500,4.843069e+02,-8.284016e+01,-2.725523e-04,-1.428747e-02
5.60600,4.848304e+02,-7.841277e+01,-3.329140e-04,-1.540110e-02
5.60700,4.850753e+02,-7.462249e+01,-4.059892e-04,-1.649415e-02
5.60800,4.851176e+02,-7.111627e+01,-4.914055e-04,-1.756486e-02
5.60900,4.850592e+02,-6.823054e+01,-5.887174e-04,-1.861153e-02
5.61000,4.848892e+02,-6.482502e+01,-6.974034e-04,-1.963248e-02
5.61100,4.845357e+02,-6.066904e+01,-8.168686e-04,-2.062609e-02
5.61200,4.840457e+02,-5.651275e+01,-9.464512e-04,-2.159080e-02
5.61300,4.834535e+02,-5.255491e+01,-1.085430e-03,-2.252513e-02
5.61400,4.826610e+02,-4.944785e+01,-1.233024e-03,-2.342765e-02
5.61500,4.816980e+02,-4.576511e+01,-1.388405e-03,-2.429705e-02
5.61600,4.806376e+02,-4.218913e+01,-1.550700e-03,-2.513208e-02
5.61700,4.795323e+02,-3.812369e+01,-1.719008e-03,-2.593158e-02
5.61800,4.782443e+02,-3.504300e+01,-1.892388e-03,-2.669451e-02
5.61900,4.767885e+02,-3.183284e+01,-2.069883e-03,-2.741989e-02
5.62000,4.752160e+02,-2.863701e+01,-2.250523e-03,-2.810686e-02
5.62100,4.736553e+02,-2.457637e+01,-2.433337e-03,-2.875466e-02
5.62200,4.720383e+02,-2.041959e+01,-2.617347e-03,-2.936263e-02
5.62300,4.702918e+02,-1.678608e+01,-2.801578e-03,-2.993017e-02
5.62400,4.684778e+02,-1.347823e+01,-2.985079e-03,-3.045683e-02
5.62500,4.666181e+02,-1.032443e+01,-3.166920e-03,-3.094220e-02
5.62600,4.648336e+02,-6.231964e+00,-3.346192e-03,-3.138599e-02
5.62700,4.630903e+02,-2.233131e+00,-3.522013e-03,-3.178798e-02
5.62800,4.613953e+02,1.991416e+00,-3.693537e-03,-3.214805e-02
5.62900,4.595621e+02,5.534064e+00,-3.859961e-03,-3.246612e-02
5.63000,4.576630e+02,9.605436e+00,-4.020519e-03,-3.274222e-02
5.63100,4.557931e+02,1.380035e+01,-4.174488e-03,-3.297641e-02
5.63200,4.540844e+02,1.831297e+01,-4.321193e-03,-3.316885e-02
5.63300,4.524050e+02,2.253428e+01,-4.460009e-03,-3.331973e-02
5.63400,4.506893e+02,2.631102e+01,-4.590360e-03,-3.342928e-02
5.63500,4.489697e+02,3.035149e+01,-4.711718e-03,-3.349780e-02
5.63600,4.473402e+02,3.466747e+01,-4.823606e-03,-3.352564e-02
5.63700,4.459042e+02,3.994241e+01,-4.925600e-03,-3.351317e-02
5.63800,4.445493e+02,4.495364e+01,-5.017330e-03,-3.346080e-02
5.63900,4.432264e+02,4.993324e+01,-5.098477e-03,-3.336897e-02
5.64000,4.418743e+02,5.426737e+01,-5.168766e-03,-3.323814e-02
5.64100,4.406385e+02,5.909686e+01,-5.227977e-03,-3.306881e-02
5.64200,4.395400e+02,6.406989e+01,-5.275939e-03,-3.286147e-02
5.64300,4.385266e+02,6.916039e+01,-5.312535e-03,-3.261667e-02
5.64400,4.375392e+02,7.378637e+01,-5.337695e-03,-3.233493e-02
5.64500,4.366180e+02,7.804461e+01,-5.351397e-03,-3.201680e-02
5.64600,4.358654e+02,8.285122e+01,-5.353654e-03,-3.166286e-02
5.64700,4.352593e+02,8.785517e+01,-5.344533e-03,-3.127367e-02
5.64800,4.347021e+02,9.317368e+01,-5.324143e-03,-3.084982e-02
5.64900,4.340739e+02,9.747606e+01,-5.292636e-03,-3.039187e-02
5.65000,4.335435e+02,1.016392e+02,-5.250196e-03,-2.990041e-02
5.65100,4.331755e+02,1.054718e+02,-5.197045e-03,-2.937605e-02
5.65200,4.330185e+02,1.100588e+02,-5.133452e-03,-2.881936e-02
5.65300,4.329010e+02,1.144336e+02,-5.059721e-03,-2.823093e-02
5.65400,4.328135e+02,1.186425e+02,-4.976187e-03,-2.761137e-02
5.65500,4.327467e+02,1.224445e+02,-4.883216e-03,-2.696128e-02
5.65600,4.328401e+02,1.262487e+02,-4.781209e-03,-2.628125e-02
5.65700,4.331601e+02,1.303300e+02,-4.670601e-03,-2.557189e-02
5.65800,4.335797e+02,1.338090e+02,-4.551850e-03,-2.483381e-02
5.65900,4.339332e+02,1.369297e+02,-4.425450e-03,-2.406763e-02
5.66000,4.343181e+02,1.392424e+02,-4.291921e-03,-2.327396e-02
5.66100,4.349190e+02,1.418844e+02,-4.151805e-03,-2.245343e-02
5.66200,4.356716e+02,1.444379e+02,-4.005667e-03,-2.160668e-02
5.66300,4.364388e+02,1.471304e+02,-3.854100e-03,-2.073437e-02
5.66400,4.372359e+02,1.490827e+02,-3.697724e-03,-1.983714e-02
5.66500,4.381453e+02,1.505865e+02,-3.537189e-03,-1.891568e-02
5.66600,4.391544e+02,1.517262e+02,-3.373153e-03,-1.797070e-02
5.66700,4.402952e+02,1.527597e+02,-3.206288e-03,-1.700290e-02
5.66800,4.415941e+02,1.537577e+02,-3.037295e-03,-1.601304e-02
5.66900,4.429328e+02,1.541121e+02,-2.866893e-03,-1.500186e-02
5.67000,4.442472e+02,1.544279e+02,-2.695818e-03,-1.397016e-02
5.67100,4.456105e+02,1.543067e+02,-2.524808e-03,-1.291876e-02
5.67200,4.471026e+02,1.547054e+02,-2.354613e-03,-1.184852e-02
5.67300,4.486753e+02,1.547480e+02,-2.185997e-03,-1.076033e-02
5.67400,4.503003e+02,1.545046e+02,-2.019730e-03,-9.655117e-03
5.67500,4.519890e+02,1.533559e+02,-1.856586e-03,-8.533861e-03
5.67600,4.537269e+02,1.519486e+02,-1.697338e-03,-7.397573e-03
5.67700,4.555036e+02,1.506074e+02,-1.542754e-03,-6.247315e-03
5.67800,4.573427e+02,1.493453e+02,-1.393599e-03,-5.084200e-03
5.67900,4.592588e+02,1.480275e+02,-1.250631e-03,-3.909386e-03
5.68000,4.611728e+02,1.460482e+02,-1.114595e-03,-2.724082e-03
5.68100,4.630285e+02,1.440660e+02,-9.862156e-04,-1.529554e-03
5.68200,4.648361e+02,1.417859e+02,-8.661952e-04,-3.271216e-04
5.68300,4.666771e+02,1.398954e+02,-7.552150e-04,8.818325e-04
5.68400,4.685754e+02,1.373892e+02,-6.539258e-04,2.095875e-03
5.68500,4.704600e+02,1.346410e+02,-5.629373e-04,3.313521e-03
5.68600,4.722542e+02,1.314359e+02,-4.828198e-04,4.533229e-03
5.68700,4.739716e+02,1.286273e+02,-4.141035e-04,5.753409e-03
5.68800,4.756596e+02,1.262238e+02,-3.572675e-04,6.972416e-03
5.68900,4.773445e+02,1.237371e+02,-3.127277e-04,8.188556e-03
5.69000,4.789938e+02,1.208493e+02,-2.808388e-04,9.400095e-03
5.69100,4.805124e+02,1.172604e+02,-2.618957e-04,1.060525e-02
5.69200,4.817854e+02,1.138186e+02,-2.561277e-04,1.180223e-02
5.69300,4.829103e+02,1.103012e+02,-2.636885e-04,1.298919e-02
5.69400,4.840147e+02,1.069660e+02,-2.846495e-04,1.416428e-02
5.69500,4.850913e+02,1.030822e+02,-3.189984e-04,1.532563e-02
5.69600,4.859556e+02,9.923378e+01,-3.666457e-04,1.647137e-02
5.69700,4.865916e+02,9.544433e+01,-4.274267e-04,1.759964e-02
5.69800,4.870815e+02,9.217399e+01,-5.010924e-04,1.870858e-02
5.69900,4.874966e+02,8.895258e+01,-5.873019e-04,1.979638e-02
5.70000,4.878038e+02,8.529906e+01,-6.856291e-04,2.086124e-02
5.70100,4.879500e+02,8.139139e+01,-7.955762e-04,2.190140e-02
5.70200,4.878874e+02,7.738112e+01,-9.165745e-04,2.291517e-02
5.70300,4.875810e+02,7.410874e+01,-1.047981e-03,2.390089e-02
5.70400,4.871083e+02,7.082798e+01,-1.189080e-03,2.485699e-02
5.70500,4.864835e+02,6.762449e+01,-1.339096e-03,2.578198e-02
5.70600,4.857549e+02,6.384004e+01,-1.497203e-03,2.667444e-02
5.70700,4.848859e+02,6.026749e+01,-1.662525e-03,2.753303e-02
5.70800,4.838904e+02,5.681407e+01,-1.834153e-03,2.835653e-02
5.70900,4.827689e+02,5.342195e+01,-2.011139e-03,2.914378e-02
5.71000,4.815449e+02,4.962086e+01,-2.192508e-03,2.989374e-02
5.71100,4.802178e+02,4.544544e+01,-2.377270e-03,3.060547e-02
5.71200,4.787869e+02,4.147063e+01,-2.564428e-03,3.127811e-02
5.71300,4.772619e+02,3.778562e+01,-2.752980e-03,3.191091e-02
5.71400,4.756290e+02,3.453785e+01,-2.941927e-03,3.250323e-02
5.71500,4.739336e+02,3.078029e+01,-3.130285e-03,3.305451e-02
5.71600,4.722107e+02,2.681686e+01,-3.317087e-03,3.356429e-02
5.71700,4.705273e+02,2.233407e+01,-3.501389e-03,3.403222e-02
5.71800,4.687463e+02,1.812559e+01,-3.682274e-03,3.445800e-02
5.71900,4.668575e+02,1.382382e+01,-3.858860e-03,3.484143e-02
5.72000,4.649415e+02,9.466918e+00,-4.030305e-03,3.518239e-02
5.72100,4.631225e+02,4.866351e+00,-4.195803e-03,3.548084e-02
5.72200,4.613964e+02,2.584060e-01,-4.354593e-03,3.573679e-02
5.72300,4.596770e+02,-4.023736e+00,-4.505962e-03,3.595034e-02
5.72400,4.579153e+02,-8.378939e+00,-4.649248e-03,3.612162e-02
5.72500,4.561190e+02,-1.288452e+01,-4.783837e-03,3.625086e-02
5.72600,4.544435e+02,-1.809598e+01,-4.909170e-03,3.633829e-02
5.72700,4.529399e+02,-2.335506e+01,-5.024739e-03,3.638423e-02
5.72800,4.515214e+02,-2.875123e+01,-5.130087e-03,3.638902e-02
5.72900,4.500289e+02,-3.376804e+01,-5.224811e-03,3.635304e-02
5.73000,4.485441e+02,-3.880083e+01,-5.308573e-03,3.627671e-02
5.73100,4.471914e+02,-4.385347e+01,-5.381080e-03,3.616049e-02
5.73200,4.460194e+02,-4.899196e+01,-5.442095e-03,3.600485e-02
5.73300,4.449545e+02,-5.408812e+01,-5.491430e-03,3.581030e-02
5.73400,4.438917e+02,-5.892589e+01,-5.528959e-03,3.557736e-02
5.73500,4.428589e+02,-6.403732e+01,-5.554605e-03,3.530660e-02
5.73600,4.419087e+02,-6.929178e+01,-5.568338e-03,3.499857e-02
5.73700,4.411346e+02,-7.488594e+01,-5.570172e-03,3.465386e-02
5.73800,4.404409e+02,-7.993781e+01,-5.560177e-03,3.427306e-02
5.73900,4.397565e+02,-8.478508e+01,-5.538466e-03,3.385677e-02
5.74000,4.390754e+02,-8.939773e+01,-5.505198e-03,3.340563e-02
5.74100,4.385286e+02,-9.445403e+01,-5.460570e-03,3.292023e-02
5.74200,4.381744e+02,-9.960530e+01,-5.404822e-03,3.240123e-02
5.74300,4.379705e+02,-1.045910e+02,-5.338231e-03,3.184924e-02
5.74400,4.377941e+02,-1.092139e+02,-5.261114e-03,3.126492e-02
5.74500,4.376296e+02,-1.135410e+02,-5.173826e-03,3.064889e-02
5.74600,4.375819e+02,-1.179206e+02,-5.076756e-03,3.000182e-02
5.74700,4.376525e+02,-1.219429e+02,-4.970323e-03,2.932434e-02
5.74800,4.378093e+02,-1.256582e+02,-4.854975e-03,2.861712e-02
5.74900,4.380234e+02,-1.286683e+02,-4.731196e-03,2.788081e-02
5.75000,4.383496e+02,-1.316967e+02,-4.599496e-03,2.711607e-02
5.75100,4.387239e+02,-1.347448e+02,-4.460412e-03,2.632355e-02
5.75200,4.391753e+02,-1.380405e+02,-4.314505e-03,2.550393e-02
5.75300,4.397766e+02,-1.410250e+02,-4.162366e-03,2.465790e-02
5.75400,4.404971e+02,-1.434548e+02,-4.004607e-03,2.378615e-02
5.75500,4.412035e+02,-1.454187e+02,-3.841861e-03,2.288937e-02
5.75600,4.419282e+02,-1.469562e+02,-3.674780e-03,2.196829e-02
5.75700,4.428134e+02,-1.483986e+02,-3.504041e-03,2.102363e-02
5.75800,4.438680e+02,-1.494186e+02,-3.330337e-03,2.005615e-02
5.75900,4.449915e+02,-1.502040e+02,-3.154375e-03,1.906660e-02
5.76000,4.461247e+02,-1.504771e+02,-2.976879e-03,1.805579e-02
5.76100,4.472783e+02,-1.508071e+02,-2.798585e-03,1.702453e-02
5.76200,4.484813e+02,-1.509654e+02,-2.620243e-03,1.597368e-02
5.76300,4.498179e+02,-1.509986e+02,-2.442611e-03,1.490413e-02
5.76400,4.512881e+02,-1.502981e+02,-2.266454e-03,1.381678e-02
5.76500,4.527769e+02,-1.489643e+02,-2.092536e-03,1.271259e-02
5.76600,4.542312e+02,-1.474321e+02,-1.921624e-03,1.159256e-02
5.76700,4.557382e+02,-1.459388e+02,-1.754491e-03,1.045770e-02
5.76800,4.573683e+02,-1.446179e+02,-1.591903e-03,9.309104e-03
5.76900,4.590535e+02,-1.427637e+02,-1.434621e-03,8.147887e-03
5.77000,4.607081e+02,-1.406111e+02,-1.283391e-03,6.975217e-03
5.77100,4.623057e+02,-1.381176e+02,-1.138946e-03,5.792314e-03
5.77200,4.638886e+02,-1.358433e+02,-1.002006e-03,4.600446e-03
5.77300,4.654990e+02,-1.332865e+02,-8.732727e-04,3.400932e-03
5.77400,4.671627e+02,-1.303686e+02,-7.534164e-04,2.195141e-03
5.77500,4.688383e+02,-1.269726e+02,-6.430749e-04,9.844927e-04
5.77600,4.704604e+02,-1.236774e+02,-5.428522e-04,-2.295453e-04
5.77700,4.719950e+02,-1.207639e+02,-4.533186e-04,-1.445458e-03
5.77800,4.734906e+02,-1.178732e+02,-3.750028e-04,-2.661680e-03
5.77900,4.749811e+02,-1.146975e+02,-3.083803e-04,-3.876601e-03
5.78000,4.764424e+02,-1.108446e+02,-2.538671e-04,-5.088570e-03
5.78100,4.777910e+02,-1.069627e+02,-2.118240e-04,-6.295894e-03
5.78200,4.790121e+02,-1.030745e+02,-1.825579e-04,-7.496844e-03
5.78300,4.801325e+02,-9.942629e+01,-1.663110e-04,-8.689666e-03
5.78400,4.811924e+02,-9.550468e+01,-1.632480e-04,-9.872581e-03
5.78500,4.821608e+02,-9.152533e+01,-1.734564e-04,-1.104379e-02
5.78600,4.829874e+02,-8.767581e+01,-1.969536e-04,-1.220150e-02
5.78700,4.836270e+02,-8.419812e+01,-2.336852e-04,-1.334389e-02
5.78800,4.840928e+02,-8.089030e+01,-2.835156e-04,-1.446915e-02
5.78900,4.844443e+02,-7.723982e+01,-3.462234e-04,-1.557549e-02
5.79000,4.847079e+02,-7.330524e+01,-4.215061e-04,-1.666113e-02
5.79100,4.848641e+02,-6.913193e+01,-5.089849e-04,-1.772432e-02
5.79200,4.848226e+02,-6.531000e+01,-6.082074e-04,-1.876334e-02
5.79300,4.845533e+02,-6.160512e+01,-7.186477e-04,-1.977655e-02
5.79400,4.841180e+02,-5.812309e+01,-8.397068e-04,-2.076233e-02
5.79500,4.836291e+02,-5.444059e+01,-9.707174e-04,-2.171913e-02
5.79600,4.830390e+02,-5.079716e+01,-1.110952e-03,-2.264548e-02
5.79700,4.822499e+02,-4.720400e+01,-1.259631e-03,-2.353997e-02
5.79800,4.812704e+02,-4.374625e+01,-1.415926e-03,-2.440127e-02
5.79900,4.801943e+02,-4.028313e+01,-1.578962e-03,-2.522816e-02
5.80000,4.790236e+02,-3.654350e+01,-1.747829e-03,-2.601948e-02
5.80100,4.777046e+02,-3.286294e+01,-1.921590e-03,-2.677418e-02
5.80200,4.762962e+02,-2.928666e+01,-2.099288e-03,-2.749132e-02
5.80300,4.747902e+02,-2.616985e+01,-2.279953e-03,-2.817002e-02
5.80400,4.731499e+02,-2.296628e+01,-2.462612e-03,-2.880955e-02
5.80500,4.714266e+02,-1.961468e+01,-2.646292e-03,-2.940922e-02
5.80600,4.697569e+02,-1.588762e+01,-2.830027e-03,-2.996848e-02
5.80700,4.680881e+02,-1.221163e+01,-3.012864e-03,-3.048686e-02
5.80800,4.662931e+02,-8.578851e+00,-3.193870e-03,-3.096396e-02
5.80900,4.643944e+02,-4.972254e+00,-3.372140e-03,-3.139948e-02
5.81000,4.625264e+02,-1.224088e+00,-3.546801e-03,-3.179323e-02
5.81100,4.607034e+02,2.663442e+00,-3.717014e-03,-3.214505e-02
5.81200,4.588867e+02,6.380687e+00,-3.881975e-03,-3.245490e-02
5.81300,4.571079e+02,1.010257e+01,-4.040923e-03,-3.272280e-02
5.81400,4.553374e+02,1.387943e+01,-4.193140e-03,-3.294882e-02
5.81500,4.535644e+02,1.821423e+01,-4.337963e-03,-3.313312e-02
5.81600,4.518209e+02,2.279394e+01,-4.474772e-03,-3.327588e-02
5.81700,4.502071e+02,2.745839e+01,-4.602994e-03,-3.337735e-02
5.81800,4.486729e+02,3.183848e+01,-4.722108e-03,-3.343783e-02
5.81900,4.471160e+02,3.615625e+01,-4.831647e-03,-3.345766e-02
5.82000,4.455432e+02,4.063727e+01,-4.931199e-03,-3.343721e-02
5.82100,4.440894e+02,4.524810e+01,-5.020399e-03,-3.337690e-02
5.82200,4.428342e+02,4.991892e+01,-5.098934e-03,-3.327717e-02
5.82300,4.416839e+02,5.440061e+01,-5.166546e-03,-3.313849e-02
5.82400,4.405273e+02,5.911036e+01,-5.223024e-03,-3.296136e-02
5.82500,4.393584e+02,6.400171e+01,-5.268212e-03,-3.274627e-02
5.82600,4.382722e+02,6.921054e+01,-5.302000e-03,-3.249377e-02
5.82700,4.372966e+02,7.414017e+01,-5.324327e-03,-3.220439e-02
5.82800,4.364634e+02,7.877594e+01,-5.335179e-03,-3.187869e-02
5.82900,4.357457e+02,8.310545e+01,-5.334584e-03,-3.151724e-02
5.83000,4.350869e+02,8.766252e+01,-5.322620e-03,-3.112060e-02
5.83100,4.344486e+02,9.254811e+01,-5.299412e-03,-3.068936e-02
5.83200,4.339081e+02,9.746670e+01,-5.265120e-03,-3.022412e-02
5.83300,4.335375e+02,1.020895e+02,-5.219945e-03,-2.972547e-02
5.83400,4.332621e+02,1.063219e+02,-5.164126e-03,-2.919399e-02
5.83500,4.330200e+02,1.106841e+02,-5.097940e-03,-2.863029e-02
5.83600,4.328543e+02,1.150764e+02,-5.021701e-03,-2.803497e-02
5.83700,4.328240e+02,1.193840e+02,-4.935756e-03,-2.740863e-02
5.83800,4.328817e+02,1.230553e+02,-4.840491e-03,-2.675189e-02
5.83900,4.330186e+02,1.264309e+02,-4.736317e-03,-2.606535e-02
5.84000,4.332585e+02,1.298747e+02,-4.623676e-03,-2.534964e-02
5.84100,4.336033e+02,1.336658e+02,-4.503041e-03,-2.460538e-02
5.84200,4.340058e+02,1.373891e+02,-4.374915e-03,-2.383318e-02
5.84300,4.344832e+02,1.405011e+02,-4.239826e-03,-2.303368e-02
5.84400,4.350757e+02,1.429794e+02,-4.098325e-03,-2.220753e-02
5.84500,4.357706e+02,1.451237e+02,-3.950993e-03,-2.135537e-02
5.84600,4.365417e+02,1.474646e+02,-3.798434e-03,-2.047786e-02
5.84700,4.374124e+02,1.496870e+02,-3.641274e-03,-1.957568e-02
5.84800,4.384186e+02,1.516000e+02,-3.480158e-03,-1.864952e-02
5.84900,4.395098e+02,1.528568e+02,-3.315755e-03,-1.770009e-02
5.85000,4.406227e+02,1.539367e+02,-3.148748e-03,-1.672812e-02
5.85100,4.417988e+02,1.550239e+02,-2.979841e-03,-1.573437e-02
5.85200,4.431023e+02,1.560054e+02,-2.809748e-03,-1.471960e-02
5.85300,4.445078e+02,1.564091e+02,-2.639203e-03,-1.368463e-02
5.85400,4.459495e+02,1.560430e+02,-2.468949e-03,-1.263027e-02
5.85500,4.474446e+02,1.553602e+02,-2.299737e-03,-1.155741e-02
5.85600,4.490267e+02,1.547864e+02,-2.132329e-03,-1.046694e-02
5.85700,4.506793e+02,1.545459e+02,-1.967491e-03,-9.359806e-03
5.85800,4.523740e+02,1.540340e+02,-1.805988e-03,-8.236993e-03
5.85900,4.541185e+02,1.530589e+02,-1.648587e-03,-7.099527e-03
5.86000,4.558889e+02,1.515044e+02,-1.496055e-03,-5.948474e-03
5.86100,4.576661e+02,1.499859e+02,-1.349145e-03,-4.784950e-03
5.86200,4.594732e+02,1.484845e+02,-1.208601e-03,-3.610121e-03
5.86300,4.613310e+02,1.468013e+02,-1.075156e-03,-2.425203e-03
5.86400,4.632038e+02,1.446021e+02,-9.495265e-04,-1.231472e-03
5.86500,4.650747e+02,1.420611e+02,-8.324052e-04,-3.025512e-05
5.86600,4.669593e+02,1.397360e+02,-7.244546e-04,1.177067e-03
5.86700,4.688526e+02,1.376333e+02,-6.263061e-04,2.389064e-03
5.86800,4.707097e+02,1.354847e+02,-5.385557e-04,3.604246e-03
5.86900,4.725140e+02,1.326946e+02,-4.617584e-04,4.821070e-03
5.87000,4.742706e+02,1.294995e+02,-3.964221e-04,6.037943e-03
5.87100,4.759749e+02,1.261823e+02,-3.430048e-04,7.253225e-03
5.87200,4.775904e+02,1.231446e+02,-3.019079e-04,8.465227e-03
5.87300,4.791035e+02,1.200852e+02,-2.734710e-04,9.672217e-03
5.87400,4.805318e+02,1.168132e+02,-2.579674e-04,1.087242e-02
5.87500,4.818730e+02,1.132859e+02,-2.556024e-04,1.206405e-02
5.87600,4.830828e+02,1.097613e+02,-2.665084e-04,1.324528e-02
5.87700,4.841304e+02,1.064518e+02,-2.907405e-04,1.441427e-02
5.87800,4.850614e+02,1.030489e+02,-3.282737e-04,1.556917e-02
5.87900,4.859047e+02,9.938211e+01,-3.790025e-04,1.670812e-02
5.88000,4.866375e+02,9.526758e+01,-4.427381e-04,1.782927e-02
5.88100,4.871766e+02,9.123780e+01,-5.192083e-04,1.893079e-02
5.88200,4.874916e+02,8.751051e+01,-6.080622e-04,2.001088e-02
5.88300,4.876041e+02,8.418527e+01,-7.088703e-04,2.106776e-02
5.88400,4.876079e+02,8.077653e+01,-8.211229e-04,2.209970e-02
5.88500,4.875248e+02,7.705362e+01,-9.442324e-04,2.310502e-02
5.88600,4.872689e+02,7.311303e+01,-1.077546e-03,2.408210e-02
5.88700,4.867694e+02,6.923324e+01,-1.220348e-03,2.502938e-02
5.88800,4.860878e+02,6.560379e+01,-1.371865e-03,2.594540e-02
5.88900,4.853268e+02,6.191892e+01,-1.531261e-03,2.682875e-02
5.89000,4.844833e+02,5.815290e+01,-1.697656e-03,2.767813e-02
5.89100,4.835012e+02,5.428413e+01,-1.870136e-03,2.849233e-02
5.89200,4.823353e+02,5.079864e+01,-2.047757e-03,2.927020e-02
5.89300,4.810248e+02,4.752153e+01,-2.229548e-03,3.001074e-02
5.89400,4.796403e+02,4.421119e+01,-2.414524e-03,3.071300e-02
5.89500,4.782429e+02,4.037689e+01,-2.601687e-03,3.137616e-02
5.89600,4.767661e+02,3.621348e+01,-2.790038e-03,3.199949e-02
5.89700,4.751288e+02,3.210426e+01,-2.978588e-03,3.258234e-02
5.89800,4.733721e+02,2.821551e+01,-3.166362e-03,3.312418e-02
5.89900,4.715939e+02,2.439402e+01,-3.352397e-03,3.362456e-02
5.90000,4.698441e+02,2.031849e+01,-3.535755e-03,3.408312e-02
5.90100,4.680921e+02,1.615506e+01,-3.715526e-03,3.449958e-02
5.90200,4.663155e+02,1.198685e+01,-3.890839e-03,3.487375e-02
5.90300,4.645061e+02,7.901531e+00,-4.060856e-03,3.520552e-02
5.90400,4.627054e+02,3.532493e+00,-4.224781e-03,3.549483e-02
5.90500,4.609459e+02,-1.145511e+00,-4.381859e-03,3.574172e-02
5.90600,4.592277e+02,-6.023080e+00,-4.531385e-03,3.594628e-02
5.90700,4.575114e+02,-1.071193e+01,-4.672702e-03,3.610864e-02
5.90800,4.558145e+02,-1.517776e+01,-4.805207e-03,3.622903e-02
5.90900,4.541634e+02,-1.970238e+01,-4.928348e-03,3.630768e-02
5.91000,4.525678e+02,-2.445957e+01,-5.041623e-03,3.634491e-02
5.91100,4.510598e+02,-2.951187e+01,-5.144584e-03,3.634105e-02
5.91200,4.496345e+02,-3.453367e+01,-5.236841e-03,3.629649e-02
5.91300,4.482589e+02,-3.962736e+01,-5.318062e-03,3.621165e-02
5.91400,4.469016e+02,-4.477109e+01,-5.387962e-03,3.608697e-02
5.91500,4.456331e+02,-5.014863e+01,-5.446312e-03,3.592294e-02
5.91600,4.444995e+02,-5.546839e+01,-5.492936e-03,3.572007e-02
5.91700,4.434710e+02,-6.058300e+01,-5.527712e-03,3.547887e-02
5.91800,4.425022e+02,-6.543263e+01,-5.550570e-03,3.519990e-02
5.91900,4.416016e+02,-7.028868e+01,-5.561491e-03,3.488371e-02
5.92000,4.407934e+02,-7.541037e+01,-5.560503e-03,3.453090e-02
5.92100,4.400958e+02,-8.069383e+01,-5.547682e-03,3.414206e-02
5.92200,4.395286e+02,-8.594275e+01,-5.523148e-03,3.371779e-02
5.92300,4.390571e+02,-9.086298e+01,-5.487069e-03,3.325870e-02
5.92400,4.386320e+02,-9.563637e+01,-5.439653e-03,3.276543e-02
5.92500,4.382183e+02,-1.002720e+02,-5.381151e-03,3.223860e-02
5.92600,4.378878e+02,-1.048918e+02,-5.311854e-03,3.167884e-02
5.92700,4.376984e+02,-1.092242e+02,-5.232090e-03,3.108680e-02
5.92800,4.376549e+02,-1.133351e+02,-5.142221e-03,3.046313e-02
5.92900,4.376808e+02,-1.173570e+02,-5.042642e-03,2.980847e-02
5.93000,4.377392e+02,-1.215195e+02,-4.933786e-03,2.912348e-02
5.93100,4.378616e+02,-1.257048e+02,-4.816116e-03,2.840881e-02
5.93200,4.381106e+02,-1.294854e+02,-4.690126e-03,2.766513e-02
5.93300,4.384906e+02,-1.327206e+02,-4.556333e-03,2.689310e-02
5.93400,4.389468e+02,-1.354722e+02,-4.415284e-03,2.609339e-02
5.93500,4.394401e+02,-1.381441e+02,-4.267556e-03,2.526670e-02
5.93600,4.399936e+02,-1.406865e+02,-4.113748e-03,2.441371e-02
5.93700,4.406738e+02,-1.430096e+02,-3.954483e-03,2.353512e-02
5.93800,4.414922e+02,-1.449351e+02,-3.790401e-03,2.263164e-02
5.93900,4.423842e+02,-1.466802e+02,-3.622167e-03,2.170400e-02
5.94000,4.432740e+02,-1.483217e+02,-3.450468e-03,2.075295e-02
5.94100,4.441785e+02,-1.497108e+02,-3.276008e-03,1.977924e-02
5.94200,4.451919e+02,-1.505574e+02,-3.099503e-03,1.878367e-02
5.94300,4.463609e+02,-1.507545e+02,-2.921682e-03,1.776705e-02
5.94400,4.476299e+02,-1.506846e+02,-2.743287e-03,1.673022e-02
5.94500,4.489118e+02,-1.505551e+02,-2.565072e-03,1.567405e-02
5.94600,4.502173e+02,-1.504929e+02,-2.387800e-03,1.459943e-02
5.94700,4.516135e+02,-1.500989e+02,-2.212237e-03,1.350730e-02
5.94800,4.531090e+02,-1.492678e+02,-2.039151e-03,1.239864e-02
5.94900,4.546405e+02,-1.480138e+02,-1.869313e-03,1.127445e-02
5.95000,4.561717e+02,-1.466274e+02,-1.703494e-03,1.013578e-02
5.95100,4.577178e+02,-1.450690e+02,-1.542460e-03,8.983744e-03
5.95200,4.593113e+02,-1.431402e+02,-1.386968e-03,7.819473e-03
5.95300,4.609757e+02,-1.407249e+02,-1.237759e-03,6.644160e-03
5.95400,4.626910e+02,-1.380213e+02,-1.095564e-03,5.459040e-03
5.95500,4.643864e+02,-1.354587e+02,-9.610937e-04,4.265394e-03
5.95600,4.660234e+02,-1.330285e+02,-8.350366e-04,3.064555e-03
5.95700,4.676470e+02,-1.305258e+02,-7.180504e-04,1.857909e-03
5.95800,4.692877e+02,-1.274612e+02,-6.107619e-04,6.468939e-04
5.95900,4.709059e+02,-1.239782e+02,-5.137635e-04,-5.670093e-04
5.96000,4.724734e+02,-1.203615e+02,-4.276064e-04,-1.782271e-03
5.96100,4.740012e+02,-1.169816e+02,-3.527972e-04,-2.997315e-03
5.96200,4.754679e+02,-1.136726e+02,-2.897929e-04,-4.210523e-03
5.96300,4.768421e+02,-1.101419e+02,-2.389946e-04,-5.420235e-03
5.96400,4.781373e+02,-1.063883e+02,-2.007443e-04,-6.624760e-03
5.96500,4.793574e+02,-1.027084e+02,-1.753225e-04,-7.822370e-03
5.96600,4.804490e+02,-9.933072e+01,-1.629435e-04,-9.011313e-03
5.96700,4.813987e+02,-9.590311e+01,-1.637504e-04,-1.018981e-02
5.96800,4.822485e+02,-9.206428e+01,-1.778128e-04,-1.135607e-02
5.96900,4.830145e+02,-8.772415e+01,-2.051246e-04,-1.250829e-02
5.97000,4.836527e+02,-8.346391e+01,-2.456002e-04,-1.364468e-02
5.97100,4.841392e+02,-7.962957e+01,-2.990750e-04,-1.476344e-02
5.97200,4.844759e+02,-7.617846e+01,-3.653085e-04,-1.586279e-02
5.97300,4.846775e+02,-7.262670e+01,-4.439824e-04,-1.694097e-02
5.97400,4.847535e+02,-6.876281e+01,-5.346970e-04,-1.799626e-02
5.97500,4.846927e+02,-6.484471e+01,-6.369752e-04,-1.902697e-02
5.97600,4.844539e+02,-6.113198e+01,-7.502712e-04,-2.003145e-02
5.97700,4.840110e+02,-5.762716e+01,-8.739728e-04,-2.100813e-02
5.97800,4.834036e+02,-5.387991e+01,-1.007402e-03,-2.195549e-02
5.97900,4.826792e+02,-4.986670e+01,-1.149820e-03,-2.287208e-02
5.98000,4.818543e+02,-4.583413e+01,-1.300433e-03,-2.375652e-02
5.98100,4.808773e+02,-4.231024e+01,-1.458402e-03,-2.460752e-02
5.98200,4.797197e+02,-3.914012e+01,-1.622851e-03,-2.542388e-02
5.98300,4.784340e+02,-3.586561e+01,-1.792869e-03,-2.620449e-02
5.98400,4.771145e+02,-3.209671e+01,-1.967520e-03,-2.694832e-02
5.98500,4.757550e+02,-2.809896e+01,-2.145844e-03,-2.765445e-02
5.98600,4.742761e+02,-2.438055e+01,-2.326875e-03,-2.832205e-02
5.98700,4.726640e+02,-2.103563e+01,-2.509643e-03,-2.895039e-02
5.98800,4.709830e+02,-1.774299e+01,-2.693182e-03,-2.953882e-02
5.98900,4.692677e+02,-1.408596e+01,-2.876534e-03,-3.008682e-02
5.99000,4.675045e+02,-1.030220e+01,-3.058754e-03,-3.059393e-02
5.99100,4.657174e+02,-6.705274e+00,-3.238922e-03,-3.105978e-02
5.99200,4.639091e+02,-3.419379e+00,-3.416142e-03,-3.148410e-02
5.99300,4.620680e+02,9.658100e-02,-3.589556e-03,-3.186670e-02
5.99400,4.602097e+02,4.177180e+00,-3.758333e-03,-3.220746e-02
5.99500,4.583885e+02,8.628972e+00,-3.921683e-03,-3.250634e-02
5.99600,4.566031e+02,1.285040e+01,-4.078856e-03,-3.276336e-02
5.99700,4.548182e+02,1.661130e+01,-4.229149e-03,-3.297863e-02
5.99800,4.530480e+02,2.034429e+01,-4.371909e-03,-3.315228e-02
5.99900,4.513321e+02,2.449886e+01,-4.506527e-03,-3.328452e-02
6.00000,4.496736e+02,2.912113e+01,-4.632444e-03,-3.337561e-02
6.00100,4.480768e+02,3.371810e+01,-4.749153e-03,-3.342586e-02
6.00200,4.465816e+02,3.812645e+01,-4.856197e-03,-3.343559e-02
6.00300,4.451762e+02,4.250589e+01,-4.953173e-03,-3.340519e-02
6.00400,4.438014e+02,4.725811e+01,-5.039728e-03,-3.333508e-02
6.00500,4.424483e+02,5.226607e+01,-5.115562e-03,-3.322569e-02
6.00600,4.411986e+02,5.711284e+01,-5.180424e-03,-3.307749e-02
6.00700,4.400817e+02,6.150026e+01,-5.234115e-03,-3.289096e-02
6.00800,4.390299e+02,6.566383e+01,-5.276486e-03,-3.266663e-02
6.00900,4.380123e+02,7.017747e+01,-5.307439e-03,-3.240501e-02
6.01000,4.370685e+02,7.514461e+01,-5.326919e-03,-3.210665e-02
6.01100,4.362457e+02,8.024937e+01,-5.334923e-03,-3.177209e-02
6.01200,4.355363e+02,8.494911e+01,-5.331491e-03,-3.140190e-02
6.01300,4.349301e+02,8.935400e+01,-5.316706e-03,-3.099664e-02
6.01400,4.343912e+02,9.381848e+01,-5.290697e-03,-3.055689e-02
6.01500,4.338782e+02,9.863321e+01,-5.253633e-03,-3.008324e-02
6.01600,4.334087e+02,1.034283e+02,-5.205727e-03,-2.957628e-02
6.01700,4.330819e+02,1.077888e+02,-5.147225e-03,-2.903659e-02
6.01800,4.329313e+02,1.117170e+02,-5.078412e-03,-2.846478e-02
6.01900,4.328833e+02,1.157038e+02,-4.999607e-03,-2.786144e-02
6.02000,4.328636e+02,1.200575e+02,-4.911168e-03,-2.722717e-02
6.02100,4.328872e+02,1.243855e+02,-4.813488e-03,-2.656259e-02
6.02200,4.330182e+02,1.281296e+02,-4.706986e-03,-2.586829e-02
6.02300,4.332869e+02,1.311272e+02,-4.592113e-03,-2.514491e-02
6.02400,4.336818e+02,1.339961e+02,-4.469348e-03,-2.439305e-02
6.02500,4.341572e+02,1.371537e+02,-4.339202e-03,-2.361335e-02
6.02600,4.346866e+02,1.404774e+02,-4.202215e-03,-2.280644e-02
6.02700,4.352810e+02,1.433293e+02,-4.058950e-03,-2.197296e-02
6.02800,4.359825e+02,1.455415e+02,-3.909992e-03,-2.111357e-02
6.02900,4.368004e+02,1.475274e+02,-3.755951e-03,-2.022894e-02
6.03000,4.376929e+02,1.496656e+02,-3.597461e-03,-1.931975e-02
6.03100,4.386276e+02,1.517607e+02,-3.435181e-03,-1.838670e-02
6.03200,4.396552e+02,1.531869e+02,-3.269787e-03,-1.743051e-02
6.03300,4.408514e+02,1.538398e+02,-3.101972e-03,-1.645192e-02
6.03400,4.421894e+02,1.541862e+02,-2.932444e-03,-1.545168e-02
6.03500,4.435643e+02,1.548473e+02,-2.761928e-03,-1.443059e-02
6.03600,4.449403e+02,1.556818e+02,-2.591164e-03,-1.338947e-02
6.03700,4.463774e+02,1.561406e+02,-2.420903e-03,-1.232916e-02
6.03800,4.479177e+02,1.558068e+02,-2.251904e-03,-1.125056e-02
6.03900,4.495440e+02,1.549949e+02,-2.084933e-03,-1.015458e-02
6.04000,4.512264e+02,1.542257e+02,-1.920757e-03,-9.042179e-03
6.04100,4.529343e+02,1.535862e+02,-1.760147e-03,-7.914359e-03
6.04200,4.546570e+02,1.527082e+02,-1.603874e-03,-6.772165e-03
6.04300,4.564309e+02,1.512145e+02,-1.452700e-03,-5.616686e-03
6.04400,4.582929e+02,1.494093e+02,-1.307383e-03,-4.449058e-03
6.04500,4.602017e+02,1.477580e+02,-1.168666e-03,-3.270473e-03
6.04600,4.620842e+02,1.464217e+02,-1.037281e-03,-2.082173e-03
6.04700,4.639257e+02,1.448184e+02,-9.139353e-04,-8.854526e-04
6.04800,4.657620e+02,1.425007e+02,-7.993144e-04,3.183410e-04
6.04900,4.676102e+02,1.395903e+02,-6.940744e-04,1.527809e-03
6.05000,4.694529e+02,1.367774e+02,-5.988395e-04,2.741495e-03
6.05100,4.712623e+02,1.343741e+02,-5.141928e-04,3.957887e-03
6.05200,4.730225e+02,1.320247e+02,-4.406739e-04,5.175423e-03
6.05300,4.747304e+02,1.292036e+02,-3.787767e-04,6.392490e-03
6.05400,4.763850e+02,1.258797e+02,-3.289428e-04,7.607428e-03
6.05500,4.779783e+02,1.226238e+02,-2.915531e-04,8.818530e-03
6.05600,4.795003e+02,1.196760e+02,-2.669247e-04,1.002405e-02
6.05700,4.809232e+02,1.167292e+02,-2.553098e-04,1.122222e-02
6.05800,4.822166e+02,1.131964e+02,-2.568915e-04,1.241123e-02
6.05900,4.833794e+02,1.091818e+02,-2.717771e-04,1.358925e-02
6.06000,4.844378e+02,1.053123e+02,-2.999958e-04,1.475444e-02
6.06100,4.853811e+02,1.020282e+02,-3.414963e-04,1.590493e-02
6.06200,4.861635e+02,9.896899e+01,-3.961449e-04,1.703889e-02
6.06300,4.867667e+02,9.545991e+01,-4.637266e-04,1.815446e-02
6.06400,4.872056e+02,9.138092e+01,-5.439456e-04,1.924982e-02
6.06500,4.874944e+02,8.723134e+01,-6.364254e-04,2.032319e-02
6.06600,4.876357e+02,8.352662e+01,-7.407079e-04,2.137279e-02
6.06700,4.876357e+02,8.004929e+01,-8.562582e-04,2.239693e-02
6.06800,4.874855e+02,7.634634e+01,-9.824706e-04,2.339394e-02
6.06900,4.871724e+02,7.224815e+01,-1.118672e-03,2.436223e-02
6.07000,4.866819e+02,6.826232e+01,-1.264127e-03,2.530026e-02
6.07100,4.860150e+02,6.478362e+01,-1.418039e-03,2.620660e-02
6.07200,4.851926e+02,6.164405e+01,-1.579564e-03,2.707987e-02
6.07300,4.842647e+02,5.821261e+01,-1.747814e-03,2.791881e-02
6.07400,4.832492e+02,5.417154e+01,-1.921865e-03,2.872222e-02
6.07500,4.821000e+02,4.993317e+01,-2.100765e-03,2.948901e-02
6.07600,4.807884e+02,4.606245e+01,-2.283537e-03,3.021820e-02
6.07700,4.793445e+02,4.269434e+01,-2.469195e-03,3.090889e-02
6.07800,4.778220e+02,3.925547e+01,-2.656743e-03,3.156028e-02
6.07900,4.762341e+02,3.535122e+01,-2.845188e-03,3.217167e-02
6.08000,4.745881e+02,3.110569e+01,-3.033545e-03,3.274245e-02
6.08100,4.728900e+02,2.708002e+01,-3.220845e-03,3.327212e-02
6.08200,4.711435e+02,2.335630e+01,-3.406136e-03,3.376025e-02
6.08300,4.693519e+02,1.949146e+01,-3.588490e-03,3.420651e-02
6.08400,4.675446e+02,1.502302e+01,-3.767009e-03,3.461066e-02
6.08500,4.657324e+02,1.016834e+01,-3.940832e-03,3.497252e-02
6.08600,4.639075e+02,5.599694e+00,-4.109133e-03,3.529200e-02
6.08700,4.620911e+02,1.572516e+00,-4.271132e-03,3.556908e-02
6.08800,4.603305e+02,-2.356688e+00,-4.426089e-03,3.580380e-02
6.08900,4.586416e+02,-6.879360e+00,-4.573315e-03,3.599628e-02
6.09000,4.569795e+02,-1.196746e+01,-4.712170e-03,3.614666e-02
6.09100,4.553215e+02,-1.706113e+01,-4.842064e-03,3.625518e-02
6.09200,4.536905e+02,-2.171423e+01,-4.962463e-03,3.632210e-02
6.09300,4.521223e+02,-2.624770e+01,-5.072880e-03,3.634772e-02
6.09400,4.506325e+02,-3.121211e+01,-5.172886e-03,3.633240e-02
6.09500,4.492191e+02,-3.664707e+01,-5.262103e-03,3.627654e-02
6.09600,4.478609e+02,-4.200627e+01,-5.340208e-03,3.618056e-02
6.09700,4.465452e+02,-4.686654e+01,-5.406935e-03,3.604491e-02
6.09800,4.453121e+02,-5.155344e+01,-5.462070e-03,3.587008e-02
6.09900,4.442177e+02,-5.664518e+01,-5.505452e-03,3.565658e-02
6.10000,4.432584e+02,-6.231075e+01,-5.536971e-03,3.540493e-02
6.10100,4.423608e+02,-6.795179e+01,-5.556569e-03,3.511569e-02
6.10200,4.414863e+02,-7.305507e+01,-5.564239e-03,3.478942e-02
6.10300,4.406571e+02,-7.767334e+01,-5.560023e-03,3.442669e-02
6.10400,4.399310e+02,-8.242619e+01,-5.544005e-03,3.402812e-02
6.10500,4.393369e+02,-8.760193e+01,-5.516320e-03,3.359429e-02
6.10600,4.388470e+02,-9.283643e+01,-5.477142e-03,3.312581e-02
6.10700,4.384204e+02,-9.760042e+01,-5.426692e-03,3.262333e-02
6.10800,4.380679e+02,-1.018917e+02,-5.365228e-03,3.208745e-02
6.10900,4.378329e+02,-1.062700e+02,-5.293049e-03,3.151881e-02
6.11000,4.376991e+02,-1.109917e+02,-5.210490e-03,3.091805e-02
6.11100,4.376165e+02,-1.156906e+02,-5.117921e-03,3.028582e-02
6.11200,4.375901e+02,-1.197082e+02,-5.015748e-03,2.962275e-02
6.11300,4.376807e+02,-1.230353e+02,-4.904410e-03,2.892950e-02
6.11400,4.379021e+02,-1.262173e+02,-4.784376e-03,2.820673e-02
6.11500,4.382214e+02,-1.297478e+02,-4.656144e-03,2.745510e-02
6.11600,4.385963e+02,-1.333766e+02,-4.520242e-03,2.667526e-02
6.11700,4.390147e+02,-1.365237e+02,-4.377227e-03,2.586789e-02
6.11800,4.395043e+02,-1.389846e+02,-4.227678e-03,2.503367e-02
6.11900,4.401123e+02,-1.411532e+02,-4.072202e-03,2.417330e-02
6.12000,4.408322e+02,-1.434623e+02,-3.911427e-03,2.328746e-02
6.12100,4.416137e+02,-1.457130e+02,-3.746005e-03,2.237689e-02
6.12200,4.424645e+02,-1.474095e+02,-3.576607e-03,2.144230e-02
6.12300,4.434409e+02,-1.483426e+02,-3.403920e-03,2.048444e-02
6.12400,4.445377e+02,-1.490043e+02,-3.228652e-03,1.950410e-02
6.12500,4.456809e+02,-1.498703e+02,-3.051524e-03,1.850205e-02
6.12600,4.468350e+02,-1.508403e+02,-2.873275e-03,1.747912e-02
6.12700,4.480346e+02,-1.513024e+02,-2.694653e-03,1.643615e-02
6.12800,4.493277e+02,-1.509193e+02,-2.516416e-03,1.537403e-02
6.12900,4.507259e+02,-1.500327e+02,-2.339329e-03,1.429367e-02
6.13000,4.521883e+02,-1.491997e+02,-2.164163e-03,1.319601e-02
6.13100,4.536605e+02,-1.485408e+02,-1.991694e-03,1.208204e-02
6.13200,4.551456e+02,-1.475808e+02,-1.822694e-03,1.095277e-02
6.13300,4.566933e+02,-1.459813e+02,-1.657936e-03,9.809296e-03
6.13400,4.583035e+02,-1.439006e+02,-1.498182e-03,8.652712e-03
6.13500,4.599248e+02,-1.418764e+02,-1.344191e-03,7.484183e-03
6.13600,4.615432e+02,-1.399943e+02,-1.196707e-03,6.304915e-03
6.13700,4.631886e+02,-1.378488e+02,-1.056456e-03,5.116163e-03
6.13800,4.648630e+02,-1.350135e+02,-9.241435e-04,3.919228e-03
6.13900,4.665398e+02,-1.316960e+02,-8.004517e-04,2.715469e-03
6.14000,4.682025e+02,-1.285336e+02,-6.860351e-04,1.506291e-03
6.14100,4.698380e+02,-1.258066e+02,-5.815149e-04,2.931485e-04
6.14200,4.714299e+02,-1.231512e+02,-4.874745e-04,-9.224586e-04
6.14300,4.729778e+02,-1.199936e+02,-4.044538e-04,-2.138980e-03
6.14400,4.744786e+02,-1.163514e+02,-3.329455e-04,-3.354821e-03
6.14500,4.759037e+02,-1.126861e+02,-2.733928e-04,-4.568346e-03
6.14600,4.772373e+02,-1.093425e+02,-2.261838e-04,-5.777878e-03
6.14700,4.785045e+02,-1.060214e+02,-1.916447e-04,-6.981707e-03
6.14800,4.797152e+02,-1.023054e+02,-1.700351e-04,-8.178088e-03
6.14900,4.808284e+02,-9.819112e+01,-1.615459e-04,-9.365255e-03
6.15000,4.818030e+02,-9.418676e+01,-1.662982e-04,-1.054142e-02
6.15100,4.826381e+02,-9.064141e+01,-1.843393e-04,-1.170480e-02
6.15200,4.833396e+02,-8.727796e+01,-2.156393e-04,-1.285356e-02
6.15300,4.838997e+02,-8.356691e+01,-2.600889e-04,-1.398593e-02
6.15400,4.843261e+02,-7.934743e+01,-3.174997e-04,-1.510008e-02
6.15500,4.846303e+02,-7.508948e+01,-3.876049e-04,-1.619425e-02
6.15600,4.847989e+02,-7.123065e+01,-4.700590e-04,-1.726669e-02
6.15700,4.848073e+02,-6.771311e+01,-5.644389e-04,-1.831567e-02
6.15800,4.846585e+02,-6.406393e+01,-6.702460e-04,-1.933953e-02
6.15900,4.843570e+02,-6.010241e+01,-7.869103e-04,-2.033663e-02
6.16000,4.838860e+02,-5.612652e+01,-9.137952e-04,-2.130541e-02
6.16100,4.832471e+02,-5.251491e+01,-1.050201e-03,-2.224437e-02
6.16200,4.824850e+02,-4.918938e+01,-1.195370e-03,-2.315208e-02
6.16300,4.816335e+02,-4.568550e+01,-1.348493e-03,-2.402719e-02
6.16400,4.806692e+02,-4.179631e+01,-1.508714e-03,-2.486844e-02
6.16500,4.795508e+02,-3.781246e+01,-1.675142e-03,-2.567465e-02
6.16600,4.782692e+02,-3.425466e+01,-1.846857e-03,-2.644473e-02
6.16700,4.768586e+02,-3.113255e+01,-2.022912e-03,-2.717769e-02
6.16800,4.753624e+02,-2.800568e+01,-2.202345e-03,-2.787264e-02
6.16900,4.738156e+02,-2.443400e+01,-2.384187e-03,-2.852879e-02
6.17000,4.722168e+02,-2.057706e+01,-2.567466e-03,-2.914542e-02
6.17100,4.705433e+02,-1.687430e+01,-2.751218e-03,-2.972194e-02
6.17200,4.687862e+02,-1.346609e+01,-2.934486e-03,-3.025783e-02
6.17300,4.669741e+02,-9.989934e+00,-3.116333e-03,-3.075268e-02
6.17400,4.651512e+02,-6.088370e+00,-3.295847e-03,-3.120614e-02
6.17500,4.633310e+02,-1.955593e+00,-3.472142e-03,-3.161799e-02
6.17600,4.615030e+02,1.940501e+00,-3.644363e-03,-3.198804e-02
6.17700,4.596730e+02,5.449861e+00,-3.811693e-03,-3.231620e-02
6.17800,4.578731e+02,9.040369e+00,-3.973356e-03,-3.260246e-02
6.17900,4.561153e+02,1.315874e+01,-4.128619e-03,-3.284688e-02
6.18000,4.543879e+02,1.773016e+01,-4.276793e-03,-3.304955e-02
6.18100,4.526795e+02,2.221095e+01,-4.417235e-03,-3.321065e-02
6.18200,4.509960e+02,2.633934e+01,-4.549351e-03,-3.333041e-02
6.18300,4.493428e+02,3.040235e+01,-4.672603e-03,-3.340909e-02
6.18400,4.477431e+02,3.481999e+01,-4.786500e-03,-3.344701e-02
6.18500,4.462266e+02,3.957565e+01,-4.890602e-03,-3.344454e-02
6.18600,4.447853e+02,4.424601e+01,-4.984520e-03,-3.340205e-02
6.18700,4.433932e+02,4.864526e+01,-5.067916e-03,-3.331998e-02
6.18800,4.420621e+02,5.302903e+01,-5.140508e-03,-3.319877e-02
6.18900,4.408349e+02,5.780895e+01,-5.202063e-03,-3.303889e-02
6.19000,4.397187e+02,6.293102e+01,-5.252398e-03,-3.284085e-02
6.19100,4.386840e+02,6.797528e+01,-5.291376e-03,-3.260516e-02
6.19200,4.377065e+02,7.261075e+01,-5.318911e-03,-3.233235e-02
6.19300,4.367849e+02,7.700841e+01,-5.334966e-03,-3.202297e-02
6.19400,4.359410e+02,8.157197e+01,-5.339552e-03,-3.167756e-02
6.19500,4.352136e+02,8.643535e+01,-5.332723e-03,-3.129670e-02
6.19600,4.346178e+02,9.133802e+01,-5.314575e-03,-3.088095e-02
6.19700,4.341196e+02,9.595415e+01,-5.285247e-03,-3.043089e-02
6.19800,4.336869e+02,1.003371e+02,-5.244923e-03,-2.994711e-02
6.19900,4.333204e+02,1.047506e+02,-5.193826e-03,-2.943020e-02
6.20000,4.330415e+02,1.093418e+02,-5.132214e-03,-2.888074e-02
6.20100,4.328616e+02,1.138244e+02,-5.060381e-03,-2.829933e-02
6.20200,4.327915e+02,1.178792e+02,-4.978659e-03,-2.768658e-02
6.20300,4.328304e+02,1.215243e+02,-4.887410e-03,-2.704308e-02
6.20400,4.329603e+02,1.251617e+02,-4.787036e-03,-2.636944e-02
6.20500,4.331632e+02,1.290273e+02,-4.677964e-03,-2.566627e-02
6.20600,4.334449e+02,1.328632e+02,-4.560657e-03,-2.493419e-02
6.20700,4.338235e+02,1.362209e+02,-4.435602e-03,-2.417381e-02
6.20800,4.343031e+02,1.389915e+02,-4.303316e-03,-2.338577e-02
6.20900,4.348680e+02,1.415357e+02,-4.164343e-03,-2.257069e-02
6.21000,4.355085e+02,1.441372e+02,-4.019254e-03,-2.172922e-02
6.21100,4.362440e+02,1.466723e+02,-3.868645e-03,-2.086202e-02
6.21200,4.370996e+02,1.487494e+02,-3.713134e-03,-1.996976e-02
6.21300,4.380726e+02,1.503094e+02,-3.553358e-03,-1.905312e-02
6.21400,4.391302e+02,1.516700e+02,-3.389978e-03,-1.811280e-02
6.21500,4.402383e+02,1.531321e+02,-3.223675e-03,-1.714953e-02
6.21600,4.413865e+02,1.545095e+02,-3.055151e-03,-1.616405e-02
6.21700,4.426055e+02,1.553464e+02,-2.885121e-03,-1.515713e-02
6.21800,4.439366e+02,1.555106e+02,-2.714313e-03,-1.412956e-02
6.21900,4.453641e+02,1.553556e+02,-2.543467e-03,-1.308218e-02
6.22000,4.468265e+02,1.553234e+02,-2.373337e-03,-1.201584e-02
6.22100,4.483182e+02,1.553579e+02,-2.204689e-03,-1.093142e-02
6.22200,4.499070e+02,1.550744e+02,-2.038292e-03,-9.829871e-03
6.22300,4.516194e+02,1.542418e+02,-1.874915e-03,-8.712154e-03
6.22400,4.533925e+02,1.531073e+02,-1.715330e-03,-7.579284e-03
6.22500,4.551685e+02,1.520045e+02,-1.560305e-03,-6.432318e-03
6.22600,4.569608e+02,1.509206e+02,-1.410607e-03,-5.272363e-03
6.22700,4.588049e+02,1.494960e+02,-1.266993e-03,-4.100571e-03
6.22800,4.607038e+02,1.475233e+02,-1.130202e-03,-2.918147e-03
6.22900,4.626286e+02,1.452623e+02,-1.000959e-03,-1.726350e-03
6.23000,4.645361e+02,1.431281e+02,-8.799670e-04,-5.264908e-04
6.23100,4.663973e+02,1.412146e+02,-7.679078e-04,6.800636e-04
6.23200,4.682319e+02,1.391325e+02,-6.654309e-04,1.891892e-03
6.23300,4.700800e+02,1.365680e+02,-5.731490e-04,3.107520e-03
6.23400,4.719312e+02,1.336122e+02,-4.916346e-04,4.325420e-03
6.23500,4.737219e+02,1.306831e+02,-4.214172e-04,5.544011e-03
6.23600,4.754123e+02,1.279254e+02,-3.629789e-04,6.761662e-03
6.23700,4.770195e+02,1.250810e+02,-3.167460e-04,7.976697e-03
6.23800,4.785713e+02,1.218583e+02,-2.830829e-04,9.187392e-03
6.23900,4.800610e+02,1.183657e+02,-2.622893e-04,1.039199e-02
6.24000,4.814524e+02,1.149803e+02,-2.545973e-04,1.158870e-02
6.24100,4.827092e+02,1.118248e+02,-2.601670e-04,1.277570e-02
6.24200,4.838183e+02,1.086086e+02,-2.790832e-04,1.395115e-02
6.24300,4.847992e+02,1.049731e+02,-3.113514e-04,1.511319e-02
6.24400,4.856709e+02,1.010082e+02,-3.568960e-04,1.625997e-02
6.24500,4.864185e+02,9.712145e+01,-4.155583e-04,1.738963e-02
6.24600,4.870012e+02,9.359545e+01,-4.870987e-04,1.850033e-02
6.24700,4.874010e+02,9.023302e+01,-5.711959e-04,1.959025e-02
6.24800,4.876338e+02,8.667597e+01,-6.674475e-04,2.065760e-02
6.24900,4.877237e+02,8.285563e+01,-7.753715e-04,2.170063e-02
6.25000,4.876738e+02,7.904209e+01,-8.944098e-04,2.271764e-02
6.25100,4.874654e+02,7.545035e+01,-1.023933e-03,2.370699e-02
6.25200,4.870860e+02,7.190669e+01,-1.163245e-03,2.466708e-02
6.25300,4.865441e+02,6.811314e+01,-1.311588e-03,2.559643e-02
6.25400,4.858549e+02,6.403779e+01,-1.468150e-03,2.649361e-02
6.25500,4.850152e+02,6.003823e+01,-1.632069e-03,2.735726e-02
6.25600,4.840270e+02,5.638522e+01,-1.802441e-03,2.818615e-02
6.25700,4.829160e+02,5.296321e+01,-1.978328e-03,2.897910e-02
6.25800,4.817055e+02,4.938083e+01,-2.158769e-03,2.973507e-02
6.25900,4.803922e+02,4.547684e+01,-2.342782e-03,3.045309e-02
6.26000,4.789721e+02,4.146613e+01,-2.529377e-03,3.113228e-02
6.26100,4.774561e+02,3.763385e+01,-2.717554e-03,3.177188e-02
6.26200,4.758562e+02,3.396388e+01,-2.906318e-03,3.237122e-02
6.26300,4.741838e+02,3.015493e+01,-3.094685e-03,3.292973e-02
6.26400,4.724506e+02,2.606081e+01,-3.281689e-03,3.344693e-02
6.26500,4.706688e+02,2.185119e+01,-3.466383e-03,3.392242e-02
6.26600,4.688555e+02,1.781770e+01,-3.647847e-03,3.435590e-02
6.26700,4.670504e+02,1.391222e+01,-3.825191e-03,3.474714e-02
6.26800,4.652728e+02,9.814523e+00,-3.997563e-03,3.509602e-02
6.26900,4.634979e+02,5.299320e+00,-4.164153e-03,3.540244e-02
6.27000,4.617022e+02,5.544000e-01,-4.324192e-03,3.566643e-02
6.27100,4.599077e+02,-4.077773e+00,-4.476956e-03,3.588803e-02
6.27200,4.581469e+02,-8.523381e+00,-4.621769e-03,3.606739e-02
6.27300,4.564295e+02,-1.303684e+01,-4.758006e-03,3.620468e-02
6.27400,4.547603e+02,-1.785702e+01,-4.885094e-03,3.630014e-02
6.27500,4.531511e+02,-2.288971e+01,-5.002515e-03,3.635405e-02
6.27600,4.516131e+02,-2.789074e+01,-5.109800e-03,3.636675e-02
6.27700,4.501574e+02,-3.278116e+01,-5.206536e-03,3.633860e-02
6.27800,4.487887e+02,-3.777468e+01,-5.292363e-03,3.627001e-02
6.27900,4.474824e+02,-4.303087e+01,-5.366977e-03,3.616141e-02
6.28000,4.462201e+02,-4.843393e+01,-5.430129e-03,3.601327e-02
6.28100,4.450234e+02,-5.367928e+01,-5.481620e-03,3.582608e-02
6.28200,4.439290e+02,-5.866066e+01,-5.521307e-03,3.560036e-02
6.28300,4.429438e+02,-6.359376e+01,-5.549097e-03,3.533665e-02
6.28400,4.420493e+02,-6.873326e+01,-5.564950e-03,3.503551e-02
6.28500,4.412273e+02,-7.408366e+01,-5.568876e-03,3.469751e-02
6.28600,4.404669e+02,-7.937702e+01,-5.560930e-03,3.432323e-02
6.28700,4.397819e+02,-8.443805e+01,-5.541216e-03,3.391329e-02
6.28800,4.392022e+02,-8.933014e+01,-5.509879e-03,3.346827e-02
6.28900,4.387332e+02,-9.423851e+01,-5.467111e-03,3.298880e-02
6.29000,4.383470e+02,-9.913823e+01,-5.413143e-03,3.247552e-02
6.29100,4.380298e+02,-1.038218e+02,-5.348246e-03,3.192903e-02
6.29200,4.377945e+02,-1.081504e+02,-5.272732e-03,3.135000e-02
6.29300,4.376578e+02,-1.122656e+02,-5.186948e-03,3.073904e-02
6.29400,4.376266e+02,-1.164056e+02,-5.091277e-03,3.009682e-02
6.29500,4.376908e+02,-1.205766e+02,-4.986136e-03,2.942398e-02
6.29600,4.378207e+02,-1.245257e+02,-4.871971e-03,2.872116e-02
6.29700,4.380002e+02,-1.280140e+02,-4.749262e-03,2.798904e-02
6.29800,4.382628e+02,-1.311424e+02,-4.618517e-03,2.722826e-02
6.29900,4.386451e+02,-1.341739e+02,-4.480271e-03,2.643949e-02
6.30000,4.391339e+02,-1.372071e+02,-4.335091e-03,2.562341e-02
6.30100,4.396984e+02,-1.400102e+02,-4.183563e-03,2.478071e-02
6.30200,4.403472e+02,-1.423750e+02,-4.026300e-03,2.391207e-02
6.30300,4.411013e+02,-1.443806e+02,-3.863939e-03,2.301820e-02
6.30400,4.419489e+02,-1.462663e+02,-3.697134e-03,2.209982e-02
6.30500,4.428586e+02,-1.480448e+02,-3.526563e-03,2.115767e-02
6.30600,4.438184e+02,-1.494364e+02,-3.352920e-03,2.019249e-02
6.30700,4.448449e+02,-1.502309e+02,-3.176917e-03,1.920507e-02
6.30800,4.459684e+02,-1.505566e+02,-2.999282e-03,1.819620e-02
6.30900,4.471989e+02,-1.507449e+02,-2.820754e-03,1.716670e-02
6.31000,4.484999e+02,-1.508949e+02,-2.642083e-03,1.611745e-02
6.31100,4.498245e+02,-1.508048e+02,-2.464029e-03,1.504931e-02
6.31200,4.511765e+02,-1.502290e+02,-2.287361e-03,1.396321e-02
6.31300,4.525993e+02,-1.492215e+02,-2.112849e-03,1.286012e-02
6.31400,4.541017e+02,-1.480235e+02,-1.941270e-03,1.174101e-02
6.31500,4.556446e+02,-1.467427e+02,-1.773396e-03,1.060694e-02
6.31600,4.572013e+02,-1.452322e+02,-1.609998e-03,9.458976e-03
6.31700,4.587863e+02,-1.433163e+02,-1.451839e-03,8.298250e-03
6.31800,4.604209e+02,-1.410883e+02,-1.299670e-03,7.125934e-03
6.31900,4.620965e+02,-1.387995e+02,-1.154230e-03,5.943247e-03
6.32000,4.637777e+02,-1.365692e+02,-1.016241e-03,4.751458e-03
6.32100,4.654310e+02,-1.342039e+02,-8.864029e-04,3.551886e-03
6.32200,4.670541e+02,-1.314603e+02,-7.653908e-04,2.345903e-03
6.32300,4.686690e+02,-1.283174e+02,-6.538494e-04,1.134926e-03
6.32400,4.702821e+02,-1.250257e+02,-5.523887e-04,-7.957772e-05
6.32500,4.718700e+02,-1.217897e+02,-4.615803e-04,-1.296091e-03
6.32600,4.734097e+02,-1.185684e+02,-3.819525e-04,-2.513050e-03
6.32700,4.748985e+02,-1.151695e+02,-3.139845e-04,-3.728847e-03
6.32800,4.763380e+02,-1.115446e+02,-2.581030e-04,-4.941832e-03
6.32900,4.777124e+02,-1.078911e+02,-2.146778e-04,-6.150318e-03
6.33000,4.789887e+02,-1.043676e+02,-1.840159e-04,-7.352583e-03
6.33100,4.801372e+02,-1.008801e+02,-1.663583e-04,-8.546874e-03
6.33200,4.811606e+02,-9.714997e+01,-1.618768e-04,-9.731416e-03
6.33300,4.820818e+02,-9.312195e+01,-1.706711e-04,-1.090442e-02
6.33400,4.828978e+02,-8.905561e+01,-1.927646e-04,-1.206407e-02
6.33500,4.835742e+02,-8.524400e+01,-2.281033e-04,-1.320857e-02
6.33600,4.840981e+02,-8.164420e+01,-2.765555e-04,-1.433611e-02
6.33700,4.844881e+02,-7.796713e+01,-3.379098e-04,-1.544491e-02
6.33800,4.847520e+02,-7.406263e+01,-4.118748e-04,-1.653317e-02
6.33900,4.848758e+02,-7.010067e+01,-4.980804e-04,-1.759917e-02
6.34000,4.848464e+02,-6.631975e+01,-5.960806e-04,-1.864119e-02
6.34100,4.846561e+02,-6.267661e+01,-7.053552e-04,-1.965756e-02
6.34200,4.843045e+02,-5.893457e+01,-8.253130e-04,-2.064669e-02
6.34300,4.838091e+02,-5.499382e+01,-9.552960e-04,-2.160701e-02
6.34400,4.831737e+02,-5.109737e+01,-1.094584e-03,-2.253705e-02
6.34500,4.823701e+02,-4.752251e+01,-1.242403e-03,-2.343539e-02
6.34600,4.813952e+02,-4.423796e+01,-1.397928e-03,-2.430072e-02
6.34700,4.803101e+02,-4.090594e+01,-1.560291e-03,-2.513180e-02
6.34800,4.791616e+02,-3.728953e+01,-1.728589e-03,-2.592746e-02
6.34900,4.779142e+02,-3.352549e+01,-1.901891e-03,-2.668665e-02
6.35000,4.765175e+02,-2.992046e+01,-2.079245e-03,-2.740842e-02
6.35100,4.749881e+02,-2.656832e+01,-2.259684e-03,-2.809189e-02
6.35200,4.733832e+02,-2.323070e+01,-2.442239e-03,-2.873629e-02
6.35300,4.717283e+02,-1.968782e+01,-2.625934e-03,-2.934096e-02
6.35400,4.700107e+02,-1.599660e+01,-2.809804e-03,-2.990531e-02
6.35500,4.682206e+02,-1.240303e+01,-2.992897e-03,-3.042886e-02
6.35600,4.663871e+02,-8.941761e+00,-3.174284e-03,-3.091121e-02
6.35700,4.645643e+02,-5.359977e+00,-3.353056e-03,-3.135207e-02
6.35800,4.627789e+02,-1.401018e+00,-3.528335e-03,-3.175121e-02
6.35900,4.609970e+02,2.843857e+00,-3.699276e-03,-3.210849e-02
6.36000,4.591708e+02,7.017079e+00,-3.865075e-03,-3.242384e-02
6.36100,4.573114e+02,1.091382e+01,-4.024967e-03,-3.269726e-02
6.36200,4.554874e+02,1.471041e+01,-4.178232e-03,-3.292882e-02
6.36300,4.537504e+02,1.874870e+01,-4.324193e-03,-3.311867e-02
6.36400,4.520798e+02,2.309552e+01,-4.462224e-03,-3.326697e-02
6.36500,4.504258e+02,2.752027e+01,-4.591748e-03,-3.337398e-02
6.36600,4.487875e+02,3.182544e+01,-4.712240e-03,-3.343998e-02
6.36700,4.472203e+02,3.614938e+01,-4.823224e-03,-3.346531e-02
6.36800,4.457595e+02,4.074507e+01,-4.924276e-03,-3.345032e-02
6.36900,4.443789e+02,4.560108e+01,-5.015023e-03,-3.339543e-02
6.37000,4.430373e+02,5.039630e+01,-5.095145e-03,-3.330107e-02
6.37100,4.417383e+02,5.490107e+01,-5.164372e-03,-3.316769e-02
6.37200,4.405217e+02,5.928434e+01,-5.222486e-03,-3.299578e-02
6.37300,4.394188e+02,6.390443e+01,-5.269320e-03,-3.278584e-02
6.37400,4.384231e+02,6.886843e+01,-5.304756e-03,-3.253841e-02
6.37500,4.375000e+02,7.388527e+01,-5.328726e-03,-3.225400e-02
6.37600,4.366284e+02,7.865300e+01,-5.341206e-03,-3.193318e-02
6.37700,4.358252e+02,8.319682e+01,-5.342220e-03,-3.157650e-02
6.37800,4.351252e+02,8.780525e+01,-5.331837e-03,-3.118454e-02
6.37900,4.345377e+02,9.258631e+01,-5.310169e-03,-3.075786e-02
6.38000,4.340401e+02,9.731657e+01,-5.277371e-03,-3.029705e-02
6.38100,4.336105e+02,1.017415e+02,-5.233636e-03,-2.980269e-02
6.38200,4.332562e+02,1.059325e+02,-5.179197e-03,-2.927538e-02
6.38300,4.330078e+02,1.102120e+02,-5.114327e-03,-2.871572e-02
6.38400,4.328829e+02,1.147039e+02,-5.039333e-03,-2.812429e-02
6.38500,4.328588e+02,1.191439e+02,-4.954556e-03,-2.750170e-02
6.38600,4.328943e+02,1.231496e+02,-4.860371e-03,-2.684856e-02
6.38700,4.329834e+02,1.266771e+02,-4.757187e-03,-2.616547e-02
6.38800,4.331633e+02,1.300173e+02,-4.645445e-03,-2.545305e-02
6.38900,4.334675e+02,1.334255e+02,-4.525616e-03,-2.471191e-02
6.39000,4.338914e+02,1.367947e+02,-4.398198e-03,-2.394268e-02
6.39100,4.344134e+02,1.398442e+02,-4.263716e-03,-2.314598e-02
6.39200,4.350207e+02,1.424872e+02,-4.122720e-03,-2.232246e-02
6.39300,4.357132e+02,1.449227e+02,-3.975791e-03,-2.147276e-02
6.39400,4.364938e+02,1.473186e+02,-3.823531e-03,-2.059754e-02
6.39500,4.373625e+02,1.495218e+02,-3.666565e-03,-1.969748e-02
6.39600,4.383148e+02,1.512313e+02,-3.505538e-03,-1.877327e-02
6.39700,4.393505e+02,1.523763e+02,-3.341117e-03,-1.782562e-02
6.39800,4.404817e+02,1.532595e+02,-3.173989e-03,-1.685525e-02
6.39900,4.417135e+02,1.541931e+02,-3.004858e-03,-1.586292e-02
6.40000,4.430262e+02,1.551507e+02,-2.834445e-03,-1.484940e-02
6.40100,4.443953e+02,1.558142e+02,-2.663484e-03,-1.381550e-02
6.40200,4.458209e+02,1.559837e+02,-2.492719e-03,-1.276206e-02
6.40300,4.473169e+02,1.557822e+02,-2.322908e-03,-1.168994e-02
6.40400,4.488869e+02,1.554458e+02,-2.154813e-03,-1.060004e-02
6.40500,4.505249e+02,1.549980e+02,-1.989205e-03,-9.493305e-03
6.40600,4.522260e+02,1.542408e+02,-1.826853e-03,-8.370722e-03
6.40700,4.539844e+02,1.530773e+02,-1.668530e-03,-7.233313e-03
6.40800,4.557869e+02,1.516746e+02,-1.515001e-03,-6.082147e-03
6.40900,4.576139e+02,1.502905e+02,-1.367030e-03,-4.918343e-03
6.41000,4.594501e+02,1.489226e+02,-1.225368e-03,-3.743071e-03
6.41100,4.612981e+02,1.473098e+02,-1.090753e-03,-2.557551e-03
6.41200,4.631699e+02,1.452362e+02,-9.639038e-04,-1.363057e-03
6.41300,4.650564e+02,1.428143e+02,-8.455167e-04,-1.609142e-04
6.41400,4.669278e+02,1.403555e+02,-7.362618e-04,1.047495e-03
6.41500,4.687702e+02,1.380056e+02,-6.367781e-04,2.260736e-03
6.41600,4.705945e+02,1.356067e+02,-5.476683e-04,3.477318e-03
6.41700,4.724049e+02,1.329348e+02,-4.694935e-04,4.695698e-03
6.41800,4.741860e+02,1.300145e+02,-4.027681e-04,5.914282e-03
6.41900,4.759100e+02,1.270543e+02,-3.479553e-04,7.131424e-03
6.42000,4.775411e+02,1.241424e+02,-3.054624e-04,8.345434e-03
6.42100,4.790581e+02,1.210767e+02,-2.756365e-04,9.554579e-03
6.42200,4.804790e+02,1.176426e+02,-2.587592e-04,1.075709e-02
6.42300,4.818240e+02,1.139182e+02,-2.550416e-04,1.195117e-02
6.42400,4.830637e+02,1.102507e+02,-2.646207e-04,1.313498e-02
6.42500,4.841507e+02,1.068489e+02,-2.875570e-04,1.430669e-02
6.42600,4.850822e+02,1.035459e+02,-3.238328e-04,1.546444e-02
6.42700,4.858876e+02,1.000315e+02,-3.733496e-04,1.660638e-02
6.42800,4.865794e+02,9.623974e+01,-4.359253e-04,1.773064e-02
6.42900,4.871434e+02,9.241280e+01,-5.112945e-04,1.883540e-02
6.43000,4.875503e+02,8.873810e+01,-5.991101e-04,1.991883e-02
6.43100,4.877697e+02,8.511992e+01,-6.989456e-04,2.097917e-02
6.43200,4.878059e+02,8.134936e+01,-8.102979e-04,2.201467e-02
6.43300,4.876969e+02,7.745919e+01,-9.325876e-04,2.302365e-02
6.43400,4.874541e+02,7.370913e+01,-1.065164e-03,2.400448e-02
6.43500,4.870410e+02,7.024697e+01,-1.207310e-03,2.495561e-02
6.43600,4.864347e+02,6.687611e+01,-1.358251e-03,2.587555e-02
6.43700,4.856604e+02,6.327208e+01,-1.517161e-03,2.676290e-02
6.43800,4.847506e+02,5.936400e+01,-1.683165e-03,2.761635e-02
6.43900,4.837136e+02,5.539227e+01,-1.855348e-03,2.843466e-02
6.44000,4.825486e+02,5.161369e+01,-2.032763e-03,2.921672e-02
6.44100,4.812653e+02,4.800264e+01,-2.214441e-03,2.996148e-02
6.44200,4.798822e+02,4.435375e+01,-2.399397e-03,3.066800e-02
