run,study,level,time_scheme,coupling,fluid_cells,solid_cells,delta_t_s,cores,clock_time_s,mean_fsi_iterations,maximum_fsi_iterations,ur_max_A_m,t_ur_max_A_s,uz_min_A_m,t_uz_min_A_s,ur_min_late_A_m,t_arrival_A_s,wave_speed_pressure_m_s,wave_speed_wall_m_s
mesh_robin_backward_dt2.5e-05,mesh,1.0,backward,robin,16000.0,6400.0,2.5e-05,4.0,532.0,4.77875,9.0,0.0001597822214566929,0.0072014763779527586,-8.81903580177373e-05,0.004720409875359541,-0.0001001359453125,0.005872715112570655,4.663341692182265,5.066405804566241
mesh_robin_backward_dt2.5e-05,mesh,2.0,backward,robin,128000.0,51200.0,2.5e-05,8.0,2287.0,3.49125,7.0,0.00015921180086206897,0.007235086206896552,-8.643421900837988e-05,0.004760907821229052,-9.333627313084112e-05,0.005837479651184561,4.644946099514876,5.057136495078736
mesh_robin_backward_dt2.5e-05,mesh,3.0,backward,robin,1024000.0,409600.0,2.5e-05,128.0,4979.0,3.10625,8.0,0.00015834924916107384,0.007258808724832215,-8.554193271889401e-05,0.004777188940092167,-9.618336048387097e-05,0.005815051415679856,4.660177158081283,5.122456696628062
timestep_robin_backward,timestep,1.0,backward,robin,16000.0,6400.0,0.0001,4.0,176.0,4.565,10.0,0.0001563181817102138,0.0072098574821852736,-8.564547443550074e-05,0.00483103700606314,-9.347343090729002e-05,0.00575475483163815,4.647259228242719,5.071531183720214
timestep_robin_backward,timestep,2.0,backward,robin,16000.0,6400.0,5e-05,4.0,272.0,4.2925,9.0,0.00015854805861244018,0.007200837320574163,-8.791056242276003e-05,0.004763066426364573,-9.845055524360032e-05,0.0058512107562031694,4.6618846840520245,5.060414296823026
timestep_robin_backward,timestep,3.0,backward,robin,16000.0,6400.0,2.5e-05,4.0,480.0,4.77875,9.0,0.0001597822214566929,0.0072014763779527586,-8.81903580177373e-05,0.004720409875359541,-0.0001001359453125,0.005872715112570655,4.663341692182265,5.066405804566241
timestep_robin_backward,timestep,4.0,backward,robin,16000.0,6400.0,1.25e-05,4.0,1110.0,7.425,11.0,0.00015989093951612905,0.007242943548387095,-8.818360666666667e-05,0.00470527777777778,-9.883859210251046e-05,0.005865371906941579,4.664244013950513,5.073423015367849
timestep_robin_Euler,timestep,1.0,Euler,robin,16000.0,6400.0,0.0001,4.0,164.0,4.375,10.0,0.00012241486511299434,0.007004943502824859,-7.4802244366024e-05,0.004661056462718867,-7.76680722057075e-05,0.005225123058362723,4.595311001430385,5.29952689735467
timestep_robin_Euler,timestep,2.0,Euler,robin,16000.0,6400.0,5e-05,4.0,249.0,3.5925,9.0,0.0001364893061594203,0.007077355072463766,-7.969118975609756e-05,0.004708170731707318,-8.584135604684512e-05,0.005431958515861717,4.637418857610374,5.1884758159182605
timestep_robin_Euler,timestep,3.0,Euler,robin,16000.0,6400.0,2.5e-05,4.0,370.0,3.36,9.0,0.00014651439130434782,0.007120652173913046,-8.299078155850092e-05,0.0047224634369287,-9.048260939440994e-05,0.005605376398940705,4.6526386131230515,5.134459037032828
timestep_robin_Euler,timestep,4.0,Euler,robin,16000.0,6400.0,1.25e-05,4.0,573.0,3.49875,11.0,0.00015272116071428571,0.007154910714285716,-8.516828851156069e-05,0.004723735549132947,-9.379751113013699e-05,0.00573022517291126,4.659028126658762,5.10184149178433
mesh_robin_Euler_dt0.0001,mesh,1.0,Euler,robin,16000.0,6400.0,0.0001,4.0,181.0,4.375,10.0,0.00012241486511299434,0.007004943502824859,-7.4802244366024e-05,0.004661056462718867,-7.76680722057075e-05,0.005225123058362723,4.595311001430385,5.29952689735467
mesh_robin_Euler_dt0.0001,mesh,2.0,Euler,robin,128000.0,51200.0,0.0001,8.0,909.0,4.37,10.0,0.0001209955544205052,0.0070351411589896,-7.325559239992072e-05,0.004670610384462941,-7.627540838252656e-05,0.005212914558836782,4.578370232898804,5.311194218007855
literature_robin_Euler,literature,1.0,Euler,robin,16000.0,6400.0,0.0001,4.0,168.0,4.375,10.0,0.00012241486511299434,0.007004943502824859,-7.4802244366024e-05,0.004661056462718867,-7.76680722057075e-05,0.005225123058362723,4.595311001430385,5.29952689735467
coupling_backward,coupling,,backward,robin,,,2.5e-05,4.0,483.0,4.77875,9.0,0.0001597822214566929,0.0072014763779527586,-8.81903580177373e-05,0.004720409875359541,-0.0001001359453125,0.005872715112570655,4.663341692182265,5.066405804566241
coupling_backward,coupling,,backward,iqnils,,,2.5e-05,4.0,1994.0,15.52,20.0,0.00015969272844827586,0.00721530172413793,-8.814951488095238e-05,0.004718282312925172,-9.995292423184357e-05,0.005868837132635996,4.663156109215589,5.069220020988339
