definition,path,case,W,dW,Q_in,Q_quad,W_p,W_v,gross_abs_work,W_over_gross,coupled_A_mm,coupled_dA_mm,coupled_df_hz,dA_pred_amp_only_mm,dA_pred_amp_freq_mm,implied_dA_dW_mm_per_J,dQ_in,dA_pred_inphase_fluid_only_mm,dA_pred_inphase_with_structure_mm
W,matched,e_1x_dt0.001,-1.9874713163440314,-2.068994785576486,50.33875259096006,-16.9727357823921,-2.0733026338562306,0.08583131751219909,8.377830207175242,-0.23722983961191407,29.85335,-4.322049999999994,0.06529031266147722,-143.72555717897242,-245.8931858728619,2.0889612821308954,-21.8335757442838,-3.70807346180169,-2.7318832996622073
W,matched,e_2x_dt0.0005,0.08152346923245452,0.0,72.17232833524386,1.9950764680931667,-0.1232527433670546,0.20477621259950912,7.395115436826471,0.011023961685098371,34.175399999999996,0.0,0.0,,,,0.0,,
W,matched,e_4x_dt0.00025,0.12534481469951447,0.04382134546705996,81.01809206882221,2.338577173631648,-0.10338714264226105,0.2287319573417755,6.886128587611478,0.01820250858007744,36.2305,2.055100000000004,-0.04882684428645501,3.0441097954872527,79.44936340819106,46.897236451692265,8.845763733578352,1.5023073698057547,1.1068088204859001
W,fixed_dt_2.5e-4,e_1x_dt0.00025,-1.745471333466251,-1.8867663934248826,47.752020800048804,-14.700061262191294,-1.8740093439020238,0.12853801043577276,8.383466709141672,-0.2082040036686635,29.85335,-4.322049999999994,0.06529031266147722,-131.06681227618142,-233.23444097007086,2.2907181382187716,-24.91683118016683,-4.231713647525593,-3.117669582794818
W,fixed_dt_2.5e-4,e_2x_dt0.00025,0.1412950599586316,0.0,72.66885198021563,2.5527223961801417,-0.07076530545493012,0.2120603654135617,7.342112899021589,0.01924446843870524,34.175399999999996,0.0,0.0,,,,0.0,,
W,fixed_dt_2.5e-4,e_4x_dt0.00025,0.12534481469951447,-0.01595024525911712,81.01809206882221,2.338577173631648,-0.10338714264226105,0.2287319573417755,6.886128587611478,0.01820250858007744,36.2305,2.055100000000004,-0.04882684428645501,-1.108005637804989,75.29724797489881,-128.84441377635332,8.349240088606578,1.417981001434376,1.0446822742219004
W_modal_sum,matched,e_1x_dt0.001,-1.8696065015871226,-2.0308694319678735,50.33875259096006,-16.9727357823921,-2.0733026338562306,0.08583131751219909,8.377830207175242,-0.22316118318868378,29.85335,-4.322049999999994,0.06529031266147722,-113.53957478404769,-195.51636369998818,2.1281771895163195,-21.8335757442838,-3.70807346180169,-2.7318832996622073
W_modal_sum,matched,e_2x_dt0.0005,0.1612629303807507,0.0,72.17232833524386,1.9950764680931667,-0.1232527433670546,0.20477621259950912,7.395115436826471,0.02180668195897086,34.175399999999996,0.0,0.0,,,,0.0,,
W_modal_sum,matched,e_4x_dt0.00025,0.1696410942698382,0.008378163889087492,81.01809206882221,2.338577173631648,-0.10338714264226105,0.2287319573417755,6.886128587611478,0.02463519118348034,36.2305,2.055100000000004,-0.04882684428645501,0.4683970079338439,61.774090675776854,245.29240860002264,8.845763733578352,1.5023073698057547,1.1068088204859001
W_modal_sum,fixed_dt_2.5e-4,e_1x_dt0.00025,-1.7173601674591294,-1.898799026718171,47.752020800048804,-14.700061262191294,-1.8740093439020238,0.12853801043577276,8.383466709141672,-0.20485083641907353,29.85335,-4.322049999999994,0.06529031266147722,-106.15593041106699,-188.13271932700744,2.2762019251032055,-24.91683118016683,-4.231713647525593,-3.117669582794818
W_modal_sum,fixed_dt_2.5e-4,e_2x_dt0.00025,0.18143885925904155,0.0,72.66885198021563,2.5527223961801417,-0.07076530545493012,0.2120603654135617,7.342112899021589,0.02471207699396997,34.175399999999996,0.0,0.0,,,,0.0,,
W_modal_sum,fixed_dt_2.5e-4,e_4x_dt0.00025,0.1696410942698382,-0.011797764989203346,81.01809206882221,2.338577173631648,-0.10338714264226105,0.2287319573417755,6.886128587611478,0.02463519118348034,36.2305,2.055100000000004,-0.04882684428645501,-0.6595762382312832,60.646117429611735,-174.19401063512592,8.349240088606578,1.417981001434376,1.0446822742219004
