# Liu J. Combined field formulation and a simple stable explicit interface advancing scheme for fluid structure interaction, arXiv:1401.0082
# Fig. 5.2 (middle): deformed solid boundary at t = 10 s (steady),
# domain decomposition solver, dt = 2e-4 s, on the mesh of Fig. 5.1;
# extracted from the vector graphics of the PDF (the combined-field
# result in the right panel agrees to 1e-4 m).
# Ordered by the angle about (1.5, -0.5), from the upstream end.
# x (m), y (m)
1.02492, -0.45460
1.04356, -0.41762
1.06378, -0.38007
1.08475, -0.34440
1.10839, -0.30817
1.13463, -0.27250
1.16139, -0.23969
1.18894, -0.20925
1.21806, -0.18065
1.24798, -0.15415
1.27921, -0.12976
1.31146, -0.10717
1.34480, -0.08699
1.37945, -0.06861
1.41275, -0.05339
1.45108, -0.03922
1.48570, -0.02873
1.52404, -0.02005
1.52404, -0.02009
1.56075, -0.01456
1.59747, -0.01167
1.59751, -0.01167
1.63397, -0.01167
1.66915, -0.01430
1.70297, -0.01930
1.73578, -0.02689
1.76675, -0.03659
1.79430, -0.04737
1.82133, -0.06049
1.84914, -0.07677
1.87642, -0.09563
1.90266, -0.11743
1.92682, -0.14156
1.94701, -0.16569
1.96959, -0.19824
1.98482, -0.22552
1.99793, -0.25439
2.00816, -0.28378
2.01575, -0.31185
2.02101, -0.34098
2.02417, -0.37274
2.02469, -0.40345
2.02180, -0.43652
2.01627, -0.46693
