# A. Eken (2016), PhD thesis, Istanbul Technical University, Fig. 5.6 (printed p. 62),
# mesh M2 (2,557,571 DOF), inner wall halfway along the pipe; companion of Eken and
# Sahin (2016), Int J Numer Meth Fluids 80(12):687-714. Monolithic ALE FE, St
# Venant-Kirchhoff wall, first-order implicit Euler, dt = 1e-4 s. Pixel-digitised
# (about +/-3e-6 m), smoothed and resampled to 0.1 ms. Displacements in m.
time_s,radial_displacement_m,axial_displacement_m
0.00000,0.0000e+00,0.0000e+00
0.00010,1.6949e-07,0.0000e+00
0.00020,1.2688e-07,8.8943e-08
0.00030,1.5202e-07,-4.0339e-08
0.00040,1.2688e-07,-1.7433e-08
0.00050,1.6949e-07,-1.4528e-08
0.00060,1.5351e-07,-4.3390e-08
0.00070,1.3343e-07,-6.7861e-08
0.00080,2.6253e-07,-2.9443e-08
0.00090,6.6559e-08,-1.1945e-07
0.00100,3.2841e-07,-7.2639e-09
0.00110,1.9323e-07,-9.6981e-08
0.00120,3.0337e-07,-6.4633e-08
0.00130,3.9791e-07,-2.6321e-07
0.00140,4.9511e-07,-7.4128e-07
0.00150,7.8936e-07,-8.4003e-07
0.00160,8.0992e-07,-1.9490e-06
0.00170,9.1552e-07,-3.0020e-06
0.00180,1.1338e-06,-4.7469e-06
0.00190,1.1891e-06,-6.7999e-06
0.00200,1.3386e-06,-8.8743e-06
0.00210,1.6467e-06,-1.1366e-05
0.00220,1.6431e-06,-1.4449e-05
0.00230,1.9380e-06,-1.7837e-05
0.00240,2.6276e-06,-2.0959e-05
0.00250,3.1738e-06,-2.4098e-05
0.00260,4.1727e-06,-2.6980e-05
0.00270,4.9355e-06,-3.0343e-05
0.00280,5.3661e-06,-3.3873e-05
0.00290,5.8712e-06,-3.6743e-05
0.00300,5.9882e-06,-3.9984e-05
0.00310,6.4097e-06,-4.3585e-05
0.00320,7.0315e-06,-4.6032e-05
0.00330,7.6518e-06,-4.9770e-05
0.00340,9.2293e-06,-5.3435e-05
0.00350,1.0287e-05,-5.6325e-05
0.00360,1.2287e-05,-5.9662e-05
0.00370,1.5254e-05,-6.2696e-05
0.00380,1.8037e-05,-6.5330e-05
0.00390,2.0963e-05,-6.8103e-05
0.00400,2.3716e-05,-7.0684e-05
0.00410,2.6262e-05,-7.3135e-05
0.00420,3.0067e-05,-7.5020e-05
0.00430,3.3049e-05,-7.6312e-05
0.00440,3.6126e-05,-7.7804e-05
0.00450,3.8382e-05,-7.8572e-05
0.00460,4.1034e-05,-7.9239e-05
0.00470,4.3840e-05,-7.9006e-05
0.00480,4.6482e-05,-7.7727e-05
0.00490,4.9552e-05,-7.6212e-05
0.00500,5.2486e-05,-7.3975e-05
0.00510,5.6344e-05,-7.0976e-05
0.00520,6.0420e-05,-6.7215e-05
0.00530,6.4609e-05,-6.3447e-05
0.00540,6.9498e-05,-5.8831e-05
0.00550,7.3399e-05,-5.4046e-05
0.00560,7.8179e-05,-4.9604e-05
0.00570,8.2787e-05,-4.3689e-05
0.00580,8.9100e-05,-3.9807e-05
0.00590,9.5086e-05,-3.2836e-05
0.00600,1.0069e-04,-2.7517e-05
0.00610,1.0608e-04,-2.1371e-05
0.00620,1.1131e-04,-1.4921e-05
0.00630,1.1593e-04,-8.2678e-06
0.00640,1.1899e-04,-8.7262e-07
0.00650,1.2136e-04,6.4185e-06
0.00660,1.2328e-04,1.3815e-05
0.00670,1.2421e-04,2.0762e-05
0.00680,1.2370e-04,2.7726e-05
0.00690,1.2192e-04,3.3998e-05
0.00700,1.2047e-04,4.1065e-05
0.00710,1.1806e-04,4.7099e-05
0.00720,1.1469e-04,5.1934e-05
0.00730,1.1078e-04,5.8379e-05
0.00740,1.0646e-04,6.4462e-05
0.00750,1.0208e-04,6.8590e-05
0.00760,9.7802e-05,7.2580e-05
0.00770,9.2311e-05,7.6472e-05
0.00780,8.6879e-05,7.9011e-05
0.00790,8.2128e-05,8.1275e-05
0.00800,7.6903e-05,8.2287e-05
0.00810,7.0429e-05,8.3085e-05
0.00820,6.4582e-05,8.2597e-05
0.00830,5.9590e-05,8.1403e-05
0.00840,5.2970e-05,7.9980e-05
0.00850,4.5981e-05,7.8102e-05
0.00860,3.9336e-05,7.6506e-05
0.00870,3.3445e-05,7.3817e-05
0.00880,2.6705e-05,7.1651e-05
0.00890,2.0983e-05,6.8825e-05
0.00900,1.5676e-05,6.5741e-05
0.00910,9.0930e-06,6.2415e-05
0.00920,3.1401e-06,5.9331e-05
0.00930,-2.6276e-06,5.5404e-05
0.00940,-7.6853e-06,5.1336e-05
0.00950,-1.2696e-05,4.7873e-05
0.00960,-1.7161e-05,4.3124e-05
0.00970,-2.1431e-05,3.8400e-05
0.00980,-2.4303e-05,3.4204e-05
0.00990,-2.6755e-05,3.0175e-05
0.01000,-2.9311e-05,2.5977e-05
0.01010,-3.1400e-05,2.0814e-05
0.01020,-3.2437e-05,1.6208e-05
0.01030,-3.3140e-05,1.2086e-05
0.01040,-3.3706e-05,7.8992e-06
0.01050,-3.3457e-05,3.3896e-06
0.01060,-3.2953e-05,-4.4736e-07
0.01070,-3.1571e-05,-4.4845e-06
0.01080,-3.0513e-05,-7.1941e-06
0.01090,-2.9038e-05,-9.7586e-06
0.01100,-2.7053e-05,-1.1444e-05
0.01110,-2.5314e-05,-1.3003e-05
0.01120,-2.3367e-05,-1.4169e-05
0.01130,-2.1636e-05,-1.4581e-05
0.01140,-1.9409e-05,-1.4671e-05
0.01150,-1.7655e-05,-1.4277e-05
0.01160,-1.5771e-05,-1.3878e-05
0.01170,-1.4230e-05,-1.3582e-05
0.01180,-1.2648e-05,-1.3252e-05
0.01190,-1.1702e-05,-1.3253e-05
0.01200,-1.0375e-05,-1.3089e-05
0.01210,-9.7709e-06,-1.3427e-05
0.01220,-9.3760e-06,-1.3456e-05
0.01230,-9.3780e-06,-1.3709e-05
0.01240,-9.1735e-06,-1.3926e-05
0.01250,-9.4970e-06,-1.4211e-05
0.01260,-1.0538e-05,-1.4670e-05
0.01270,-1.1281e-05,-1.4804e-05
0.01280,-1.2148e-05,-1.5487e-05
0.01290,-1.3567e-05,-1.6131e-05
0.01300,-1.4698e-05,-1.6932e-05
0.01310,-1.6323e-05,-1.7910e-05
0.01320,-1.7974e-05,-1.8508e-05
0.01330,-1.9373e-05,-1.9233e-05
0.01340,-2.0732e-05,-2.0544e-05
0.01350,-2.2546e-05,-2.1350e-05
0.01360,-2.4652e-05,-2.2775e-05
0.01370,-2.6765e-05,-2.4258e-05
0.01380,-2.8857e-05,-2.5843e-05
0.01390,-3.0895e-05,-2.8012e-05
0.01400,-3.3267e-05,-2.9863e-05
0.01410,-3.4590e-05,-3.2226e-05
0.01420,-3.7094e-05,-3.4962e-05
0.01430,-3.9468e-05,-3.7944e-05
0.01440,-4.1208e-05,-4.0617e-05
0.01450,-4.3021e-05,-4.3730e-05
0.01460,-4.4931e-05,-4.6352e-05
0.01470,-4.7084e-05,-4.9212e-05
0.01480,-4.9036e-05,-5.1126e-05
0.01490,-5.0535e-05,-5.2839e-05
0.01500,-5.2120e-05,-5.4503e-05
0.01510,-5.3957e-05,-5.5571e-05
0.01520,-5.5154e-05,-5.5878e-05
0.01530,-5.7165e-05,-5.5943e-05
0.01540,-5.8505e-05,-5.5370e-05
0.01550,-5.9984e-05,-5.4805e-05
0.01560,-6.1517e-05,-5.3588e-05
0.01570,-6.2656e-05,-5.2549e-05
0.01580,-6.4059e-05,-5.1423e-05
0.01590,-6.5716e-05,-4.9145e-05
0.01600,-6.6782e-05,-4.6899e-05
0.01610,-6.8227e-05,-4.4722e-05
0.01620,-6.9458e-05,-4.1534e-05
0.01630,-7.0587e-05,-3.9324e-05
0.01640,-7.1775e-05,-3.5856e-05
0.01650,-7.2743e-05,-3.1648e-05
0.01660,-7.3776e-05,-2.8293e-05
0.01670,-7.4406e-05,-2.4343e-05
0.01680,-7.4982e-05,-2.0044e-05
0.01690,-7.5857e-05,-1.5205e-05
0.01700,-7.6053e-05,-9.9946e-06
0.01710,-7.6087e-05,-4.7257e-06
0.01720,-7.5828e-05,6.9553e-07
0.01730,-7.6090e-05,6.3430e-06
0.01740,-7.5643e-05,1.2982e-05
0.01750,-7.4789e-05,1.8469e-05
0.01760,-7.4031e-05,2.5520e-05
0.01770,-7.2600e-05,2.9651e-05
0.01780,-7.0865e-05,3.2431e-05
0.01790,-6.9587e-05,3.5593e-05
0.01800,-6.7962e-05,nan
0.01810,-6.5852e-05,nan
0.01820,-6.3293e-05,nan
0.01830,-6.1475e-05,nan
0.01840,-5.8386e-05,nan
0.01850,-5.5069e-05,nan
0.01860,-5.1838e-05,nan
0.01870,-4.9025e-05,nan
0.01880,-4.5288e-05,nan
0.01890,-4.1690e-05,nan
0.01900,-3.7344e-05,nan
0.01910,-3.3106e-05,nan
0.01920,-2.9250e-05,nan
0.01930,-2.4536e-05,nan
0.01940,-2.0199e-05,nan
0.01950,-1.5369e-05,nan
0.01960,-1.1129e-05,nan
0.01970,-5.9582e-06,nan
0.01980,-1.1441e-06,nan
0.01990,1.9464e-06,nan
0.02000,nan,nan
