# Lozovskiy, Olshanskii and Vassilevski (2019), Computers & Fluids 179:277-288, Fig. 3,
# finer mesh (89,232 fluid / 38,016 solid tetrahedra), inner wall at half length.
# Monolithic P2-P1/P2 FE, St Venant-Kirchhoff wall, implicit Euler, dt = 1e-4 s.
# Pixel-digitised from the raster figure (accuracy about +/-3e-6 m), smoothed over
# five pixel columns and resampled to 0.1 ms. Displacements in m; axial positive +z.
time_s,radial_displacement_m,axial_displacement_m
0.00000,0.0000e+00,0.0000e+00
0.00010,-4.3971e-07,7.5131e-08
0.00020,-3.7904e-07,7.5131e-08
0.00030,-2.6296e-07,7.5131e-08
0.00040,-2.6296e-07,7.5131e-08
0.00050,-2.6296e-07,7.5131e-08
0.00060,-2.6296e-07,7.5131e-08
0.00070,-2.6296e-07,7.5131e-08
0.00080,-3.0579e-07,7.5131e-08
0.00090,-3.4974e-07,7.5131e-08
0.00100,-9.2036e-08,-1.8783e-08
0.00110,-7.5131e-08,-9.5417e-08
0.00120,-7.5131e-08,-3.9519e-07
0.00130,-7.5131e-08,-6.8482e-07
0.00140,-7.5131e-08,-1.1533e-06
0.00150,-7.5131e-08,-1.6247e-06
0.00160,-7.5131e-08,-2.3651e-06
0.00170,-7.5131e-08,-3.5165e-06
0.00180,-1.6153e-08,-4.7461e-06
0.00190,4.9530e-07,-6.3129e-06
0.00200,6.0105e-07,-8.0691e-06
0.00210,6.6886e-07,-9.9861e-06
0.00220,7.5244e-07,-1.2272e-05
0.00230,1.3604e-06,-1.4730e-05
0.00240,1.4433e-06,-1.7205e-05
0.00250,1.8595e-06,-2.0195e-05
0.00260,2.2100e-06,-2.3129e-05
0.00270,2.8214e-06,-2.6084e-05
0.00280,3.3328e-06,-2.9035e-05
0.00290,3.9361e-06,-3.2089e-05
0.00300,4.6675e-06,-3.5143e-05
0.00310,5.4683e-06,-3.8388e-05
0.00320,6.2893e-06,-4.1629e-05
0.00330,7.2823e-06,-4.4611e-05
0.00340,8.3881e-06,-4.7797e-05
0.00350,9.6065e-06,-5.0826e-05
0.00360,1.0820e-05,-5.3648e-05
0.00370,1.2435e-05,-5.6470e-05
0.00380,1.4169e-05,-5.9189e-05
0.00390,1.5982e-05,-6.2017e-05
0.00400,1.7934e-05,-6.4568e-05
0.00410,2.0205e-05,-6.6864e-05
0.00420,2.2764e-05,-6.8924e-05
0.00430,2.5542e-05,-7.0731e-05
0.00440,2.8681e-05,-7.2287e-05
0.00450,3.2005e-05,-7.3281e-05
0.00460,3.5328e-05,-7.3917e-05
0.00470,3.8709e-05,-7.3945e-05
0.00480,4.2551e-05,-7.3464e-05
0.00490,4.6305e-05,-7.2588e-05
0.00500,5.0144e-05,-7.1059e-05
0.00510,5.4163e-05,-6.8988e-05
0.00520,5.8140e-05,-6.6646e-05
0.00530,6.2248e-05,-6.3772e-05
0.00540,6.6264e-05,-6.0453e-05
0.00550,7.0311e-05,-5.6987e-05
0.00560,7.4663e-05,-5.2944e-05
0.00570,7.8981e-05,-4.8623e-05
0.00580,8.3227e-05,-4.4015e-05
0.00590,8.7404e-05,-3.9271e-05
0.00600,9.1555e-05,-3.4213e-05
0.00610,9.5642e-05,-2.9009e-05
0.00620,9.9687e-05,-2.3483e-05
0.00630,1.0361e-04,-1.8008e-05
0.00640,1.0742e-04,-1.2096e-05
0.00650,1.1059e-04,-5.9316e-06
0.00660,1.1336e-04,-4.5079e-09
0.00670,1.1583e-04,6.2634e-06
0.00680,1.1759e-04,1.2372e-05
0.00690,1.1888e-04,1.8261e-05
0.00700,1.1938e-04,2.4455e-05
0.00710,1.1927e-04,3.0334e-05
0.00720,1.1833e-04,3.6043e-05
0.00730,1.1662e-04,4.1448e-05
0.00740,1.1421e-04,4.6632e-05
0.00750,1.1127e-04,5.1332e-05
0.00760,1.0761e-04,5.5708e-05
0.00770,1.0353e-04,5.9664e-05
0.00780,9.8809e-05,6.3035e-05
0.00790,9.3318e-05,6.5971e-05
0.00800,8.7603e-05,6.8805e-05
0.00810,8.1963e-05,7.0775e-05
0.00820,7.5961e-05,7.2231e-05
0.00830,6.9986e-05,7.3147e-05
0.00840,6.3798e-05,7.3699e-05
0.00850,5.7191e-05,7.3854e-05
0.00860,5.0657e-05,7.3521e-05
0.00870,4.4225e-05,7.2895e-05
0.00880,3.7796e-05,7.1721e-05
0.00890,3.1895e-05,7.0272e-05
0.00900,2.6020e-05,6.8527e-05
0.00910,2.0209e-05,6.6519e-05
0.00920,1.4544e-05,6.4174e-05
0.00930,8.9839e-06,6.1584e-05
0.00940,3.8569e-06,5.8875e-05
0.00950,-9.8892e-07,5.5986e-05
0.00960,-5.7568e-06,5.2829e-05
0.00970,-9.8340e-06,4.9604e-05
0.00980,-1.3709e-05,4.6383e-05
0.00990,-1.7388e-05,4.3083e-05
0.01000,-2.0473e-05,3.9547e-05
0.01010,-2.3279e-05,3.6225e-05
0.01020,-2.5813e-05,3.2766e-05
0.01030,-2.7903e-05,2.9261e-05
0.01040,-2.9421e-05,2.5788e-05
0.01050,-3.0583e-05,2.2487e-05
0.01060,-3.1214e-05,1.9352e-05
0.01070,-3.1679e-05,1.6229e-05
0.01080,-3.1896e-05,1.3537e-05
0.01090,-3.1422e-05,1.0506e-05
0.01100,-3.0832e-05,7.9339e-06
0.01110,-2.9948e-05,5.5699e-06
0.01120,-2.8822e-05,3.1285e-06
0.01130,-2.7574e-05,1.0004e-06
0.01140,-2.6157e-05,-8.0766e-07
0.01150,-2.4543e-05,-2.5995e-06
0.01160,-2.2864e-05,-4.2554e-06
0.01170,-2.1098e-05,-5.7956e-06
0.01180,-1.9474e-05,-6.9797e-06
0.01190,-1.7879e-05,-8.3659e-06
0.01200,-1.6379e-05,-9.4816e-06
0.01210,-1.4961e-05,-1.0576e-05
0.01220,-1.3690e-05,-1.1657e-05
0.01230,-1.2584e-05,-1.2516e-05
0.01240,-1.1767e-05,-1.3503e-05
0.01250,-1.1176e-05,-1.4395e-05
0.01260,-1.0944e-05,-1.5491e-05
0.01270,-1.0496e-05,-1.6450e-05
0.01280,-1.0574e-05,-1.7542e-05
0.01290,-1.0967e-05,-1.8597e-05
0.01300,-1.1486e-05,-1.9838e-05
0.01310,-1.2214e-05,-2.1208e-05
0.01320,-1.3199e-05,-2.2660e-05
0.01330,-1.4242e-05,-2.4069e-05
0.01340,-1.5654e-05,-2.5671e-05
0.01350,-1.7114e-05,-2.7391e-05
0.01360,-1.8766e-05,-2.9127e-05
0.01370,-2.0543e-05,-3.0813e-05
0.01380,-2.2399e-05,-3.2728e-05
0.01390,-2.4340e-05,-3.4563e-05
0.01400,-2.6311e-05,-3.6499e-05
0.01410,-2.8425e-05,-3.8433e-05
0.01420,-3.0440e-05,-4.0334e-05
0.01430,-3.2547e-05,-4.2245e-05
0.01440,-3.4758e-05,-4.4072e-05
0.01450,-3.6878e-05,-4.5695e-05
0.01460,-3.8924e-05,-4.7355e-05
0.01470,-4.0936e-05,-4.8809e-05
0.01480,-4.2872e-05,-5.0131e-05
0.01490,-4.4990e-05,-5.1284e-05
0.01500,-4.7042e-05,-5.2168e-05
0.01510,-4.8890e-05,-5.2953e-05
0.01520,-5.0811e-05,-5.3385e-05
0.01530,-5.2574e-05,-5.3554e-05
0.01540,-5.4276e-05,-5.3487e-05
0.01550,-5.6022e-05,-5.3242e-05
0.01560,-5.7767e-05,-5.2636e-05
0.01570,-5.9336e-05,-5.1758e-05
0.01580,-6.0853e-05,-5.0309e-05
0.01590,-6.2282e-05,-4.8867e-05
0.01600,-6.3775e-05,-4.7047e-05
0.01610,-6.5140e-05,-4.4876e-05
0.01620,-6.6378e-05,-4.2542e-05
0.01630,-6.7702e-05,-3.9837e-05
0.01640,-6.8894e-05,-3.6903e-05
0.01650,-6.9932e-05,-3.3626e-05
0.01660,-7.1008e-05,-3.0082e-05
0.01670,-7.1964e-05,-2.6339e-05
0.01680,-7.2902e-05,-2.2440e-05
0.01690,-7.3645e-05,-1.8507e-05
0.01700,-7.4207e-05,-1.4142e-05
0.01710,-7.4781e-05,-9.8482e-06
0.01720,-7.5056e-05,-5.3694e-06
0.01730,-7.5204e-05,-8.3434e-07
0.01740,-7.5507e-05,3.9633e-06
0.01750,-7.5517e-05,8.5443e-06
0.01760,-7.5088e-05,1.3041e-05
0.01770,-7.4885e-05,1.7449e-05
0.01780,-7.4231e-05,2.1987e-05
0.01790,-7.3585e-05,2.6435e-05
0.01800,-7.2569e-05,3.0632e-05
0.01810,-7.1283e-05,3.4708e-05
0.01820,-6.9899e-05,3.8600e-05
0.01830,-6.8326e-05,4.2127e-05
0.01840,-6.6497e-05,4.5662e-05
0.01850,-6.4411e-05,4.8935e-05
0.01860,-6.2267e-05,5.1609e-05
0.01870,-5.9735e-05,5.4436e-05
0.01880,-5.7112e-05,5.6637e-05
0.01890,-5.4164e-05,5.8561e-05
0.01900,-5.0943e-05,6.0177e-05
0.01910,-4.7719e-05,6.1464e-05
0.01920,-4.4298e-05,6.2278e-05
0.01930,-4.0597e-05,6.2947e-05
0.01940,-3.6947e-05,6.3186e-05
0.01950,-3.2877e-05,6.2923e-05
0.01960,-2.8875e-05,6.2356e-05
0.01970,-2.4831e-05,6.1562e-05
0.01980,-2.0683e-05,6.0366e-05
0.01990,-1.6329e-05,5.8935e-05
0.02000,nan,nan
