# Tukovic, Karac, Cardiff, Jasak and Ivankovic (2018), Trans. FAMENA 42(3):1-31,
# Fig. 25(a), dt = 2.5e-5 s curve, inner wall at the tube midsection. Finite volume
# (foam-extend), St Venant-Kirchhoff wall, second-order backward scheme, IQN-ILS,
# 449,600 fluid / 288,000 solid cells (full tube). Extracted from the vector PDF
# graphics (exact to plotting precision), resampled to 0.05 ms. Radial displacement in m.
time_s,radial_displacement_m
0.00000,0.0000e+00
0.00005,-4.7674e-08
0.00010,-4.7674e-08
0.00015,-4.7674e-08
0.00020,-4.7674e-08
0.00025,-4.7674e-08
0.00030,-4.7674e-08
0.00035,-4.7674e-08
0.00040,-4.7674e-08
0.00045,-4.7674e-08
0.00050,-4.7674e-08
0.00055,-4.7674e-08
0.00060,-4.7674e-08
0.00065,-4.7674e-08
0.00070,-4.7674e-08
0.00075,-4.7674e-08
0.00080,-4.7674e-08
0.00085,-4.7674e-08
0.00090,-4.7674e-08
0.00095,-4.7674e-08
0.00100,-1.2790e-08
0.00105,-1.2790e-08
0.00110,-1.2790e-08
0.00115,-1.2790e-08
0.00120,-1.2790e-08
0.00125,2.2094e-08
0.00130,2.2094e-08
0.00135,5.4015e-08
0.00140,5.6977e-08
0.00145,8.9067e-08
0.00150,9.1861e-08
0.00155,1.2674e-07
0.00160,1.5858e-07
0.00165,1.9370e-07
0.00170,2.3140e-07
0.00175,2.9852e-07
0.00180,3.3605e-07
0.00185,4.0298e-07
0.00190,4.6396e-07
0.00195,5.3396e-07
0.00200,6.0364e-07
0.00205,6.7334e-07
0.00210,7.4334e-07
0.00215,8.1301e-07
0.00220,8.8271e-07
0.00225,9.7951e-07
0.00230,1.0808e-06
0.00235,1.1853e-06
0.00240,1.2898e-06
0.00245,1.3975e-06
0.00250,1.5256e-06
0.00255,1.6650e-06
0.00260,1.8374e-06
0.00265,2.0034e-06
0.00270,2.2442e-06
0.00275,2.5160e-06
0.00280,2.8265e-06
0.00285,3.0997e-06
0.00290,3.3140e-06
0.00295,3.3884e-06
0.00300,3.2887e-06
0.00305,3.0485e-06
0.00310,2.8460e-06
0.00315,2.8041e-06
0.00320,3.0968e-06
0.00325,3.8415e-06
0.00330,4.9604e-06
0.00335,6.3296e-06
0.00340,7.7994e-06
0.00345,9.1799e-06
0.00350,1.0386e-05
0.00355,1.1385e-05
0.00360,1.2149e-05
0.00365,1.2636e-05
0.00370,1.2846e-05
0.00375,1.2853e-05
0.00380,1.2690e-05
0.00385,1.2449e-05
0.00390,1.2144e-05
0.00395,1.1898e-05
0.00400,1.1729e-05
0.00405,1.1750e-05
0.00410,1.1986e-05
0.00415,1.2495e-05
0.00420,1.3279e-05
0.00425,1.4394e-05
0.00430,1.5839e-05
0.00435,1.7572e-05
0.00440,1.9586e-05
0.00445,2.1891e-05
0.00450,2.4419e-05
0.00455,2.7090e-05
0.00460,2.9941e-05
0.00465,3.2889e-05
0.00470,3.5867e-05
0.00475,3.8861e-05
0.00480,4.1771e-05
0.00485,4.4623e-05
0.00490,4.7367e-05
0.00495,4.9954e-05
0.00500,5.2387e-05
0.00505,5.4633e-05
0.00510,5.6692e-05
0.00515,5.8543e-05
0.00520,6.0262e-05
0.00525,6.1780e-05
0.00530,6.3152e-05
0.00535,6.4425e-05
0.00540,6.5590e-05
0.00545,6.6689e-05
0.00550,6.7786e-05
0.00555,6.8889e-05
0.00560,6.9986e-05
0.00565,7.1152e-05
0.00570,7.2385e-05
0.00575,7.3724e-05
0.00580,7.5228e-05
0.00585,7.6974e-05
0.00590,7.8989e-05
0.00595,8.1386e-05
0.00600,8.4124e-05
0.00605,8.7207e-05
0.00610,9.0429e-05
0.00615,9.3652e-05
0.00620,9.6718e-05
0.00625,9.9604e-05
0.00630,1.0235e-04
0.00635,1.0510e-04
0.00640,1.0793e-04
0.00645,1.1105e-04
0.00650,1.1442e-04
0.00655,1.1802e-04
0.00660,1.2181e-04
0.00665,1.2578e-04
0.00670,1.2982e-04
0.00675,1.3386e-04
0.00680,1.3786e-04
0.00685,1.4166e-04
0.00690,1.4519e-04
0.00695,1.4835e-04
0.00700,1.5114e-04
0.00705,1.5341e-04
0.00710,1.5517e-04
0.00715,1.5638e-04
0.00720,1.5700e-04
0.00725,1.5704e-04
0.00730,1.5646e-04
0.00735,1.5534e-04
0.00740,1.5366e-04
0.00745,1.5146e-04
0.00750,1.4883e-04
0.00755,1.4575e-04
0.00760,1.4224e-04
0.00765,1.3844e-04
0.00770,1.3434e-04
0.00775,1.2996e-04
0.00780,1.2541e-04
0.00785,1.2071e-04
0.00790,1.1589e-04
0.00795,1.1100e-04
0.00800,1.0606e-04
0.00805,1.0113e-04
0.00810,9.6202e-05
0.00815,9.1307e-05
0.00820,8.6449e-05
0.00825,8.1685e-05
0.00830,7.7025e-05
0.00835,7.2412e-05
0.00840,6.7926e-05
0.00845,6.3536e-05
0.00850,5.9260e-05
0.00855,5.5093e-05
0.00860,5.1051e-05
0.00865,4.7071e-05
0.00870,4.3149e-05
0.00875,3.9308e-05
0.00880,3.5476e-05
0.00885,3.1686e-05
0.00890,2.7949e-05
0.00895,2.4283e-05
0.00900,2.0772e-05
0.00905,1.7385e-05
0.00910,1.4127e-05
0.00915,1.0959e-05
0.00920,7.8755e-06
0.00925,4.6878e-06
0.00930,1.4393e-06
0.00935,-2.0097e-06
0.00940,-5.5718e-06
0.00945,-9.2036e-06
0.00950,-1.2818e-05
0.00955,-1.6276e-05
0.00960,-1.9533e-05
0.00965,-2.2560e-05
0.00970,-2.5338e-05
0.00975,-2.7872e-05
0.00980,-3.0208e-05
0.00985,-3.2438e-05
0.00990,-3.4597e-05
0.00995,-3.6734e-05
0.01000,nan
