family,qoi,v1,v2,v3,d21,d32,order,richardson_limit
LU_dL,Q_in,49.1517,74.4834,81.5462,25.3316,7.06286,1.84262,84.2768
LU_dL,Q_quad,-17.3323,0.88351,2.03991,18.2158,1.1564,3.97747,2.1183
LU_dL,Q_in_p,47.9996,72.8023,79.4216,24.8027,6.61924,1.90576,81.8311
LU_dL,Q_quad_p,-19.0309,-1.76726,-0.76007,17.2636,1.00719,4.09932,-0.697668
LU_dL,lift1_re,25.5532,78.4169,92.1463,52.8637,13.7294,1.94501,96.963
LU_dL,lift1_im,168.92,155.961,133.737,-12.9591,-22.2242,,
LU_dL,lift1_amp,170.842,174.565,162.408,3.72336,-12.157,,
LU_dL,drag_mean,-15.575,-17.2662,-18.8271,-1.69119,-1.56099,0.115581,-37.5415
central_dL,Q_in,61.6188,85.4189,85.6352,23.8001,0.216352,6.78145,85.6372
central_dL,Q_quad,-37.1294,-10.2636,-1.67671,26.8658,8.58688,1.64556,2.35715
central_dL,Q_in_p,59.2443,83.1946,83.389,23.9504,0.194331,6.94539,83.3906
central_dL,Q_quad_p,-37.9638,-12.5122,-4.14613,25.4516,8.36604,1.60514,-0.0496606
central_dL,lift1_re,77.5186,105.972,102.507,28.453,-3.46462,,
central_dL,lift1_im,102.165,106.332,112.817,4.16638,6.4849,,
central_dL,lift1_amp,128.245,150.121,152.431,21.8759,2.30987,3.24346,152.704
central_dL,drag_mean,-21.7889,-21.828,-21.026,-0.0391349,0.801989,,
central_dL_pwall,Q_in,43.6628,76.1687,81.9563,32.5059,5.7876,2.48966,83.21
central_dL_pwall,Q_quad,-34.3416,-9.08254,-1.45591,25.2591,7.62662,1.72769,1.84286
central_dL_pwall,Q_in_p,41.0245,73.6331,79.4729,32.6086,5.83973,2.48128,80.7468
central_dL_pwall,Q_quad_p,-35.0636,-11.1098,-3.82853,23.9538,7.28127,1.71799,-0.648623
central_dL_pwall,lift1_re,16.4975,86.594,97.0027,70.0965,10.4087,2.75156,98.8178
central_dL_pwall,lift1_im,123.161,113.016,115.056,-10.1452,2.03973,,
central_dL_pwall,lift1_amp,124.261,142.377,150.491,18.1155,8.11357,1.15881,157.072
central_dL_pwall,drag_mean,-17.3546,-19.2933,-19.6954,-1.93868,-0.402098,2.26945,-19.8006
rb_central_dL_pwall,Q_in,67.1814,79.632,79.2693,12.4506,-0.362704,,
rb_central_dL_pwall,Q_quad,-1.78793,1.25205,1.59585,3.03998,0.343797,3.14443,1.63969
rb_central_dL_pwall,Q_in_p,64.6642,77.1445,76.8083,12.4802,-0.336122,,
rb_central_dL_pwall,Q_quad_p,-3.60295,-1.07556,-0.883428,2.52739,0.192129,3.7175,-0.867621
rb_central_dL_pwall,lift1_re,89.061,98.0653,88.8562,9.00426,-9.2091,,
rb_central_dL_pwall,lift1_im,127.223,120.797,129.706,-6.42601,8.90884,,
rb_central_dL_pwall,lift1_amp,155.299,155.592,157.223,0.293188,1.63137,,
rb_central_dL_pwall,drag_mean,-15.2056,-18.3152,-18.3159,-3.10959,-0.000698865,12.1194,-18.3159
