case,variants,dt,t_end,Q_in,Q_quad,Q_in_p,Q_quad_p,lift1_re,lift1_im,lift1_amp,drag_mean,dQ_in_dt,ddrag_dt
t_1x,base,0.001,30.2,48.8723,-17.0149,47.5583,-18.6528,23.2532,173.534,175.085,-14.3979,0.287642,0.299355
s1_1x_conv,conv,0.001,30.2,48.8693,-17.0027,47.5551,-18.6406,23.2656,173.551,175.103,-14.3951,0.287619,0.29936
s1_1x_linear,linear,0.001,30.2,67.3535,-37.8418,64.845,-38.5949,88.1068,91.1384,126.764,-22.6626,1.32296,-0.149315
m_std_1x_linear_dispLap,"linear,dispLap",0.001,30.2,61.6178,-37.1299,59.2433,-37.9643,77.5142,102.166,128.243,-21.7886,0.0173552,-0.00923096
s3_1x_linear_dispLap_dt5e-4,"linear,dispLap",0.0005,30.2,63.5602,-36.6165,61.2001,-37.6041,77.0713,102.465,128.215,-21.8717,0.0047448,-0.001472
s3_1x_linear_dispLap_gradS4f,"linear,dispLap,gradS4f",0.001,30.2,25.212,-31.3041,22.5103,-29.0587,9.14678,153.317,153.59,-4.51923,0.0221902,-0.00477274
s3_1x_linear_dispLap_pwall_gradS4f,"linear,dispLap,pwall,gradS4f",0.001,30.2,45.747,-31.3257,43.0454,-29.0802,29.2001,137.586,140.65,-7.04386,0.0221538,-0.00503583
m_cl_1x_linear_dispLap,"linear,dispLap",0.001,30.2,45.0308,-32.5289,44.7742,-35.0368,4.66685,133.208,133.29,-25.253,0.0181454,-0.0112948
m_cl_1x_linear_dispLap_pwall,"linear,dispLap,pwall",0.001,30.2,42.9417,-31.3241,40.5735,-33.2497,5.76494,139.239,139.358,-19.2507,0.0227408,-0.0105732
m_cx_1x_linear_dispLap_pwall,"linear,dispLap,pwall",0.001,30.2,46.8875,-35.7562,43.3594,-36.7123,10.2076,108.113,108.594,-18.0692,0.0322413,-0.0118858
m_clx_1x_linear_dispLap_pwall,"linear,dispLap,pwall",0.001,30.2,46.358,-31.5973,43.2551,-33.9149,3.38224,126.817,126.862,-18.78,0.0184882,-0.00977349
m_box_1x_linear_dispLap_pwall,"linear,dispLap,pwall",0.001,30.2,52.9038,-29.225,49.9795,-31.0096,15.4059,126.63,127.564,-18.5846,0.0180398,-0.00938057
m_ring_1x_linear_dispLap_pwall,"linear,dispLap,pwall",0.001,30.2,57.7198,-14.56,55.4936,-15.2992,77.2247,110.739,135.007,-15.4285,0.00750563,-0.00898136
m_ringbox_1x_linear_dispLap_pwall,"linear,dispLap,pwall",0.001,30.2,67.1813,-1.78792,64.6641,-3.60294,89.0609,127.223,155.299,-15.2056,0.000773263,-0.00601827
rb_1x_fastp_dt5e-4,"linear,dispLap,pwall,fastp",0.0005,30.2,67.717,-1.15001,65.2089,-3.01639,90.7001,127.48,156.454,-15.0673,-0.00808136,-0.00136836
a25_1x_linear_dispLap,"linear,dispLap",0.001,30.2,104.404,-64.9718,104.206,-65.4004,33.7326,-33.2844,47.3892,-28.8787,-0.549836,-0.000222072
a25_1x_linear_dispLap_pwall,"linear,dispLap,pwall",0.001,30.2,94.9424,-53.9374,94.7704,-54.4491,30.612,-27.0079,40.8231,-28.5883,-0.538226,-0.000503439
m_cl_2x_linear_dispLap,"linear,dispLap",0.0005,30.2,78.2407,-7.71238,76.8935,-10.8417,84.2672,115.605,143.057,-21.7891,-0.0033755,-0.00399145
rb_2x_fastp_dt2.5e-4,"linear,dispLap,pwall,fastp",0.00025,30.2,79.5401,1.32776,77.0638,-1.01728,97.8631,121.233,155.803,-18.2524,-0.0162164,0.000555545
s4_3x_linear_dispLap_pwall,"linear,dispLap,pwall,fastp",0.000333333,30.2,81.2178,-3.5267,78.7067,-5.83088,96.529,111.802,147.707,-19.8139,-0.0198476,0.000413375
rb_3x_fastp,"linear,dispLap,pwall,fastp",0.000333333,30.2,79.988,1.47612,77.517,-0.939555,93.1697,125.15,156.023,-18.5497,-0.0216821,0.00108772
s1_1x_dispLap,dispLap,0.001,30.2,49.1517,-17.3323,47.9996,-19.0309,25.5532,168.92,170.842,-15.575,0.0182319,-0.00495675
s2_2x_dispLap,dispLap,0.0005,30.2,74.4834,0.88351,72.8023,-1.76726,78.4169,155.961,174.565,-17.2662,-0.0099428,0.000828575
s4_4x_dispLap,dispLap,0.00025,30.2,81.5462,2.03991,79.4216,-0.76007,92.1463,133.737,162.408,-18.8271,-0.0226072,0.00351482
s2_1x_linear_dispLap,"linear,dispLap",0.001,30.2,61.6188,-37.1294,59.2443,-37.9638,77.5186,102.165,128.245,-21.7889,0.0173897,-0.00851588
s2_2x_linear_dispLap,"linear,dispLap",0.0005,30.2,85.4189,-10.2636,83.1946,-12.5122,105.972,106.332,150.121,-21.828,-0.00372591,-0.00204508
s4_4x_linear_dispLap,"linear,dispLap",0.00025,30.2,85.6352,-1.67671,83.389,-4.14613,102.507,112.817,152.431,-21.026,-0.0156217,0.000550491
s3_1x_linear_dispLap_pwall,"linear,dispLap,pwall",0.001,30.2,43.6628,-34.3416,41.0245,-35.0636,16.4975,123.161,124.261,-17.3546,0.0257378,-0.0100742
s3_2x_linear_dispLap_pwall,"linear,dispLap,pwall",0.0005,30.2,76.1687,-9.08254,73.6331,-11.1098,86.594,113.016,142.377,-19.2933,-0.00445929,-0.00185285
s4_4x_linear_dispLap_pwall,"linear,dispLap,pwall",0.00025,30.2,81.9563,-1.45591,79.4729,-3.82853,97.0027,115.056,150.491,-19.6954,-0.015092,0.000480747
rb_1x_fastp,"linear,dispLap,pwall,fastp",0.001,30.2,67.1814,-1.78793,64.6642,-3.60295,89.061,127.223,155.299,-15.2056,0.000790582,-0.00602212
rb_2x_fastp,"linear,dispLap,pwall,fastp",0.0005,30.2,79.632,1.25205,77.1445,-1.07556,98.0653,120.797,155.592,-18.3152,-0.013272,-0.00217076
rb_4x_fastp,"linear,dispLap,pwall,fastp",0.00025,30.2,79.2693,1.59585,76.8083,-0.883428,88.8562,129.706,157.223,-18.3159,-0.0177067,-0.00104123
