quantity,near_zero,value_1x,value_2x,value_4x,cycle_spread_1x,cycle_spread_2x,cycle_spread_4x,late_variability_1x,late_variability_2x,late_variability_4x,d21,d42,ratio,order,extrapolated,extrapolation_meaningful,status,featflow_l4,featflow_l3,error_1x,error_2x,error_4x,error_monotone,extrapolated_vs_featflow_l4,featflow_l3_to_l4,smoothed_1x,smoothed_error_1x,smoothed_2x,smoothed_error_2x,smoothed_4x,smoothed_error_4x,smoothed_late_variability_4x,smoothed_d21,smoothed_d42,smoothed_ratio,smoothed_order,smoothed_extrapolated,smoothed_extrapolation_meaningful,smoothed_status,value_iqnils_mesh_2x_dt0.00025,change_iqnils_mesh_2x_dt0.00025_vs_2x,smoothed_iqnils_mesh_2x_dt0.00025,value_iqnils_mesh_2x_tol1e-06,change_iqnils_mesh_2x_tol1e-06_vs_2x,smoothed_iqnils_mesh_2x_tol1e-06,value_iqnils_mesh_2x_dt0.00025_tol1e-06,change_iqnils_mesh_2x_dt0.00025_tol1e-06_vs_2x,smoothed_iqnils_mesh_2x_dt0.00025_tol1e-06
ux_mean,False,-0.00223177375,-0.002787787,-0.0030845415,8.166649999999994e-06,4.346999999999598e-06,1.4778000000000013e-05,1.4982549999999727e-05,5.807499999999771e-06,3.135199999999968e-05,-0.00055601325,-0.00029675449999999994,0.5337183960993734,0.9058493561788111,-0.0034242146384003426,False,monotone; order well below the formal 2: not asymptotic,-0.00288,-0.00277,0.22507855902777787,0.03201840277777787,-0.07102135416666655,False,-0.18896341611123002,-0.038194444444444545,-0.0022314306299999996,0.22519769791666686,-0.0027883977222222223,0.031806346450617314,-0.0030852207647058833,-0.07125720996732053,3.098800000000089e-05,-0.0005569670922222227,-0.000296823042483661,0.5329274325694496,0.9079889967992238,-0.0034238943520425898,False,monotone; order well below the formal 2: not asymptotic,-0.0028277765,-3.9989499999999994e-05,-0.0028286208823529403,-0.0028349649999999996,-4.717799999999972e-05,-0.0028353875,-0.0028164905000000002,-2.870350000000032e-05,-0.0028168595882352944
ux_amplitude,False,0.0021629862500000003,0.002656803,0.0029167085,6.743349999999929e-06,6.333000000000293e-06,7.0930000000001166e-06,1.761139999999998e-05,7.4790000000003395e-06,2.4449000000000172e-05,0.0004938167499999998,0.0002599054999999997,0.5263197329778704,0.9259886089762464,0.003205496956862377,False,monotone; order well below the formal 2: not asymptotic,0.00272,0.00261,-0.20478446691176466,-0.023234191176470617,0.07231930147058808,False,0.17849152825822678,0.04044117647058834,0.0021522893699999993,-0.20871714338235325,0.0026462500555555555,-0.027113950163398765,0.0029067045294117657,0.06864137110726673,2.4291911764705906e-05,0.0004939606855555562,0.00026045447385621015,0.5272777398534819,0.923365003310665,0.0031972172847600433,False,monotone; order well below the formal 2: not asymptotic,0.0026931134999999998,3.631049999999964e-05,0.0026836691176470584,0.002701855,4.505199999999985e-05,0.002691358055555556,0.0026890895,3.228650000000003e-05,0.0026794939411764708
ux_frequency,False,11.176465521803097,11.04556965000804,10.949826478771804,0.004889302633044899,0.003902323911981739,0.002825966717979853,0.00485290251794801,0.006738972478565586,0.00849361223379752,-0.13089587179505635,-0.09574317123623644,0.7314453078103296,0.45117810079110554,10.689056902248577,False,monotone; order well below the formal 2: not asymptotic,10.93,10.93,0.022549453046943946,0.010573618481979961,0.0018139504823242952,True,-0.022044199245326867,0.0,,,,,,,,,,,,,,,11.035309422665298,-0.010260227342742567,,10.993073671737527,-0.05249597827051389,,11.041070015993558,-0.004499634014482723,
uy_mean,True,0.0016692499999999989,0.0014951999999999986,0.0014665999999999985,9.650000000003406e-06,7.150000000004375e-06,2.040000000000375e-05,0.0001501500000000034,9.135000000000046e-05,7.33499999999998e-05,-0.00017405000000000025,-2.8600000000000153e-05,,,,False,undefined: quantity near zero,0.00147,0.00143,0.1355442176870741,0.01714285714285623,-0.002312925170069042,True,,0.027210884353741423,0.0016692600000000005,0.13555102040816366,0.0014947722222222216,0.01685185185185149,0.0014663029411764658,-0.002515006002404177,7.35705882352923e-05,-0.0001744877777777789,-2.846928104575583e-05,,,,False,undefined: quantity near zero,0.0015047500000000026,9.550000000004e-06,0.0015043852941176473,0.0016542000000000015,0.0001590000000000029,0.0016539555555555516,0.0016803500000000006,0.00018515000000000198,0.001680117647058825
uy_amplitude,False,0.02985335,0.034175399999999995,0.0362305,4.325000000000162e-05,1.9800000000000373e-05,6.720000000000337e-05,9.560000000000124e-05,4.895000000000593e-05,0.0002304999999999946,0.004322049999999994,0.002055100000000004,0.47549195404958455,1.0725071658961045,0.038093547711683114,False,monotone; order well below the formal 2: not asymptotic,0.03499,0.03443,-0.14680337239211202,-0.02328093741068893,0.035452986567590695,False,0.08869813408639936,0.016004572735067106,0.02981562,-0.14788168048013717,0.034140894444444445,-0.024267092185068756,0.03619865588235294,0.03454289460854349,0.0002302500000000013,0.0043252744444444435,0.0020577614379084924,0.4757528023572155,1.0717159403639973,0.03806606838368718,False,monotone; order well below the formal 2: not asymptotic,0.034458249999999996,0.00028285000000000116,0.03442753235294119,0.0342275,5.210000000000631e-05,0.03419356666666667,0.03421705,4.1650000000004184e-05,0.03418619411764706
uy_frequency,False,5.587950687219236,5.522660374557759,5.473833530271304,0.0024446513165224497,0.0019511619559908695,0.0014129833589899266,0.002426451258974005,0.003369486239282793,0.00424680611689876,-0.06529031266147722,-0.04882684428645501,0.7478420962634471,0.4191944116544131,5.329024388681751,False,monotone; order well below the formal 2: not asymptotic,5.46,5.46,0.023434191798394947,0.011476259076512672,0.0025336136028029643,True,-0.02398820720114446,0.0,,,,,,,,,,,,,,,5.518254581003081,-0.0044057935546781835,,5.498820673280323,-0.023839701277435843,,5.520574965530078,-0.002085409027681173,
drag_mean,False,456.6366,459.7400666666667,462.09333333333336,0.051400000000001,0.13356666666669526,3.5569666666666535,0.37273333333331493,0.6307333333332963,3.5569666666666535,3.103466666666691,2.353266666666684,0.7582703213610583,,,False,unreliable: 2x->4x change within the late-time variability,460.5,459.1,-0.008389576547231298,-0.0016502352515381585,0.00346000723850893,False,,0.003040173724212763,456.7761266666667,-0.00808658704306906,459.6896222222222,-0.0017597780190613977,462.8947078431373,0.0052002341870517384,2.2969352941176453,2.913495555555528,3.2050856209150993,1.100082550256018,,,False,undefined: differences do not decrease,459.03633333333335,-0.7037333333333322,460.28204509803925,460.7766,1.0365333333332956,460.76086296296296,460.0690666666667,0.32900000000000773,460.03412352941183
drag_amplitude,False,22.87299999999999,28.029266666666672,32.75733333333335,0.2954000000000008,0.3520666666666443,1.679899999999975,0.3534666666666908,0.744400000000013,2.568166666666656,5.156266666666681,4.7280666666666775,0.9169554199420764,0.12507649955328182,84.96334548757048,False,monotone; order well below the formal 2: not asymptotic,27.74,26.5,-0.17545061283345378,0.010427781783225431,0.18086998317712152,False,2.0628459079874,0.04470079307858683,22.629766666666683,-0.18421893775534665,27.626185185185193,-0.004102913295414762,30.625758823529424,0.1040287968107219,1.2940803921569,4.99641851851851,2.9995736383442306,0.6003447523914861,0.7361368779524404,35.13158804500824,False,monotone; order well below the formal 2: not asymptotic,31.136400000000037,3.1071333333333655,28.54856666666663,27.45859999999999,-0.570666666666682,27.25094444444443,28.096199999999982,0.06693333333330997,27.918566666666663
drag_frequency,False,11.18099197837916,11.043537772332321,10.939781409326592,0.004889302633044899,0.003902323911981739,0.002825966717979853,0.00485290251794801,0.006738972478565586,0.00849361223379752,-0.13745420604683822,-0.10375636300572921,0.7548431291391237,0.4057512389634229,10.620313399132478,False,monotone; order well below the formal 2: not asymptotic,10.93,10.93,0.022963584481167417,0.0103877193350706,0.000894913936559235,True,-0.028333632284311263,0.0,,,,,,,,,,,,,,,11.038291943023408,-0.0052458293089134855,,10.990690122509731,-0.05284764982259027,,11.040711944316563,-0.0028258280157587023,
lift_mean,True,0.8177333333333223,0.24950000000001182,5.997199999999992,0.45419999999998595,0.6531666666666496,7.40079999999999,2.6139333333333212,2.9119333333333373,7.40079999999999,-0.5682333333333105,5.7476999999999805,,,,False,undefined: quantity near zero,2.5,2.36,-0.6729066666666711,-0.9001999999999952,1.398879999999997,False,,0.05600000000000005,0.931446666666659,-0.6274213333333364,0.2123407407407285,-0.9150637037037086,3.8238725490195975,0.529549019607839,1.4220156862744915,-0.7191059259259305,3.611531808278869,,,,False,undefined: quantity near zero,3.9569333333333248,3.707433333333313,2.1806039215686184,-3.6912999999999982,-3.94080000000001,-3.4341925925925807,-2.075966666666659,-2.325466666666671,-2.072837254901941
lift_amplitude,False,229.08406666666667,174.1435666666667,176.98506666666665,0.3923333333333403,0.6995333333333065,3.626433333333324,0.7594333333333338,1.4239666666666437,7.0120000000000005,-54.940499999999986,2.841499999999968,-0.05171958755380764,,,False,unreliable: 2x->4x change within the late-time variability,153.91,149.91,0.488428735408139,0.13146362592857314,0.14992571416195608,False,,0.025989214475992464,228.77702,0.4864337599896043,172.27334814814816,0.11931224837988541,165.55526470588237,0.07566282051772054,1.6377607843137412,-56.503671851851834,-6.718083442265794,0.11889640481914304,3.0722230032521614,164.64872434793904,False,"monotone; order above the formal 2: possible error cancellation, not demonstrably asymptotic",179.9052,5.761633333333322,172.73895294117648,172.1179666666667,-2.025599999999997,171.37477777777778,174.17976666666667,0.03619999999997958,173.44987647058826
lift_frequency,False,5.5880952615956385,5.523237018917542,5.492588310546283,0.0024446513165224497,0.0019511619559908695,0.0014129833589899266,0.002426451258974005,0.003369486239282793,0.00424680611689876,-0.06485824267809637,-0.03064870837125877,0.4725491642345918,1.0814636590826177,5.465129786369919,False,monotone; order well below the formal 2: not asymptotic,5.46,5.46,0.023460670621911824,0.011581871596619449,0.005968555045106853,True,0.0009395213131719188,0.0,,,,,,,,,,,,,,,5.510045580987761,-0.01319143792978128,,5.492860202809473,-0.030376816108069526,,5.522123515580729,-0.0011135033368132596,
