# Gerbeau, J.-F., Vidrascu, M. (2003), INRIA RR-4691, Fig. 4,
# curve x = 0.5 (elevation of the bottom midpoint).
# 3D shell model of the bottom, dt = 0.1 s.
# Method: exact extraction of the PDF vector path; legend removed.
# Group A. Context only.
# Columns: time [s], midpoint vertical displacement uy [m]
time_s,uy_m
0.0004,0.00001
0.8051,0.00001
0.8956,0.00008
1.0000,0.00008
1.1030,0.00015
1.1949,0.00028
1.2979,0.00041
1.4023,0.00062
1.5053,0.00082
1.5972,0.00122
1.7002,0.00169
1.8046,0.00230
1.8951,0.00311
1.9995,0.00412
2.1026,0.00540
2.2070,0.00695
2.2975,0.00884
2.4005,0.01106
2.5049,0.01363
2.5954,0.01652
2.6998,0.01982
2.8028,0.02346
2.8947,0.02744
2.9977,0.03162
3.1021,0.03613
3.2052,0.04085
3.2970,0.04570
3.4001,0.05062
3.5045,0.05567
3.5950,0.06072
3.6994,0.06577
3.8024,0.07076
3.8943,0.07561
3.9973,0.08047
4.1017,0.08512
4.2047,0.08970
4.2966,0.09408
4.3996,0.09839
4.5041,0.10256
4.5945,0.10661
4.6990,0.11059
4.8020,0.11443
4.9064,0.11820
4.9969,0.12191
5.1013,0.12561
5.2043,0.12919
5.2948,0.13276
5.3992,0.13633
5.5036,0.13983
5.5941,0.14347
5.6971,0.14718
5.8016,0.15062
5.9060,0.15358
5.9965,0.15580
6.0995,0.15708
6.2039,0.15755
6.2944,0.15728
6.3988,0.15634
6.5018,0.15479
6.6062,0.15290
6.6967,0.15075
6.8011,0.14845
6.9042,0.14616
6.9960,0.14407
7.0991,0.14212
7.2035,0.14050
7.2940,0.13936
7.3984,0.13855
7.5014,0.13835
7.6058,0.13862
7.6963,0.13943
7.8007,0.14077
7.9037,0.14273
7.9956,0.14515
8.0986,0.14805
8.2030,0.15142
8.3061,0.15519
8.3979,0.15924
8.5010,0.16355
8.6054,0.16800
8.6959,0.17251
8.8003,0.17709
8.9033,0.18154
8.9938,0.18599
9.0982,0.19023
9.2026,0.19441
9.3056,0.19832
9.3961,0.20189
9.5005,0.20513
9.6036,0.20789
9.6954,0.20998
9.7985,0.21132
9.9029,0.21193
9.9934,0.21173
10.0978,0.21079
10.2008,0.20923
10.3052,0.20708
10.3957,0.20438
10.5001,0.20135
10.6031,0.19792
10.6950,0.19421
10.7980,0.19023
10.9025,0.18612
11.0055,0.18188
11.0974,0.17756
11.2004,0.17325
11.3048,0.16908
11.3953,0.16504
11.4997,0.16119
11.6027,0.15776
11.6932,0.15466
11.7976,0.15203
11.9020,0.14987
12.0051,0.14825
12.0955,0.14718
12.2000,0.14671
12.3044,0.14684
12.3949,0.14758
12.4979,0.14886
12.6023,0.15081
12.7067,0.15324
12.7972,0.15620
12.9002,0.15971
13.0046,0.16355
13.0951,0.16772
13.1995,0.17218
13.3026,0.17682
13.3944,0.18147
13.4975,0.18612
13.6019,0.19064
13.7049,0.19495
13.7968,0.19899
13.8998,0.20270
14.0042,0.20600
14.0947,0.20897
14.1991,0.21146
14.3021,0.21348
14.4065,0.21496
14.4970,0.21591
14.6015,0.21625
14.7045,0.21584
14.7964,0.21483
14.8994,0.21314
15.0038,0.21079
15.0943,0.20802
15.1987,0.20479
15.3017,0.20135
15.4061,0.19765
15.4966,0.19388
15.6010,0.19017
15.7040,0.18646
15.7945,0.18289
15.8990,0.17938
16.0034,0.17615
16.1064,0.17305
16.1969,0.17015
16.3013,0.16746
16.4057,0.16496
16.4962,0.16274
16.5992,0.16079
16.7036,0.15904
16.7941,0.15762
16.8985,0.15641
17.0015,0.15560
17.1060,0.15506
17.1965,0.15492
17.3009,0.15519
17.4039,0.15594
17.4958,0.15701
17.5988,0.15863
17.7032,0.16058
17.7937,0.16294
17.8981,0.16571
18.0011,0.16881
18.1055,0.17210
18.1960,0.17568
18.3004,0.17932
18.4035,0.18295
18.4953,0.18666
18.5984,0.19023
18.7028,0.19367
18.8058,0.19690
18.8977,0.19993
19.0007,0.20277
19.1051,0.20526
19.1956,0.20755
19.2986,0.20944
19.4030,0.21092
19.4935,0.21200
19.5979,0.21254
19.7010,0.21247
19.8054,0.21187
19.8959,0.21065
20.0003,0.20897
20.1033,0.20681
20.1952,0.20425
20.2982,0.20142
20.4026,0.19832
20.5056,0.19515
20.5975,0.19185
20.7005,0.18855
20.8050,0.18524
20.8954,0.18201
20.9999,0.17885
21.1029,0.17581
21.1948,0.17285
21.2978,0.17009
21.4022,0.16752
21.5052,0.16510
21.5971,0.16287
21.7001,0.16085
21.8045,0.15910
21.8950,0.15762
21.9994,0.15648
22.1025,0.15567
22.2069,0.15526
22.2974,0.15519
22.4018,0.15567
22.5048,0.15654
22.5953,0.15782
22.6997,0.15964
22.8041,0.16186
22.8946,0.16449
22.9976,0.16752
23.1020,0.17076
23.2064,0.17427
23.2969,0.17790
23.4000,0.18167
23.5044,0.18538
23.5949,0.18909
23.6993,0.19266
23.8023,0.19609
23.8942,0.19940
23.9972,0.20243
24.1016,0.20519
24.2046,0.20762
24.2965,0.20978
24.3995,0.21146
24.5039,0.21267
24.5944,0.21335
24.6988,0.21341
24.8019,0.21287
24.9063,0.21173
24.9968,0.21004
25.1012,0.20782
25.2042,0.20526
25.2961,0.20236
25.3991,0.19919
25.5035,0.19589
25.5940,0.19246
25.6984,0.18895
25.8014,0.18551
25.9059,0.18208
25.9963,0.17871
26.1008,0.17555
26.2038,0.17244
26.2943,0.16955
26.3987,0.16685
26.5017,0.16436
26.6061,0.16206
26.6966,0.16005
26.8010,0.15823
26.9040,0.15681
26.9959,0.15560
27.0989,0.15486
27.2034,0.15445
27.2938,0.15445
27.3983,0.15499
27.5013,0.15594
27.6057,0.15735
27.6962,0.15924
27.8006,0.16160
27.9036,0.16436
27.9955,0.16746
28.0985,0.17083
28.2029,0.17440
28.3060,0.17817
28.3978,0.18194
28.5009,0.18579
28.6053,0.18949
28.6958,0.19313
28.8002,0.19657
28.9032,0.19987
28.9937,0.20284
29.0981,0.20560
29.2025,0.20802
29.3055,0.21011
29.3960,0.21173
29.5004,0.21288
29.6048,0.21348
29.6953,0.21348
29.7984,0.21288
29.9028,0.21166
29.9933,0.20991
30.0977,0.20769
30.2007,0.20513
30.3051,0.20216
30.3956,0.19899
30.5000,0.19569
30.6030,0.19226
30.6949,0.18875
30.7979,0.18532
30.9023,0.18188
31.0054,0.17857
31.0973,0.17541
31.2003,0.17238
31.3047,0.16948
31.3952,0.16678
31.4996,0.16436
31.6026,0.16206
31.6945,0.16005
31.7975,0.15836
31.9019,0.15688
32.0049,0.15573
32.0968,0.15499
32.1998,0.15459
32.3043,0.15459
32.3948,0.15513
32.4992,0.15607
32.6022,0.15748
32.7066,0.15937
32.7971,0.16173
32.9015,0.16443
33.0045,0.16752
33.0950,0.17090
33.1994,0.17447
33.3038,0.17817
33.3943,0.18195
33.4973,0.18579
33.6018,0.18949
33.7062,0.19307
33.7967,0.19657
33.8997,0.19980
34.0041,0.20284
34.0946,0.20553
34.1990,0.20795
34.3020,0.21004
34.4064,0.21166
34.4969,0.21280
34.6013,0.21341
34.7044,0.21335
34.7962,0.21274
34.8993,0.21160
35.0037,0.20984
35.0942,0.20769
35.1986,0.20506
35.3016,0.20216
35.4060,0.19899
35.4965,0.19569
35.6009,0.19226
35.7039,0.18875
35.7958,0.18532
35.8988,0.18195
36.0033,0.17857
36.1063,0.17541
36.1968,0.17238
36.3012,0.16955
36.4056,0.16685
36.4961,0.16436
36.5991,0.16214
36.7035,0.16011
36.7940,0.15836
36.8984,0.15688
37.0014,0.15573
37.1058,0.15499
37.1963,0.15459
37.3008,0.15459
37.4038,0.15506
37.4957,0.15600
37.5987,0.15742
37.7031,0.15930
37.7936,0.16166
37.8980,0.16436
38.0010,0.16746
38.1054,0.17083
38.1959,0.17440
38.3003,0.17810
38.4034,0.18188
38.4952,0.18565
38.5983,0.18936
38.7027,0.19299
38.8057,0.19643
38.8976,0.19966
39.0006,0.20270
39.1050,0.20546
39.1955,0.20789
39.2999,0.20998
39.4029,0.21160
39.4934,0.21274
39.5978,0.21335
39.7022,0.21335
39.8053,0.21274
39.8958,0.21153
40.0002,0.20984
40.1046,0.20762
40.1951,0.20506
40.2981,0.20209
40.4025,0.19899
40.5069,0.19562
40.5974,0.19219
40.7004,0.18875
40.8048,0.18524
40.8953,0.18188
40.9997,0.17857
41.1028,0.17534
41.1946,0.17231
41.2977,0.16948
41.4021,0.16678
41.5051,0.16429
41.5970,0.16206
41.7000,0.16005
41.8044,0.15829
41.8949,0.15681
41.9993,0.15567
42.1023,0.15492
42.2068,0.15452
42.2972,0.15452
42.4017,0.15499
42.5047,0.15594
42.5966,0.15735
42.6996,0.15924
42.8040,0.16160
42.8945,0.16429
42.9989,0.16739
43.1019,0.17076
43.2063,0.17433
43.2968,0.17804
43.3998,0.18181
43.5043,0.18558
43.5947,0.18929
43.6992,0.19293
43.8022,0.19637
43.8941,0.19960
43.9971,0.20264
44.1015,0.20540
44.2045,0.20782
44.2964,0.20991
44.3994,0.21153
44.5038,0.21267
44.5943,0.21327
44.6987,0.21327
44.8018,0.21267
44.9062,0.21146
44.9967,0.20978
45.1011,0.20755
45.2041,0.20499
45.2960,0.20209
45.3990,0.19893
45.5034,0.19562
45.5939,0.19219
45.6983,0.18869
45.8013,0.18524
45.9057,0.18181
45.9962,0.17851
46.1006,0.17534
46.2037,0.17231
46.2942,0.16941
46.3986,0.16678
46.5030,0.16429
46.6060,0.16200
46.6965,0.16005
46.8009,0.15829
46.9053,0.15681
46.9958,0.15567
47.0988,0.15486
47.2032,0.15445
47.2937,0.15452
47.3981,0.15499
47.5012,0.15594
47.6056,0.15735
47.6961,0.15924
47.8005,0.16153
47.9035,0.16429
47.9954,0.16732
48.0984,0.17070
48.2028,0.17427
48.3058,0.17797
48.3977,0.18175
48.5007,0.18552
48.6052,0.18922
48.6956,0.19286
48.8001,0.19630
48.9031,0.19953
48.9950,0.20256
49.0980,0.20532
49.2024,0.20775
49.3054,0.20984
49.3973,0.21146
49.5003,0.21260
49.6047,0.21321
49.6952,0.21321
49.7996,0.21260
49.9027,0.21146
49.9932,0.20970
50.0976,0.20755
50.2020,0.20499
50.3050,0.20203
50.3955,0.19893
50.4999,0.19556
50.6029,0.19212
50.6948,0.18869
50.7978,0.18524
50.9022,0.18181
51.0053,0.17851
51.0971,0.17528
51.2002,0.17224
51.3046,0.16941
51.3951,0.16672
51.4995,0.16423
51.6025,0.16200
51.6930,0.15998
51.7974,0.15823
51.9018,0.15675
52.0048,0.15560
52.0967,0.15486
52.1997,0.15445
52.3041,0.15445
52.3946,0.15492
52.4991,0.15587
52.6021,0.15729
52.7065,0.15917
52.7970,0.16146
52.9014,0.16423
53.0044,0.16725
53.0949,0.17062
53.1993,0.17419
53.3037,0.17790
53.3942,0.18167
53.4972,0.18545
53.6017,0.18916
53.7061,0.19280
53.7966,0.19623
53.8996,0.19953
54.0040,0.20256
54.0945,0.20526
54.1989,0.20775
54.3019,0.20978
54.4063,0.21146
54.4968,0.21260
54.6012,0.21314
54.7042,0.21314
54.7961,0.21260
54.8992,0.21140
55.0036,0.20971
55.0941,0.20749
55.1985,0.20493
55.3015,0.20203
55.4059,0.19886
55.4964,0.19556
55.6008,0.19212
55.7038,0.18869
55.7957,0.18518
55.8987,0.18181
56.0031,0.17844
56.1062,0.17528
56.1980,0.17224
56.3011,0.16934
56.4055,0.16672
56.4960,0.16423
56.6004,0.16200
56.7034,0.15998
56.7939,0.15823
56.8983,0.15675
57.0027,0.15560
57.1057,0.15479
57.1962,0.15439
57.3006,0.15439
57.4051,0.15486
57.4955,0.15581
57.5986,0.15722
57.7030,0.15910
57.7935,0.16146
57.8979,0.16415
58.0009,0.16725
58.1053,0.17056
58.1958,0.17413
58.3002,0.17784
58.4032,0.18161
58.4951,0.18538
58.5981,0.18916
58.7026,0.19273
58.8056,0.19617
58.8975,0.19946
59.0005,0.20250
59.1049,0.20526
59.1954,0.20769
59.2998,0.20978
59.4028,0.21140
59.4947,0.21254
59.5977,0.21314
59.7021,0.21314
59.8052,0.21254
59.8970,0.21140
60.0001,0.20964
60.1045,0.20749
60.1950,0.20493
60.2980,0.20196
60.4024,0.19886
60.5068,0.19549
60.5973,0.19212
60.7003,0.18861
60.8047,0.18518
60.8952,0.18175
60.9996,0.17844
61.1027,0.17528
61.1945,0.17224
61.2976,0.16934
61.4020,0.16665
61.5050,0.16415
61.5969,0.16193
61.6999,0.15991
61.8043,0.15816
61.8948,0.15668
61.9992,0.15553
62.1022,0.15472
62.2066,0.15432
62.2971,0.15439
62.4015,0.15486
62.5046,0.15581
62.5964,0.15722
62.6995,0.15904
62.8039,0.16139
62.8944,0.16409
62.9988,0.16719
63.1018,0.17056
63.2062,0.17406
63.2967,0.17777
63.4011,0.18154
63.5041,0.18538
63.5946,0.18909
63.6990,0.19266
63.8035,0.19610
63.8940,0.19940
63.9970,0.20243
64.1014,0.20519
64.2058,0.20762
64.2963,0.20971
64.3993,0.21132
64.5037,0.21247
64.5942,0.21308
64.6986,0.21308
64.8016,0.21247
64.9061,0.21132
64.9965,0.20964
65.1010,0.20742
65.2040,0.20485
65.2959,0.20196
65.3989,0.19879
65.5033,0.19549
65.5938,0.19205
65.6982,0.18861
65.8012,0.18511
65.9056,0.18175
65.9961,0.17844
66.1005,0.17521
66.2036,0.17218
66.2954,0.16934
66.3985,0.16665
66.5029,0.16415
66.6059,0.16187
66.6978,0.15991
66.8008,0.15810
66.9052,0.15668
66.9957,0.15553
67.1001,0.15472
67.2031,0.15432
67.2936,0.15432
67.3980,0.15479
67.5011,0.15573
67.6055,0.15715
67.6960,0.15904
67.8004,0.16133
67.9034,0.16402
67.9953,0.16712
68.0983,0.17049
68.2027,0.17406
68.3057,0.17777
68.3976,0.18154
68.5006,0.18532
68.6050,0.18903
68.6955,0.19260
68.8000,0.19610
68.9030,0.19933
68.9949,0.20236
69.0979,0.20513
69.2023,0.20755
69.3053,0.20964
69.3972,0.21126
69.5002,0.21240
69.6046,0.21301
69.6951,0.21301
69.7995,0.21247
69.9025,0.21126
69.9930,0.20957
70.0975,0.20742
70.2019,0.20485
70.3049,0.20196
70.3954,0.19879
70.4998,0.19549
70.6042,0.19205
70.6947,0.18855
70.7977,0.18511
70.9021,0.18167
71.0065,0.17838
71.0970,0.17521
71.2000,0.17218
71.3045,0.16928
71.3950,0.16658
71.4994,0.16409
71.6024,0.16187
71.6943,0.15985
71.7973,0.15810
71.9017,0.15661
72.0047,0.15547
72.0966,0.15466
72.1996,0.15425
72.3040,0.15425
72.3945,0.15472
72.4989,0.15567
72.6020,0.15708
72.7064,0.15897
72.7969,0.16126
72.9013,0.16402
73.0043,0.16705
73.0962,0.17043
73.1992,0.17400
73.3036,0.17770
73.3941,0.18147
73.4985,0.18525
73.6015,0.18895
73.7060,0.19252
73.7964,0.19603
73.9009,0.19927
74.0039,0.20230
74.0944,0.20506
74.1988,0.20749
74.3032,0.20957
74.4062,0.21126
74.4967,0.21241
74.6011,0.21294
74.7041,0.21301
74.7960,0.21241
74.8990,0.21126
75.0035,0.20957
75.0939,0.20735
75.1984,0.20479
75.3014,0.20189
75.4058,0.19872
75.4963,0.19542
75.6007,0.19199
75.7037,0.18855
75.7942,0.18505
75.8986,0.18167
76.0030,0.17838
76.1060,0.17514
76.1979,0.17211
76.3010,0.16928
76.4054,0.16658
76.4959,0.16409
76.6003,0.16180
76.7033,0.15977
76.7952,0.15802
76.8982,0.15654
77.0026,0.15540
77.1056,0.15466
77.1961,0.15419
77.3005,0.15425
77.4049,0.15472
77.4954,0.15560
77.5985,0.15701
77.7029,0.15890
77.7934,0.16126
77.8978,0.16396
78.0008,0.16699
78.1052,0.17036
78.1957,0.17393
78.3001,0.17763
78.4031,0.18141
78.4950,0.18518
78.5980,0.18889
78.7024,0.19252
78.8055,0.19596
78.8973,0.19919
79.0004,0.20223
79.1048,0.20499
79.1953,0.20742
79.2997,0.20951
79.4027,0.21119
79.4946,0.21234
79.5976,0.21294
79.7020,0.21294
