# Kassiotis, C. et al. (2011), Comput Mech 47:305-323, Fig. 7a,
# curve uy(0.50,0). OpenFOAM 32x32 fluid, two unconstrained faces
# on each side wall, p = 0 at the outlet, 16 Q8 elements, dt = 0.1 s.
# Method: exact extraction of the PDF vector path, calibrated against
# the plot frame. Context only.
# Columns: time [s], midpoint vertical displacement uy [m]
time_s,uy_m
-0.0015,0.00001
0.1034,0.00001
0.1962,0.00004
0.3031,0.00007
0.5558,0.00028
0.7927,0.00108
1.0143,0.00237
1.2210,0.00408
1.4133,0.00610
1.5916,0.00836
1.7564,0.01074
1.9081,0.01318
2.0471,0.01557
2.1740,0.01782
2.2891,0.01984
2.3929,0.02155
2.4998,0.02331
2.6047,0.02513
2.8370,0.02959
3.0503,0.03409
3.2473,0.03863
3.4303,0.04321
3.6019,0.04782
3.7646,0.05245
3.9209,0.05709
4.0734,0.06175
4.2245,0.06642
4.3767,0.07109
4.5325,0.07575
4.6945,0.08040
4.8014,0.08313
4.8942,0.08576
4.9991,0.08831
5.1060,0.09079
5.2426,0.09397
5.3837,0.09736
5.5298,0.10091
5.6818,0.10457
5.8404,0.10829
6.0062,0.11202
6.1800,0.11572
6.3625,0.11932
6.5544,0.12278
6.7565,0.12606
6.9693,0.12909
7.1938,0.13184
7.3007,0.13276
7.3915,0.13363
7.7006,0.13588
7.9681,0.13860
8.1996,0.14173
8.4008,0.14517
8.5774,0.14885
8.7352,0.15270
8.8796,0.15664
9.0166,0.16059
9.1516,0.16447
9.2905,0.16821
9.4388,0.17172
9.6023,0.17494
9.6951,0.17679
9.8000,0.17839
9.8928,0.17974
9.8928,0.17972
9.9977,0.18081
10.1046,0.18168
10.1974,0.18227
10.3730,0.18273
10.5430,0.18261
10.7091,0.18207
10.8728,0.18126
11.0360,0.18032
11.2001,0.17940
11.3671,0.17866
11.5384,0.17823
11.7158,0.17827
11.9010,0.17893
12.0956,0.18036
12.3013,0.18270
12.3941,0.18419
12.4990,0.18590
12.6059,0.18778
12.6917,0.18962
12.7731,0.19146
12.8508,0.19331
12.9255,0.19516
12.9981,0.19702
13.0691,0.19887
13.1392,0.20073
13.2094,0.20259
13.2801,0.20444
13.3523,0.20630
13.4265,0.20816
13.5035,0.21001
13.5963,0.21246
13.7012,0.21478
13.7940,0.21693
13.9009,0.21887
13.9937,0.22062
14.0986,0.22211
14.2055,0.22336
14.2962,0.22433
14.4032,0.22499
14.4959,0.22537
14.6008,0.22544
14.6936,0.22516
14.8005,0.22460
14.8933,0.22373
15.0002,0.22256
15.1031,0.22113
15.1979,0.21947
15.2694,0.21819
15.3373,0.21689
15.4023,0.21556
15.4654,0.21422
15.5274,0.21287
15.5893,0.21151
15.6518,0.21016
15.7158,0.20882
15.7823,0.20750
15.8520,0.20620
15.9259,0.20493
16.0048,0.20370
16.0976,0.20228
16.2025,0.20115
16.2964,0.20036
16.3875,0.19987
16.4755,0.19963
16.5603,0.19963
16.6418,0.19983
16.7196,0.20019
16.7937,0.20069
16.8640,0.20129
16.9301,0.20197
16.9919,0.20268
17.0493,0.20341
17.1021,0.20411
17.1949,0.20560
17.2998,0.20725
17.3926,0.20903
17.4841,0.21048
17.6031,0.21280
17.7465,0.21580
17.9110,0.21925
18.0934,0.22296
18.2905,0.22671
18.4991,0.23030
18.7159,0.23353
18.9377,0.23618
19.1614,0.23805
19.3837,0.23894
19.6014,0.23862
19.6942,0.23808
19.8011,0.23721
19.8939,0.23611
19.8939,0.23611
19.9988,0.23466
20.1037,0.23298
20.1965,0.23104
20.3047,0.22913
20.4214,0.22635
20.5476,0.22296
20.6846,0.21926
20.8333,0.21551
20.9950,0.21200
21.1708,0.20900
21.3618,0.20679
21.5691,0.20565
21.7939,0.20586
22.0373,0.20768
22.3004,0.21141
22.3932,0.21314
22.5001,0.21498
22.6050,0.21693
22.6765,0.21841
22.7473,0.21990
22.8176,0.22141
22.8880,0.22292
22.9588,0.22445
23.0306,0.22597
23.1037,0.22748
23.1786,0.22898
23.2557,0.23047
23.3354,0.23194
23.4183,0.23337
23.5046,0.23478
23.5974,0.23634
23.7023,0.23779
23.7474,0.23840
23.7996,0.23906
23.8585,0.23974
23.9235,0.24041
23.9940,0.24104
24.0697,0.24161
24.1499,0.24208
24.2342,0.24243
24.3221,0.24262
24.4130,0.24264
24.5065,0.24245
24.6020,0.24203
24.6968,0.24129
24.8017,0.24030
24.8945,0.23899
24.9994,0.23739
25.1042,0.23553
25.1991,0.23344
25.2722,0.23179
25.3412,0.23013
25.4068,0.22846
25.4700,0.22678
25.5318,0.22510
25.5932,0.22342
25.6549,0.22174
25.7181,0.22007
25.7837,0.21840
25.8525,0.21674
25.9256,0.21510
26.0039,0.21346
26.0967,0.21148
26.2036,0.20983
26.2727,0.20883
26.3429,0.20801
26.4142,0.20736
26.4865,0.20690
26.5599,0.20662
26.6343,0.20651
26.7097,0.20657
26.7860,0.20681
26.8634,0.20722
26.9417,0.20780
27.0210,0.20855
27.1012,0.20947
27.1961,0.21082
27.3009,0.21235
27.3917,0.21406
27.4986,0.21588
27.5768,0.21736
27.6524,0.21885
27.7260,0.22036
27.7983,0.22188
27.8698,0.22340
27.9411,0.22492
28.0130,0.22644
28.0858,0.22796
28.1604,0.22947
28.2373,0.23096
28.3170,0.23243
28.4003,0.23389
28.5052,0.23557
28.5980,0.23713
28.6391,0.23771
28.6886,0.23839
28.7456,0.23913
28.8096,0.23990
28.8800,0.24066
28.9560,0.24138
29.0371,0.24203
29.1226,0.24258
29.2118,0.24299
29.3042,0.24322
29.3990,0.24325
29.4956,0.24305
29.6025,0.24260
29.6953,0.24185
29.8002,0.24084
29.8930,0.23948
29.9999,0.23790
30.1048,0.23601
30.1976,0.23389
30.3025,0.23155
30.3678,0.22988
30.4310,0.22821
30.4928,0.22655
30.5538,0.22489
30.6148,0.22323
30.6764,0.22158
30.7393,0.21993
30.8042,0.21829
30.8718,0.21665
30.9427,0.21502
31.0176,0.21338
31.0973,0.21175
31.2021,0.21008
31.2970,0.20873
31.3857,0.20781
31.4730,0.20718
31.5586,0.20681
31.6422,0.20668
31.7234,0.20676
31.8018,0.20703
31.8770,0.20744
31.9489,0.20799
32.0169,0.20864
32.0808,0.20937
32.1401,0.21014
32.1946,0.21093
32.3015,0.21246
32.3943,0.21417
32.4992,0.21600
32.5794,0.21733
32.6889,0.21961
32.8246,0.22258
32.9831,0.22602
33.1614,0.22969
33.3562,0.23335
33.5645,0.23677
33.7830,0.23971
34.0086,0.24193
34.2380,0.24320
34.4682,0.24328
34.6959,0.24195
34.8008,0.24089
34.8936,0.23958
35.0005,0.23797
35.1054,0.23611
35.1982,0.23395
35.2715,0.23231
35.3407,0.23064
35.4068,0.22895
35.4706,0.22725
35.5329,0.22555
35.5948,0.22384
35.6570,0.22213
35.7205,0.22043
35.7862,0.21874
35.8549,0.21707
35.9276,0.21542
36.0050,0.21379
36.0978,0.21177
36.2027,0.21009
36.2725,0.20909
36.3426,0.20826
36.4134,0.20761
36.4849,0.20713
36.5573,0.20683
36.6309,0.20670
36.7056,0.20675
36.7819,0.20698
36.8597,0.20738
36.9393,0.20795
37.0208,0.20870
37.1044,0.20962
37.1972,0.21093
37.3021,0.21246
37.3949,0.21417
37.4998,0.21603
37.5783,0.21752
37.6539,0.21902
37.7274,0.22053
37.7993,0.22204
37.8704,0.22356
37.9413,0.22507
38.0126,0.22659
38.0850,0.22810
38.1593,0.22961
38.2360,0.23111
38.3158,0.23259
38.3994,0.23407
38.5043,0.23575
38.5971,0.23731
38.6411,0.23790
38.6920,0.23858
38.7496,0.23932
38.8133,0.24008
38.8828,0.24083
38.9577,0.24154
39.0375,0.24218
39.1219,0.24272
39.2104,0.24311
39.3026,0.24334
39.3982,0.24337
39.4968,0.24316
39.6016,0.24272
39.6944,0.24195
39.8013,0.24093
39.8962,0.23961
40.0010,0.23798
40.1039,0.23611
40.1967,0.23397
40.3056,0.23164
40.3704,0.22996
40.4330,0.22829
40.4942,0.22663
40.5546,0.22497
40.6151,0.22331
40.6763,0.22165
40.7389,0.22000
40.8037,0.21836
40.8713,0.21672
40.9424,0.21508
41.0179,0.21345
41.0984,0.21182
41.2033,0.21009
41.2961,0.20876
41.3863,0.20784
41.4744,0.20721
41.5600,0.20684
41.6432,0.20671
41.7236,0.20679
41.8011,0.20705
41.8756,0.20746
41.9468,0.20801
42.0146,0.20865
42.0788,0.20937
42.1392,0.21014
42.1957,0.21093
42.3006,0.21246
42.3934,0.21417
42.5003,0.21603
42.5810,0.21737
42.6908,0.21965
42.8265,0.22263
42.9851,0.22607
43.1634,0.22973
43.3581,0.23339
43.5662,0.23680
43.7846,0.23974
44.0100,0.24195
44.2393,0.24322
44.4693,0.24329
44.6970,0.24195
44.8019,0.24093
44.8947,0.23961
44.9996,0.23798
45.1065,0.23611
45.1993,0.23397
45.2722,0.23232
45.3411,0.23065
45.4070,0.22897
45.4707,0.22727
45.5331,0.22557
45.5949,0.22386
45.6571,0.22216
45.7206,0.22046
45.7862,0.21877
45.8547,0.21709
45.9271,0.21543
46.0041,0.21379
46.0969,0.21182
46.2038,0.21009
46.2728,0.20909
46.3426,0.20826
46.4133,0.20761
46.4850,0.20713
46.5577,0.20683
46.6315,0.20670
46.7065,0.20675
46.7827,0.20697
46.8602,0.20737
46.9392,0.20795
47.0196,0.20869
47.1015,0.20962
47.1963,0.21093
47.3032,0.21246
47.3960,0.21417
47.5009,0.21603
47.5786,0.21751
47.6538,0.21900
47.7271,0.22051
47.7991,0.22203
47.8704,0.22356
47.9416,0.22509
48.0133,0.22661
48.0862,0.22813
48.1607,0.22964
48.2375,0.23114
48.3173,0.23261
48.4005,0.23407
48.5054,0.23575
48.5982,0.23731
48.6410,0.23791
48.6912,0.23859
48.7485,0.23933
48.8123,0.24009
48.8821,0.24084
48.9575,0.24156
49.0380,0.24219
49.1231,0.24273
49.2124,0.24312
49.3052,0.24335
49.4012,0.24337
49.4999,0.24316
49.6028,0.24272
49.6956,0.24195
49.8025,0.24093
49.8932,0.23961
50.0022,0.23798
50.1050,0.23611
50.1999,0.23397
50.3047,0.23164
50.3695,0.22996
50.4323,0.22829
50.4936,0.22663
50.5543,0.22497
50.6150,0.22331
50.6764,0.22165
50.7393,0.22000
50.8043,0.21836
50.8721,0.21672
50.9434,0.21508
51.0190,0.21345
51.0995,0.21182
51.2044,0.21009
51.2972,0.20876
51.3862,0.20784
51.4736,0.20721
51.5591,0.20684
51.6424,0.20671
51.7232,0.20679
51.8012,0.20705
51.8762,0.20746
51.9478,0.20801
52.0157,0.20866
52.0797,0.20938
52.1395,0.21014
52.1948,0.21093
52.3017,0.21246
52.3945,0.21417
52.4994,0.21603
52.5806,0.21736
52.6907,0.21963
52.8268,0.22261
52.9856,0.22605
53.1639,0.22971
53.3587,0.23337
53.5668,0.23679
53.7850,0.23973
54.0102,0.24195
54.2392,0.24321
54.4689,0.24329
54.6961,0.24195
54.8030,0.24093
54.8938,0.23961
55.0007,0.23798
55.1056,0.23611
55.1984,0.23397
55.2729,0.23231
55.3426,0.23064
55.4088,0.22895
55.4722,0.22726
55.5340,0.22556
55.5953,0.22386
55.6569,0.22217
55.7200,0.22047
55.7856,0.21878
55.8546,0.21711
55.9282,0.21544
56.0073,0.21379
56.1001,0.21182
56.2030,0.21009
56.2732,0.20909
56.3437,0.20826
56.4148,0.20761
56.4865,0.20713
56.5590,0.20683
56.6326,0.20670
56.7074,0.20675
56.7834,0.20697
56.8611,0.20737
56.9403,0.20795
57.0215,0.20869
57.1046,0.20962
57.1974,0.21093
57.3023,0.21246
57.3951,0.21417
57.5000,0.21603
57.5789,0.21752
57.6549,0.21902
57.7285,0.22053
57.8005,0.22204
57.8715,0.22356
57.9423,0.22507
58.0134,0.22659
58.0857,0.22810
58.1598,0.22961
58.2364,0.23111
58.3161,0.23259
58.3996,0.23407
58.5066,0.23575
58.5973,0.23731
58.6413,0.23790
58.6923,0.23858
58.7498,0.23932
58.8136,0.24008
58.8832,0.24084
58.9582,0.24155
59.0381,0.24219
59.1227,0.24272
59.2115,0.24312
59.3040,0.24335
59.4000,0.24337
59.4990,0.24316
59.6039,0.24272
59.6967,0.24195
59.8036,0.24093
59.8964,0.23961
60.0013,0.23798
60.1082,0.23611
60.1990,0.23397
60.3059,0.23164
60.3706,0.22996
60.4332,0.22829
60.4944,0.22662
60.5549,0.22496
60.6153,0.22331
60.6765,0.22165
60.7391,0.22001
60.8039,0.21836
60.8715,0.21672
60.9427,0.21508
61.0182,0.21345
61.0986,0.21182
61.2035,0.21009
61.2963,0.20876
61.3866,0.20784
61.4747,0.20721
61.5606,0.20684
61.6439,0.20671
61.7244,0.20679
61.8021,0.20705
61.8767,0.20746
61.9479,0.20801
62.0157,0.20865
62.0797,0.20937
62.1399,0.21014
62.1960,0.21093
62.3029,0.21246
62.3957,0.21417
62.5006,0.21603
62.5813,0.21737
62.6911,0.21965
62.8271,0.22262
62.9858,0.22606
63.1642,0.22973
63.3591,0.23338
63.5673,0.23680
63.7857,0.23973
64.0111,0.24195
64.2402,0.24322
64.4700,0.24329
64.6973,0.24195
64.8021,0.24093
64.8949,0.23961
64.9998,0.23798
65.1067,0.23611
65.1995,0.23397
65.2729,0.23232
65.3422,0.23065
65.4084,0.22897
65.4724,0.22727
65.5349,0.22557
65.5969,0.22386
65.6593,0.22215
65.7228,0.22045
65.7884,0.21876
65.8570,0.21708
65.9293,0.21543
66.0064,0.21379
66.0992,0.21182
66.2061,0.21009
66.2750,0.20909
66.3447,0.20826
66.4153,0.20761
66.4868,0.20713
66.5593,0.20683
66.6330,0.20670
66.7079,0.20675
66.7841,0.20697
66.8616,0.20737
66.9407,0.20795
67.0214,0.20869
67.1037,0.20962
67.3034,0.21246
67.3962,0.21417
67.5011,0.21603
67.5789,0.21751
67.6542,0.21900
67.7276,0.22051
67.7998,0.22203
67.8713,0.22356
67.9426,0.22509
68.0144,0.22661
68.0873,0.22813
68.1618,0.22964
68.2385,0.23114
68.3179,0.23261
68.4008,0.23407
68.5057,0.23575
68.5985,0.23731
68.6409,0.23790
68.6910,0.23858
68.7484,0.23932
68.8125,0.24009
68.8827,0.24084
68.9585,0.24156
69.0394,0.24220
69.1247,0.24273
69.2140,0.24313
69.3067,0.24335
69.4023,0.24338
69.5001,0.24316
69.6050,0.24272
69.6978,0.24195
69.8027,0.24093
69.8955,0.23961
70.0024,0.23798
70.1073,0.23611
70.2001,0.23397
70.3050,0.23164
70.3698,0.22998
70.4326,0.22832
70.4941,0.22665
70.5550,0.22499
70.6158,0.22332
70.6774,0.22165
70.7404,0.21999
70.8054,0.21834
70.8732,0.21669
70.9444,0.21506
71.0197,0.21343
71.0997,0.21182
71.2046,0.21009
71.2974,0.20876
71.3869,0.20784
71.4746,0.20721
71.5603,0.20684
71.6436,0.20671
71.7245,0.20679
71.8025,0.20705
71.8774,0.20747
71.9491,0.20802
72.0171,0.20866
72.0813,0.20938
72.1414,0.21015
72.1971,0.21093
72.3040,0.21246
72.3968,0.21417
72.4997,0.21603
72.6086,0.21799
72.6796,0.21945
72.7499,0.22093
72.8198,0.22243
72.8897,0.22394
72.9602,0.22546
73.0317,0.22697
73.1046,0.22848
73.1794,0.22998
73.2565,0.23146
73.3364,0.23292
73.4195,0.23435
73.5062,0.23575
73.5990,0.23731
73.7059,0.23871
73.7519,0.23933
73.8046,0.23998
73.8638,0.24065
73.9288,0.24130
73.9992,0.24190
74.0746,0.24244
74.1544,0.24288
74.2382,0.24320
74.3255,0.24337
74.4158,0.24336
74.5086,0.24315
74.6036,0.24272
74.6964,0.24195
74.8033,0.24093
74.8940,0.23961
75.0010,0.23798
75.1058,0.23611
75.2007,0.23397
75.2747,0.23231
75.3442,0.23064
75.4101,0.22895
75.4734,0.22726
75.5352,0.22557
75.5963,0.22387
75.6578,0.22217
75.7206,0.22048
75.7859,0.21879
75.8544,0.21711
75.9273,0.21545
76.0055,0.21379
76.1003,0.21182
76.2052,0.21009
76.2750,0.20909
76.3451,0.20826
76.4158,0.20761
76.4873,0.20713
76.5597,0.20683
76.6331,0.20670
76.7077,0.20675
76.7838,0.20697
76.8613,0.20737
76.9406,0.20795
77.0217,0.20869
77.1049,0.20962
77.1977,0.21093
77.3025,0.21246
77.3953,0.21417
77.5002,0.21603
77.5784,0.21751
77.6540,0.21901
77.7276,0.22051
77.7998,0.22203
77.8712,0.22355
77.9425,0.22507
78.0142,0.22660
78.0869,0.22811
78.1612,0.22962
78.2377,0.23112
78.3171,0.23260
78.3999,0.23407
78.5088,0.23575
78.5996,0.23731
78.6431,0.23790
78.6937,0.23858
78.7509,0.23932
78.8145,0.24008
78.8838,0.24084
78.9586,0.24155
79.0385,0.24219
79.1230,0.24272
79.2117,0.24312
79.3043,0.24335
79.4003,0.24337
79.4992,0.24316
79.6062,0.24272
79.6969,0.24195
79.8038,0.24093
79.8966,0.23961
80.0015,0.23798
80.1084,0.23611
80.1992,0.23397
80.3061,0.23164
80.3713,0.22996
80.4342,0.22829
80.4955,0.22663
80.5560,0.22497
80.6164,0.22331
80.6775,0.22166
80.7400,0.22001
80.8046,0.21837
80.8720,0.21673
80.9431,0.21509
81.0184,0.21345
81.0989,0.21182
81.2078,0.21009
81.2965,0.20876
81.3868,0.20784
81.4750,0.20721
81.5608,0.20684
81.6442,0.20671
81.7248,0.20679
81.8026,0.20705
81.8773,0.20746
81.9488,0.20801
82.0168,0.20865
82.0811,0.20937
82.1417,0.21014
82.1982,0.21093
82.3031,0.21246
82.3959,0.21417
82.5028,0.21603
82.5830,0.21737
82.6924,0.21965
82.8279,0.22263
82.9863,0.22607
83.1644,0.22973
83.3591,0.23339
83.5673,0.23680
83.7857,0.23974
84.0113,0.24195
84.2409,0.24322
84.4714,0.24329
84.6995,0.24195
84.8044,0.24093
84.8952,0.23961
85.0001,0.23798
85.1090,0.23611
85.1998,0.23397
85.2731,0.23232
85.3423,0.23065
85.4084,0.22897
85.4722,0.22727
85.5345,0.22557
85.5964,0.22386
85.6586,0.22216
85.7221,0.22046
85.7878,0.21877
85.8565,0.21709
85.9292,0.21543
86.0066,0.21379
86.0994,0.21182
86.2063,0.21009
86.2749,0.20909
86.3444,0.20826
86.4150,0.20761
86.4866,0.20713
86.5593,0.20683
86.6332,0.20670
86.7083,0.20675
86.7847,0.20697
86.8624,0.20737
86.9415,0.20795
87.0220,0.20869
87.1040,0.20962
87.1968,0.21093
87.3037,0.21246
87.3965,0.21417
87.5014,0.21603
87.5792,0.21751
87.6546,0.21900
87.7282,0.22051
87.8006,0.22203
87.8723,0.22356
87.9439,0.22509
88.0159,0.22661
88.0890,0.22813
88.1637,0.22964
88.2406,0.23114
88.3201,0.23261
88.4030,0.23407
88.5079,0.23575
88.6007,0.23731
88.6423,0.23790
88.6919,0.23858
88.7489,0.23932
88.8129,0.24008
88.8831,0.24083
88.9590,0.24155
89.0400,0.24219
89.1255,0.24273
89.2148,0.24312
89.3075,0.24335
89.4029,0.24337
89.5004,0.24316
89.6053,0.24272
89.6981,0.24195
89.8029,0.24093
89.8957,0.23961
90.0026,0.23798
90.1075,0.23611
90.2003,0.23397
90.3052,0.23164
90.3705,0.22998
90.4336,0.22832
90.4952,0.22665
90.5561,0.22499
90.6169,0.22332
90.6784,0.22165
90.7412,0.21999
90.8061,0.21834
90.8737,0.21669
90.9447,0.21506
91.0199,0.21343
91.1000,0.21182
91.2069,0.21009
91.2997,0.20876
91.3887,0.20784
91.4760,0.20721
91.5614,0.20684
91.6445,0.20671
91.7252,0.20679
91.8032,0.20705
91.8782,0.20747
91.9500,0.20802
92.0182,0.20866
92.0827,0.20938
92.1432,0.21015
92.1993,0.21093
92.3042,0.21246
92.3970,0.21417
92.5019,0.21603
92.5826,0.21736
92.6924,0.21963
92.8281,0.22261
92.9867,0.22605
93.1650,0.22971
93.3597,0.23337
93.5678,0.23679
93.7862,0.23973
94.0116,0.24195
94.2409,0.24321
94.4709,0.24329
94.6986,0.24195
94.8055,0.24093
94.8963,0.23961
95.0012,0.23798
95.1081,0.23611
95.2009,0.23397
95.2750,0.23232
95.3446,0.23065
95.4106,0.22897
95.4742,0.22727
95.5361,0.22557
95.5975,0.22386
95.6593,0.22215
95.7224,0.22045
95.7878,0.21876
95.8565,0.21708
95.9295,0.21543
96.0078,0.21379
96.1006,0.21182
96.2054,0.21009
96.2752,0.20910
96.3455,0.20827
96.4164,0.20762
96.4880,0.20714
96.5605,0.20683
96.6341,0.20670
96.7088,0.20675
96.7849,0.20697
96.8624,0.20737
96.9415,0.20794
97.0224,0.20869
97.1051,0.20962
97.1979,0.21093
97.3028,0.21246
97.3956,0.21417
97.5045,0.21603
97.5818,0.21751
97.6567,0.21901
97.7299,0.22052
97.8018,0.22204
97.8730,0.22356
97.9442,0.22509
98.0159,0.22661
98.0887,0.22812
98.1632,0.22963
98.2398,0.23113
98.3193,0.23261
98.4021,0.23407
98.5091,0.23575
98.5998,0.23731
98.6429,0.23790
98.6934,0.23858
98.7506,0.23931
98.8142,0.24008
98.8838,0.24083
98.9589,0.24154
99.0390,0.24218
99.1237,0.24272
99.2125,0.24312
99.3051,0.24335
99.4009,0.24337
99.4995,0.24316
99.6064,0.24272
99.6972,0.24195
99.8041,0.24093
99.8969,0.23961
100.0018,0.23798
