# Kratos Multiphysics Examples, fsi_lid_driven_cavity (R. Zorrilla),
# data/fsi_lid_driven_cavity_uy_A.png, curve 'Kratos solution'.
# 2x32 Q1 plane-stress total Lagrangian solid, 32x32 fluid, dt = 0.1 s.
# Method: raster digitisation of the 2400x1800 PNG (cyan pixels,
# column-wise centroid), about 0.5% of the peak value.
# Group B definition: linear inflow v(8y-7), p = 0 outlet.
# Columns: time [s], midpoint vertical displacement uy [m]
time_s,uy_m
0.1503,0.00005
0.1879,0.00016
0.2254,0.00016
0.2630,0.00016
0.3006,0.00001
0.3382,0.00001
0.3757,0.00001
0.4133,0.00001
0.4509,-0.00032
0.4885,-0.00032
0.5260,-0.00045
0.5636,-0.00064
0.6012,-0.00076
0.6388,-0.00076
0.6763,-0.00088
0.7139,-0.00088
0.7515,-0.00100
0.7890,-0.00125
0.8266,-0.00125
0.8642,-0.00149
0.9018,-0.00173
0.9393,-0.00185
0.9769,-0.00198
1.0145,-0.00222
1.0521,-0.00234
1.0896,-0.00246
1.1272,-0.00270
1.1648,-0.00270
1.2024,-0.00295
1.2399,-0.00307
1.2775,-0.00319
1.3151,-0.00331
1.3527,-0.00331
1.3902,-0.00343
1.4278,-0.00355
1.4654,-0.00355
1.5030,-0.00355
1.5405,-0.00355
1.5781,-0.00355
1.6157,-0.00343
1.6532,-0.00331
1.6908,-0.00319
1.7284,-0.00295
1.7660,-0.00282
1.8035,-0.00258
1.8411,-0.00234
1.8787,-0.00198
1.9163,-0.00161
1.9538,-0.00149
1.9914,-0.00093
2.0290,-0.00036
2.0666,0.00019
2.1041,0.00087
2.1417,0.00142
2.1793,0.00215
2.2169,0.00275
2.2544,0.00348
2.2920,0.00433
2.3296,0.00518
2.3671,0.00603
2.4047,0.00700
2.4423,0.00809
2.4799,0.00930
2.5174,0.01040
2.5550,0.01161
2.5926,0.01270
2.6302,0.01403
2.6677,0.01537
2.7053,0.01670
2.7429,0.01828
2.7805,0.01961
2.8180,0.02119
2.8556,0.02264
2.8932,0.02422
2.9308,0.02580
2.9683,0.02762
3.0059,0.02919
3.0435,0.03089
3.0811,0.03259
3.1186,0.03429
3.1562,0.03611
3.1938,0.03792
3.2313,0.03974
3.2689,0.04144
3.3065,0.04302
3.3441,0.04490
3.3816,0.04690
3.4192,0.04872
3.4568,0.05054
3.4944,0.05236
3.5319,0.05418
3.5695,0.05599
3.6071,0.05781
3.6447,0.05963
3.6822,0.06145
3.7198,0.06327
3.7574,0.06497
3.7950,0.06691
3.8325,0.06861
3.8701,0.07055
3.9077,0.07225
3.9452,0.07406
3.9828,0.07600
4.0204,0.07782
4.0580,0.07964
4.0955,0.08170
4.1331,0.08365
4.1707,0.08559
4.2083,0.08765
4.2458,0.08971
4.2834,0.09177
4.3210,0.09407
4.3586,0.09638
4.3961,0.09856
4.4337,0.10101
4.4713,0.10338
4.5089,0.10561
4.5464,0.10884
4.5840,0.11105
4.6216,0.11324
4.6592,0.11615
4.6967,0.11845
4.7343,0.12100
4.7719,0.12354
4.8094,0.12670
4.8470,0.12912
4.8846,0.13167
4.9222,0.13422
4.9597,0.13676
4.9973,0.13931
5.0349,0.14149
5.0725,0.14363
5.1100,0.14587
5.1476,0.14811
5.1852,0.15036
5.2228,0.15224
5.2603,0.15398
5.2979,0.15580
5.3355,0.15738
5.3731,0.15884
5.4106,0.16029
5.4482,0.16150
5.4858,0.16260
5.5233,0.16344
5.5609,0.16429
5.5985,0.16514
5.6361,0.16587
5.6736,0.16660
5.7112,0.16696
5.7488,0.16720
5.7864,0.16720
5.8239,0.16720
5.8615,0.16684
5.8991,0.16635
5.9367,0.16587
5.9742,0.16551
6.0118,0.16502
6.0494,0.16441
6.0870,0.16369
6.1245,0.16296
6.1621,0.16223
6.1997,0.16150
6.2373,0.16053
6.2748,0.15956
6.3124,0.15871
6.3500,0.15762
6.3875,0.15653
6.4251,0.15556
6.4627,0.15459
6.5003,0.15326
6.5378,0.15204
6.5754,0.15107
6.6130,0.14974
6.6506,0.14853
6.6881,0.14744
6.7257,0.14622
6.7633,0.14501
6.8009,0.14380
6.8384,0.14271
6.8760,0.14161
6.9136,0.14064
6.9512,0.13931
6.9887,0.13822
7.0263,0.13725
7.0639,0.13628
7.1014,0.13543
7.1390,0.13458
7.1766,0.13373
7.2142,0.13300
7.2517,0.13252
7.2893,0.13179
7.3269,0.13131
7.3645,0.13082
7.4020,0.13058
7.4396,0.13009
7.4772,0.12961
7.5148,0.12961
7.5523,0.12973
7.5899,0.12997
7.6275,0.13034
7.6651,0.13094
7.7026,0.13143
7.7402,0.13203
7.7778,0.13276
7.8154,0.13361
7.8529,0.13434
7.8905,0.13531
7.9281,0.13652
7.9656,0.13773
8.0032,0.13895
8.0408,0.14028
8.0784,0.14161
8.1159,0.14331
8.1535,0.14501
8.1911,0.14646
8.2287,0.14835
8.2662,0.15011
8.3038,0.15211
8.3414,0.15424
8.3790,0.15629
8.4165,0.15823
8.4541,0.16041
8.4917,0.16272
8.5293,0.16502
8.5668,0.16746
8.6044,0.17036
8.6420,0.17230
8.6795,0.17473
8.7171,0.17763
8.7547,0.18030
8.7923,0.18249
8.8298,0.18552
8.8674,0.18806
8.9050,0.19052
8.9426,0.19325
8.9801,0.19610
9.0177,0.19874
9.0553,0.20128
9.0929,0.20407
9.1304,0.20662
9.1680,0.20916
9.2056,0.21159
9.2432,0.21389
9.2807,0.21620
9.3183,0.21850
9.3559,0.22069
9.3935,0.22287
9.4310,0.22481
9.4686,0.22614
9.5062,0.22784
9.5437,0.22954
9.5813,0.23099
9.6189,0.23233
9.6565,0.23342
9.6940,0.23451
9.7316,0.23512
9.7692,0.23585
9.8068,0.23633
9.8443,0.23706
9.8819,0.23754
9.9195,0.23742
9.9571,0.23718
9.9946,0.23682
10.0322,0.23586
10.0698,0.23506
10.1074,0.23463
10.1449,0.23378
10.1825,0.23281
10.2201,0.23172
10.2576,0.23075
10.2952,0.22954
10.3328,0.22833
10.3704,0.22687
10.4079,0.22517
10.4455,0.22372
10.4831,0.22226
10.5207,0.22056
10.5582,0.21862
10.5958,0.21681
10.6334,0.21511
10.6710,0.21329
10.7085,0.21123
10.7461,0.20929
10.7837,0.20734
10.8213,0.20558
10.8588,0.20370
10.8964,0.20165
10.9340,0.19946
10.9716,0.19764
11.0091,0.19607
11.0467,0.19437
11.0843,0.19243
11.1218,0.19085
11.1594,0.18964
11.1970,0.18794
11.2346,0.18637
11.2721,0.18540
11.3097,0.18394
11.3473,0.18285
11.3849,0.18188
11.4224,0.18079
11.4600,0.18006
11.4976,0.17933
11.5352,0.17860
11.5727,0.17812
11.6103,0.17751
11.6479,0.17703
11.6855,0.17654
11.7230,0.17630
11.7606,0.17618
11.7982,0.17618
11.8357,0.17642
11.8733,0.17678
11.9109,0.17715
11.9485,0.17751
11.9860,0.17775
12.0236,0.17836
12.0612,0.17885
12.0988,0.17957
12.1363,0.18030
12.1739,0.18091
12.2115,0.18188
12.2491,0.18285
12.2866,0.18370
12.3242,0.18479
12.3618,0.18576
12.3994,0.18673
12.4369,0.18782
12.4745,0.18903
12.5121,0.19012
12.5497,0.19146
12.5872,0.19304
12.6248,0.19425
12.6624,0.19565
12.6999,0.19678
12.7375,0.19843
12.7751,0.20007
12.8127,0.20165
12.8502,0.20322
12.8878,0.20431
12.9254,0.20601
12.9630,0.20747
13.0005,0.20916
13.0381,0.21074
13.0757,0.21220
13.1133,0.21365
13.1508,0.21523
13.1884,0.21668
13.2260,0.21814
13.2636,0.21947
13.3011,0.22069
13.3387,0.22202
13.3763,0.22348
13.4138,0.22481
13.4514,0.22602
13.4890,0.22711
13.5266,0.22821
13.5641,0.22942
13.6017,0.23051
13.6393,0.23136
13.6769,0.23233
13.7144,0.23318
13.7520,0.23427
13.7896,0.23512
13.8272,0.23585
13.8647,0.23669
13.9023,0.23742
13.9399,0.23815
13.9775,0.23888
14.0150,0.23960
14.0526,0.24021
14.0902,0.24082
14.1278,0.24142
14.1653,0.24191
14.2029,0.24252
14.2405,0.24288
14.2780,0.24349
14.3156,0.24385
14.3532,0.24421
14.3908,0.24458
14.4283,0.24494
14.4659,0.24530
14.5035,0.24543
14.5411,0.24567
14.5786,0.24579
14.6162,0.24591
14.6538,0.24603
14.6914,0.24628
14.7289,0.24628
14.7665,0.24615
14.8041,0.24603
14.8417,0.24591
14.8792,0.24579
14.9168,0.24555
14.9544,0.24543
14.9919,0.24506
15.0295,0.24482
15.0671,0.24446
15.1047,0.24397
15.1422,0.24361
15.1798,0.24324
15.2174,0.24264
15.2550,0.24215
15.2925,0.24142
15.3301,0.24082
15.3677,0.24033
15.4053,0.23973
15.4428,0.23900
15.4804,0.23803
15.5180,0.23718
15.5556,0.23633
15.5931,0.23548
15.6307,0.23475
15.6683,0.23366
15.7059,0.23269
15.7434,0.23172
15.7810,0.23063
15.8186,0.22954
15.8561,0.22869
15.8937,0.22736
15.9313,0.22626
15.9689,0.22517
16.0064,0.22396
16.0440,0.22275
16.0816,0.22178
16.1192,0.22056
16.1567,0.21923
16.1943,0.21814
16.2319,0.21693
16.2695,0.21584
16.3070,0.21486
16.3446,0.21377
16.3822,0.21268
16.4198,0.21147
16.4573,0.21038
16.4949,0.20941
16.5325,0.20844
16.5700,0.20759
16.6076,0.20662
16.6452,0.20577
16.6828,0.20480
16.7203,0.20407
16.7579,0.20322
16.7955,0.20237
16.8331,0.20189
16.8706,0.20116
16.9082,0.20055
16.9458,0.20007
16.9834,0.19940
17.0209,0.19899
17.0585,0.19841
17.0961,0.19825
17.1337,0.19801
17.1712,0.19777
17.2088,0.19752
17.2464,0.19728
17.2840,0.19728
17.3215,0.19740
17.3591,0.19764
17.3967,0.19777
17.4342,0.19825
17.4718,0.19861
17.5094,0.19910
17.5470,0.19971
17.5845,0.20022
17.6221,0.20088
17.6597,0.20165
17.6973,0.20256
17.7348,0.20345
17.7724,0.20407
17.8100,0.20504
17.8476,0.20613
17.8851,0.20722
17.9227,0.20856
17.9603,0.20977
17.9979,0.21098
18.0354,0.21220
18.0730,0.21365
18.1106,0.21499
18.1481,0.21668
18.1857,0.21814
18.2233,0.21947
18.2609,0.22105
18.2984,0.22263
18.3360,0.22408
18.3736,0.22602
18.4112,0.22736
18.4487,0.22893
18.4863,0.23051
18.5239,0.23221
18.5615,0.23378
18.5990,0.23548
18.6366,0.23706
18.6742,0.23851
18.7118,0.24021
18.7493,0.24179
18.7869,0.24312
18.8245,0.24458
18.8621,0.24561
18.8996,0.24713
18.9372,0.24865
18.9748,0.25005
19.0123,0.25125
19.0499,0.25234
19.0875,0.25319
19.1251,0.25428
19.1626,0.25525
19.2002,0.25622
19.2378,0.25707
19.2754,0.25780
19.3129,0.25828
19.3505,0.25877
19.3881,0.25937
19.4257,0.25998
19.4632,0.26046
19.5008,0.26059
19.5384,0.26083
19.5760,0.26095
19.6135,0.26071
19.6511,0.26046
19.6887,0.26010
19.7262,0.25986
19.7638,0.25949
19.8014,0.25913
19.8390,0.25865
19.8765,0.25792
19.9141,0.25719
19.9517,0.25646
19.9893,0.25551
20.0268,0.25462
20.0644,0.25404
20.1020,0.25343
20.1396,0.25226
20.1771,0.25122
20.2147,0.25018
20.2523,0.24903
20.2899,0.24797
20.3274,0.24664
20.3650,0.24543
20.4026,0.24433
20.4402,0.24312
20.4777,0.24191
20.5153,0.24045
20.5529,0.23936
20.5904,0.23803
20.6280,0.23682
20.6656,0.23548
20.7032,0.23415
20.7407,0.23269
20.7783,0.23148
20.8159,0.23027
20.8535,0.22893
20.8910,0.22760
20.9286,0.22626
20.9662,0.22517
21.0038,0.22384
21.0413,0.22275
21.0789,0.22153
21.1165,0.22020
21.1541,0.21911
21.1916,0.21814
21.2292,0.21705
21.2668,0.21608
21.3043,0.21499
21.3419,0.21402
21.3795,0.21305
21.4171,0.21232
21.4546,0.21135
21.4922,0.21062
21.5298,0.21001
21.5674,0.20904
21.6049,0.20844
21.6425,0.20783
21.6801,0.20722
21.7177,0.20686
21.7552,0.20625
21.7928,0.20589
21.8304,0.20528
21.8680,0.20504
21.9055,0.20468
21.9431,0.20444
21.9807,0.20419
22.0183,0.20383
22.0558,0.20371
22.0934,0.20371
22.1310,0.20359
22.1685,0.20359
22.2061,0.20371
22.2437,0.20395
22.2813,0.20419
22.3188,0.20444
22.3564,0.20468
22.3940,0.20504
22.4316,0.20541
22.4691,0.20589
22.5067,0.20650
22.5443,0.20698
22.5819,0.20747
22.6194,0.20819
22.6570,0.20880
22.6946,0.20953
22.7322,0.21038
22.7697,0.21123
22.8073,0.21195
22.8449,0.21280
22.8824,0.21377
22.9200,0.21486
22.9576,0.21596
22.9952,0.21705
23.0327,0.21802
23.0703,0.21911
23.1079,0.22032
23.1455,0.22153
23.1830,0.22275
23.2206,0.22420
23.2582,0.22542
23.2958,0.22651
23.3333,0.22784
23.3709,0.22918
23.4085,0.23075
23.4461,0.23209
23.4836,0.23318
23.5212,0.23463
23.5588,0.23597
23.5963,0.23742
23.6339,0.23888
23.6715,0.23997
23.7091,0.24142
23.7466,0.24264
23.7842,0.24421
23.8218,0.24543
23.8594,0.24623
23.8969,0.24763
23.9345,0.24903
23.9721,0.25018
24.0097,0.25146
24.0472,0.25234
24.0848,0.25331
24.1224,0.25428
24.1600,0.25525
24.1975,0.25610
24.2351,0.25683
24.2727,0.25767
24.3103,0.25816
24.3478,0.25877
24.3854,0.25937
24.4230,0.25998
24.4605,0.26034
24.4981,0.26071
24.5357,0.26083
24.5733,0.26107
24.6108,0.26131
24.6484,0.26131
24.6860,0.26107
24.7236,0.26095
24.7611,0.26071
24.7987,0.26034
24.8363,0.25986
24.8739,0.25949
24.9114,0.25901
24.9490,0.25840
24.9866,0.25780
25.0242,0.25707
25.0617,0.25634
25.0993,0.25549
25.1369,0.25464
25.1744,0.25379
25.2120,0.25303
25.2496,0.25211
25.2872,0.25076
25.3247,0.24967
25.3623,0.24858
25.3999,0.24737
25.4375,0.24603
25.4750,0.24506
25.5126,0.24373
25.5502,0.24239
25.5878,0.24118
25.6253,0.23985
25.6629,0.23851
25.7005,0.23706
25.7381,0.23560
25.7756,0.23439
25.8132,0.23306
25.8508,0.23172
25.8884,0.23015
25.9259,0.22881
25.9635,0.22760
26.0011,0.22626
26.0386,0.22505
26.0762,0.22348
26.1138,0.22226
26.1514,0.22117
26.1889,0.21996
26.2265,0.21875
26.2641,0.21765
26.3017,0.21644
26.3392,0.21535
26.3768,0.21426
26.4144,0.21341
26.4520,0.21244
26.4895,0.21159
26.5271,0.21062
26.5647,0.20977
26.6023,0.20892
26.6398,0.20807
26.6774,0.20747
26.7150,0.20686
26.7525,0.20625
26.7901,0.20577
26.8277,0.20504
26.8653,0.20480
26.9028,0.20444
26.9404,0.20407
26.9780,0.20371
27.0156,0.20334
27.0531,0.20310
27.0907,0.20298
27.1283,0.20286
27.1659,0.20286
27.2034,0.20298
27.2410,0.20322
27.2786,0.20347
27.3162,0.20383
27.3537,0.20395
27.3913,0.20431
27.4289,0.20480
27.4665,0.20528
27.5040,0.20589
27.5416,0.20650
27.5792,0.20698
27.6167,0.20783
27.6543,0.20856
27.6919,0.20929
27.7295,0.21014
27.7670,0.21098
27.8046,0.21195
27.8422,0.21305
27.8798,0.21414
27.9173,0.21535
27.9549,0.21656
27.9925,0.21741
28.0301,0.21875
28.0676,0.21996
28.1052,0.22141
28.1428,0.22263
28.1804,0.22384
28.2179,0.22517
28.2555,0.22651
28.2931,0.22796
28.3306,0.22954
28.3682,0.23087
28.4058,0.23209
28.4434,0.23354
28.4809,0.23500
28.5185,0.23657
28.5561,0.23803
28.5937,0.23924
28.6312,0.24058
28.6688,0.24179
28.7064,0.24336
28.7440,0.24470
28.7815,0.24591
28.8191,0.24712
28.8567,0.24814
28.8943,0.24967
28.9318,0.25082
28.9694,0.25198
29.0070,0.25301
29.0446,0.25392
29.0821,0.25476
29.1197,0.25573
29.1573,0.25658
29.1948,0.25731
29.2324,0.25792
29.2700,0.25852
29.3076,0.25913
29.3451,0.25962
29.3827,0.26022
29.4203,0.26071
29.4579,0.26095
29.4954,0.26119
29.5330,0.26143
29.5706,0.26156
29.6082,0.26156
29.6457,0.26143
29.6833,0.26107
29.7209,0.26083
29.7585,0.26059
29.7960,0.26022
29.8336,0.25974
29.8712,0.25925
29.9087,0.25865
29.9463,0.25804
29.9839,0.25725
30.0215,0.25708
30.0590,0.25586
30.0966,0.25501
30.1342,0.25416
30.1718,0.25355
30.2093,0.25264
30.2469,0.25160
30.2845,0.25028
30.3221,0.24919
30.3596,0.24809
30.3972,0.24712
30.4348,0.24591
30.4724,0.24470
30.5099,0.24349
30.5475,0.24215
30.5851,0.24082
30.6227,0.23960
30.6602,0.23851
30.6978,0.23706
30.7354,0.23572
30.7729,0.23427
30.8105,0.23318
30.8481,0.23196
30.8857,0.23051
30.9232,0.22918
30.9608,0.22784
30.9984,0.22675
31.0360,0.22542
31.0735,0.22420
31.1111,0.22299
31.1487,0.22166
31.1863,0.22044
31.2238,0.21935
31.2614,0.21826
31.2990,0.21717
31.3366,0.21608
31.3741,0.21499
31.4117,0.21402
31.4493,0.21305
31.4868,0.21220
31.5244,0.21135
31.5620,0.21038
31.5996,0.20965
31.6371,0.20892
31.6747,0.20819
31.7123,0.20759
31.7499,0.20686
31.7874,0.20638
31.8250,0.20577
31.8626,0.20541
31.9002,0.20480
31.9377,0.20444
31.9753,0.20407
32.0129,0.20383
32.0505,0.20347
32.0880,0.20334
32.1256,0.20322
32.1632,0.20310
32.2008,0.20322
32.2383,0.20334
32.2759,0.20359
32.3135,0.20371
32.3510,0.20395
32.3886,0.20431
32.4262,0.20480
32.4638,0.20528
32.5013,0.20577
32.5389,0.20625
32.5765,0.20698
32.6141,0.20771
32.6516,0.20844
32.6892,0.20929
32.7268,0.21001
32.7644,0.21086
32.8019,0.21183
32.8395,0.21280
32.8771,0.21377
32.9147,0.21486
32.9522,0.21620
32.9898,0.21741
33.0274,0.21862
33.0649,0.21972
33.1025,0.22105
33.1401,0.22226
33.1777,0.22384
33.2152,0.22505
33.2528,0.22639
33.2904,0.22772
33.3280,0.22918
33.3655,0.23063
33.4031,0.23233
33.4407,0.23366
33.4783,0.23488
33.5158,0.23633
33.5534,0.23779
33.5910,0.23936
33.6286,0.24082
33.6661,0.24203
33.7037,0.24336
33.7413,0.24470
33.7789,0.24616
33.8164,0.24749
33.8540,0.24858
33.8916,0.24993
33.9291,0.25120
33.9667,0.25236
34.0043,0.25352
34.0419,0.25428
34.0794,0.25525
34.1170,0.25610
34.1546,0.25707
34.1922,0.25780
34.2297,0.25852
34.2673,0.25913
34.3049,0.25962
34.3425,0.26010
34.3800,0.26071
34.4176,0.26119
34.4552,0.26156
34.4928,0.26168
34.5303,0.26192
34.5679,0.26204
34.6055,0.26204
34.6430,0.26180
34.6806,0.26143
34.7182,0.26131
34.7558,0.26107
34.7933,0.26059
34.8309,0.26010
34.8685,0.25949
34.9061,0.25901
34.9436,0.25840
34.9812,0.25767
35.0188,0.25695
35.0564,0.25610
35.0939,0.25513
35.1315,0.25428
35.1691,0.25355
35.2067,0.25251
35.2442,0.25147
35.2818,0.25031
35.3194,0.24919
35.3570,0.24809
35.3945,0.24676
35.4321,0.24567
35.4697,0.24458
35.5072,0.24312
35.5448,0.24191
35.5824,0.24045
35.6200,0.23924
35.6575,0.23815
35.6951,0.23682
35.7327,0.23548
35.7703,0.23403
35.8078,0.23269
35.8454,0.23160
35.8830,0.23027
35.9206,0.22893
35.9581,0.22748
35.9957,0.22614
36.0333,0.22493
36.0709,0.22396
36.1084,0.22263
36.1460,0.22141
36.1836,0.22020
36.2211,0.21899
36.2587,0.21790
36.2963,0.21681
36.3339,0.21584
36.3714,0.21474
36.4090,0.21389
36.4466,0.21280
36.4842,0.21195
36.5217,0.21111
36.5593,0.21026
36.5969,0.20953
36.6345,0.20880
36.6720,0.20807
36.7096,0.20735
36.7472,0.20674
36.7848,0.20625
36.8223,0.20577
36.8599,0.20528
36.8975,0.20492
36.9351,0.20456
36.9726,0.20419
37.0102,0.20383
37.0478,0.20359
37.0853,0.20334
37.1229,0.20334
37.1605,0.20334
37.1981,0.20334
37.2356,0.20359
37.2732,0.20383
37.3108,0.20407
37.3484,0.20419
37.3859,0.20456
37.4235,0.20504
37.4611,0.20553
37.4987,0.20613
37.5362,0.20674
37.5738,0.20735
37.6114,0.20795
37.6490,0.20880
37.6865,0.20965
37.7241,0.21050
37.7617,0.21135
37.7992,0.21232
37.8368,0.21329
37.8744,0.21426
37.9120,0.21535
37.9495,0.21656
37.9871,0.21778
38.0247,0.21899
38.0623,0.22008
38.0998,0.22141
38.1374,0.22275
38.1750,0.22408
38.2126,0.22542
38.2501,0.22687
38.2877,0.22808
38.3253,0.22942
38.3629,0.23087
38.4004,0.23257
38.4380,0.23403
38.4756,0.23524
38.5132,0.23657
38.5507,0.23803
38.5883,0.23936
38.6259,0.24094
38.6634,0.24227
38.7010,0.24361
38.7386,0.24494
38.7762,0.24628
38.8137,0.24761
38.8513,0.24894
38.8889,0.24993
38.9265,0.25146
38.9640,0.25249
39.0016,0.25352
39.0392,0.25440
39.0768,0.25525
39.1143,0.25622
39.1519,0.25707
39.1895,0.25792
39.2271,0.25865
39.2646,0.25925
39.3022,0.25974
39.3398,0.26022
39.3773,0.26083
39.4149,0.26131
39.4525,0.26156
39.4901,0.26168
39.5276,0.26192
39.5652,0.26204
39.6028,0.26204
39.6404,0.26180
39.6779,0.26143
39.7155,0.26119
39.7531,0.26107
39.7907,0.26059
39.8282,0.26010
39.8658,0.25949
39.9034,0.25877
39.9410,0.25828
39.9785,0.25758
40.0161,0.25725
40.0537,0.25610
40.0913,0.25525
40.1288,0.25416
40.1664,0.25355
40.2040,0.25238
40.2415,0.25147
40.2791,0.25031
40.3167,0.24919
40.3543,0.24797
40.3918,0.24676
40.4294,0.24543
40.4670,0.24421
40.5046,0.24312
40.5421,0.24179
40.5797,0.24058
40.6173,0.23912
40.6549,0.23803
40.6924,0.23657
40.7300,0.23536
40.7676,0.23403
40.8052,0.23257
40.8427,0.23136
40.8803,0.23002
40.9179,0.22881
40.9554,0.22748
40.9930,0.22614
41.0306,0.22481
41.0682,0.22372
41.1057,0.22238
41.1433,0.22129
41.1809,0.22008
41.2185,0.21875
41.2560,0.21765
41.2936,0.21656
41.3312,0.21559
41.3688,0.21474
41.4063,0.21377
41.4439,0.21268
41.4815,0.21171
41.5191,0.21086
41.5566,0.21001
41.5942,0.20929
41.6318,0.20856
41.6694,0.20795
41.7069,0.20735
41.7445,0.20662
41.7821,0.20601
41.8196,0.20553
41.8572,0.20516
41.8948,0.20492
41.9324,0.20444
41.9699,0.20407
42.0075,0.20371
42.0451,0.20359
42.0827,0.20347
42.1202,0.20334
42.1578,0.20334
42.1954,0.20347
42.2330,0.20371
42.2705,0.20395
42.3081,0.20407
42.3457,0.20444
42.3833,0.20468
42.4208,0.20516
42.4584,0.20577
42.4960,0.20638
42.5335,0.20686
42.5711,0.20735
42.6087,0.20819
42.6463,0.20892
42.6838,0.20989
42.7214,0.21074
42.7590,0.21159
42.7966,0.21256
42.8341,0.21353
42.8717,0.21450
42.9093,0.21559
42.9469,0.21668
42.9844,0.21802
43.0220,0.21923
43.0596,0.22032
43.0972,0.22166
43.1347,0.22299
43.1723,0.22420
43.2099,0.22578
43.2475,0.22711
43.2850,0.22845
43.3226,0.22966
43.3602,0.23112
43.3977,0.23270
43.4353,0.23427
43.4729,0.23548
43.5105,0.23682
43.5480,0.23827
43.5856,0.23960
43.6232,0.24118
43.6608,0.24252
43.6983,0.24385
43.7359,0.24518
43.7735,0.24652
43.8111,0.24785
43.8486,0.24906
43.8862,0.25018
43.9238,0.25146
43.9614,0.25274
43.9989,0.25378
44.0365,0.25464
44.0741,0.25549
44.1116,0.25634
44.1492,0.25731
44.1868,0.25792
44.2244,0.25877
44.2619,0.25925
44.2995,0.25974
44.3371,0.26022
44.3747,0.26083
44.4122,0.26131
44.4498,0.26156
44.4874,0.26168
44.5250,0.26192
44.5625,0.26204
44.6001,0.26192
44.6377,0.26156
44.6753,0.26143
44.7128,0.26119
44.7504,0.26083
44.7880,0.26046
44.8256,0.25986
44.8631,0.25925
44.9007,0.25877
44.9383,0.25816
44.9758,0.25743
45.0134,0.25670
45.0510,0.25573
45.0886,0.25489
45.1261,0.25404
45.1637,0.25329
45.2013,0.25237
45.2389,0.25121
45.2764,0.24993
45.3140,0.24890
45.3516,0.24774
45.3892,0.24652
45.4267,0.24518
45.4643,0.24397
45.5019,0.24288
45.5395,0.24167
45.5770,0.24033
45.6146,0.23888
45.6522,0.23766
45.6897,0.23645
45.7273,0.23512
45.7649,0.23391
45.8025,0.23233
45.8400,0.23112
45.8776,0.22990
45.9152,0.22857
45.9528,0.22736
45.9903,0.22590
46.0279,0.22469
46.0655,0.22360
46.1031,0.22238
46.1406,0.22105
46.1782,0.21984
46.2158,0.21875
46.2534,0.21778
46.2909,0.21668
46.3285,0.21559
46.3661,0.21462
46.4037,0.21353
46.4412,0.21268
46.4788,0.21171
46.5164,0.21086
46.5539,0.21001
46.5915,0.20941
46.6291,0.20856
46.6667,0.20795
46.7042,0.20722
46.7418,0.20662
46.7794,0.20613
46.8170,0.20565
46.8545,0.20528
46.8921,0.20492
46.9297,0.20456
46.9673,0.20407
47.0048,0.20371
47.0424,0.20359
47.0800,0.20347
47.1176,0.20334
47.1551,0.20334
47.1927,0.20347
47.2303,0.20371
47.2678,0.20395
47.3054,0.20407
47.3430,0.20444
47.3806,0.20480
47.4181,0.20528
47.4557,0.20577
47.4933,0.20638
47.5309,0.20698
47.5684,0.20759
47.6060,0.20832
47.6436,0.20904
47.6812,0.20989
47.7187,0.21074
47.7563,0.21171
47.7939,0.21268
47.8315,0.21341
47.8690,0.21450
47.9066,0.21571
47.9442,0.21693
47.9817,0.21802
48.0193,0.21911
48.0569,0.22044
48.0945,0.22166
48.1320,0.22311
48.1696,0.22445
48.2072,0.22590
48.2448,0.22711
48.2823,0.22845
48.3199,0.22990
48.3575,0.23160
48.3951,0.23293
48.4326,0.23415
48.4702,0.23560
48.5078,0.23706
48.5454,0.23863
48.5829,0.24009
48.6205,0.24130
48.6581,0.24264
48.6957,0.24397
48.7332,0.24543
48.7708,0.24676
48.8084,0.24797
48.8459,0.24919
48.8835,0.25028
48.9211,0.25171
48.9587,0.25288
48.9962,0.25392
49.0338,0.25464
49.0714,0.25561
49.1090,0.25646
49.1465,0.25731
49.1841,0.25804
49.2217,0.25877
49.2593,0.25925
49.2968,0.25974
49.3344,0.26034
49.3720,0.26083
49.4096,0.26131
49.4471,0.26156
49.4847,0.26180
49.5223,0.26192
49.5598,0.26204
49.5974,0.26192
49.6350,0.26156
49.6726,0.26143
49.7101,0.26119
49.7477,0.26083
49.7853,0.26046
49.8229,0.25986
49.8604,0.25913
49.8980,0.25865
49.9356,0.25804
49.9732,0.25742
50.0107,0.25704
50.0483,0.25573
50.0859,0.25476
50.1235,0.25392
50.1610,0.25316
50.1986,0.25211
50.2362,0.25108
50.2738,0.24980
50.3113,0.24865
50.3489,0.24761
50.3865,0.24640
50.4240,0.24506
50.4616,0.24397
50.4992,0.24264
50.5368,0.24142
50.5743,0.24021
50.6119,0.23876
50.6495,0.23754
50.6871,0.23633
50.7246,0.23500
50.7622,0.23366
50.7998,0.23209
50.8374,0.23087
50.8749,0.22978
50.9125,0.22845
50.9501,0.22723
50.9877,0.22578
51.0252,0.22457
51.0628,0.22348
51.1004,0.22226
51.1379,0.22105
51.1755,0.21972
51.2131,0.21862
51.2507,0.21753
51.2882,0.21656
51.3258,0.21547
51.3634,0.21438
51.4010,0.21341
51.4385,0.21244
51.4761,0.21159
51.5137,0.21074
51.5513,0.20989
51.5888,0.20916
51.6264,0.20844
51.6640,0.20783
51.7016,0.20722
51.7391,0.20662
51.7767,0.20613
51.8143,0.20565
51.8519,0.20528
51.8894,0.20480
51.9270,0.20444
51.9646,0.20407
52.0021,0.20371
52.0397,0.20359
52.0773,0.20347
52.1149,0.20334
52.1524,0.20334
52.1900,0.20347
52.2276,0.20371
52.2652,0.20395
52.3027,0.20407
52.3403,0.20444
52.3779,0.20480
52.4155,0.20541
52.4530,0.20589
52.4906,0.20638
52.5282,0.20698
52.5658,0.20759
52.6033,0.20832
52.6409,0.20916
52.6785,0.20989
52.7160,0.21074
52.7536,0.21171
52.7912,0.21268
52.8288,0.21365
52.8663,0.21474
52.9039,0.21596
52.9415,0.21705
52.9791,0.21826
53.0166,0.21935
53.0542,0.22056
53.0918,0.22190
53.1294,0.22335
53.1669,0.22469
53.2045,0.22602
53.2421,0.22736
53.2797,0.22869
53.3172,0.23015
53.3548,0.23161
53.3924,0.23306
53.4300,0.23451
53.4675,0.23585
53.5051,0.23730
53.5427,0.23863
53.5802,0.24021
53.6178,0.24167
53.6554,0.24288
53.6930,0.24421
53.7305,0.24555
53.7681,0.24700
53.8057,0.24822
53.8433,0.24931
53.8808,0.25064
53.9184,0.25184
53.9560,0.25300
53.9936,0.25404
54.0311,0.25489
54.0687,0.25573
54.1063,0.25670
54.1439,0.25743
54.1814,0.25816
54.2190,0.25889
54.2566,0.25937
54.2941,0.25986
54.3317,0.26046
54.3693,0.26095
54.4069,0.26143
54.4444,0.26156
54.4820,0.26180
54.5196,0.26192
54.5572,0.26204
54.5947,0.26192
54.6323,0.26156
54.6699,0.26131
54.7075,0.26119
54.7450,0.26071
54.7826,0.26034
54.8202,0.25974
54.8578,0.25913
54.8953,0.25852
54.9329,0.25804
54.9705,0.25719
55.0081,0.25646
55.0456,0.25561
55.0832,0.25464
55.1208,0.25367
55.1583,0.25303
55.1959,0.25211
55.2335,0.25082
55.2711,0.24967
55.3086,0.24865
55.3462,0.24737
55.3838,0.24628
55.4214,0.24494
55.4589,0.24373
55.4965,0.24239
55.5341,0.24130
55.5717,0.24009
55.6092,0.23876
55.6468,0.23718
55.6844,0.23609
55.7220,0.23488
55.7595,0.23354
55.7971,0.23221
55.8347,0.23063
55.8722,0.22954
55.9098,0.22821
55.9474,0.22699
55.9850,0.22578
56.0225,0.22432
56.0601,0.22311
56.0977,0.22202
56.1353,0.22081
56.1728,0.21959
56.2104,0.21838
56.2480,0.21729
56.2856,0.21620
56.3231,0.21523
56.3607,0.21438
56.3983,0.21329
56.4359,0.21244
56.4734,0.21147
56.5110,0.21062
56.5486,0.20989
56.5862,0.20916
56.6237,0.20844
56.6613,0.20783
56.6989,0.20710
56.7364,0.20638
56.7740,0.20589
56.8116,0.20541
56.8492,0.20504
56.8867,0.20468
56.9243,0.20444
56.9619,0.20407
56.9995,0.20371
57.0370,0.20359
57.0746,0.20347
57.1122,0.20334
57.1498,0.20334
57.1873,0.20347
57.2249,0.20383
57.2625,0.20395
57.3001,0.20419
57.3376,0.20444
57.3752,0.20492
57.4128,0.20541
57.4503,0.20589
57.4879,0.20650
57.5255,0.20698
57.5631,0.20771
57.6006,0.20832
57.6382,0.20929
57.6758,0.21014
57.7134,0.21098
57.7509,0.21195
57.7885,0.21292
57.8261,0.21389
57.8637,0.21486
57.9012,0.21596
57.9388,0.21717
57.9764,0.21838
58.0140,0.21947
58.0515,0.22069
58.0891,0.22214
58.1267,0.22348
58.1643,0.22481
58.2018,0.22626
58.2394,0.22760
58.2770,0.22893
58.3145,0.23039
58.3521,0.23172
58.3897,0.23330
58.4273,0.23475
58.4648,0.23609
58.5024,0.23754
58.5400,0.23888
58.5776,0.24045
58.6151,0.24179
58.6527,0.24300
58.6903,0.24446
58.7279,0.24579
58.7654,0.24725
58.8030,0.24846
58.8406,0.24943
58.8782,0.25064
58.9157,0.25210
58.9533,0.25313
58.9909,0.25404
59.0284,0.25501
59.0660,0.25586
59.1036,0.25670
59.1412,0.25755
59.1787,0.25828
59.2163,0.25889
59.2539,0.25949
59.2915,0.25998
59.3290,0.26046
59.3666,0.26095
59.4042,0.26143
59.4418,0.26168
59.4793,0.26180
59.5169,0.26204
59.5545,0.26204
59.5921,0.26192
59.6296,0.26156
59.6672,0.26131
59.7048,0.26107
59.7424,0.26071
59.7799,0.26022
59.8175,0.25974
59.8551,0.25913
59.8926,0.25840
59.9302,0.25773
59.9678,0.25742
60.0054,0.25634
60.0429,0.25549
60.0805,0.25464
60.1181,0.25367
60.1557,0.25270
60.1932,0.25186
60.2308,0.25069
60.2684,0.24929
60.3060,0.24839
60.3435,0.24712
60.3811,0.24615
60.4187,0.24470
60.4563,0.24349
60.4938,0.24239
60.5314,0.24106
60.5690,0.23985
60.6065,0.23839
60.6441,0.23706
60.6817,0.23597
60.7193,0.23463
60.7568,0.23330
60.7944,0.23184
60.8320,0.23039
60.8696,0.22942
60.9071,0.22808
60.9447,0.22675
60.9823,0.22554
61.0199,0.22408
61.0574,0.22299
61.0950,0.22178
61.1326,0.22069
61.1702,0.21947
61.2077,0.21814
61.2453,0.21705
61.2829,0.21608
61.3205,0.21511
61.3580,0.21402
61.3956,0.21317
61.4332,0.21220
61.4707,0.21135
61.5083,0.21050
61.5459,0.20977
61.5835,0.20892
61.6210,0.20819
61.6586,0.20759
61.6962,0.20698
61.7338,0.20638
61.7713,0.20589
61.8089,0.20541
61.8465,0.20504
61.8841,0.20468
61.9216,0.20431
61.9592,0.20395
61.9968,0.20371
62.0344,0.20359
62.0719,0.20334
62.1095,0.20334
62.1471,0.20334
62.1846,0.20359
62.2222,0.20383
62.2598,0.20395
62.2974,0.20419
62.3349,0.20456
62.3725,0.20504
62.4101,0.20541
62.4477,0.20601
62.4852,0.20650
62.5228,0.20710
62.5604,0.20771
62.5980,0.20856
62.6355,0.20941
62.6731,0.21014
62.7107,0.21111
62.7483,0.21195
62.7858,0.21292
62.8234,0.21414
62.8610,0.21511
62.8986,0.21620
62.9361,0.21729
62.9737,0.21850
63.0113,0.21984
63.0488,0.22105
63.0864,0.22238
63.1240,0.22360
63.1616,0.22493
63.1991,0.22626
63.2367,0.22784
63.2743,0.22930
63.3119,0.23063
63.3494,0.23196
63.3870,0.23342
63.4246,0.23475
63.4622,0.23645
63.4997,0.23791
63.5373,0.23912
63.5749,0.24045
63.6125,0.24191
63.6500,0.24349
63.6876,0.24470
63.7252,0.24603
63.7627,0.24712
63.8003,0.24834
63.8379,0.24979
63.8755,0.25088
63.9130,0.25210
63.9506,0.25327
63.9882,0.25416
64.0258,0.25513
64.0633,0.25610
64.1009,0.25695
64.1385,0.25767
64.1761,0.25840
64.2136,0.25901
64.2512,0.25962
64.2888,0.26010
64.3264,0.26059
64.3639,0.26107
64.4015,0.26143
64.4391,0.26168
64.4767,0.26180
64.5142,0.26204
64.5518,0.26204
64.5894,0.26180
64.6269,0.26156
64.6645,0.26131
64.7021,0.26107
64.7397,0.26071
64.7772,0.26010
64.8148,0.25962
64.8524,0.25901
64.8900,0.25840
64.9275,0.25780
64.9651,0.25707
65.0027,0.25622
65.0403,0.25537
65.0778,0.25440
65.1154,0.25355
65.1530,0.25258
65.1906,0.25173
65.2281,0.25044
65.2657,0.24929
65.3033,0.24813
65.3408,0.24699
65.3784,0.24591
65.4160,0.24457
65.4536,0.24324
65.4911,0.24215
65.5287,0.24082
65.5663,0.23960
65.6039,0.23815
65.6414,0.23694
65.6790,0.23572
65.7166,0.23439
65.7542,0.23318
65.7917,0.23160
65.8293,0.23039
65.8669,0.22893
65.9045,0.22784
65.9420,0.22651
65.9796,0.22542
66.0172,0.22396
66.0548,0.22275
66.0923,0.22153
66.1299,0.22032
66.1675,0.21935
66.2050,0.21826
66.2426,0.21705
66.2802,0.21596
66.3178,0.21486
66.3553,0.21389
66.3929,0.21305
66.4305,0.21220
66.4681,0.21123
66.5056,0.21026
66.5432,0.20953
66.5808,0.20880
66.6184,0.20819
66.6559,0.20759
66.6935,0.20698
66.7311,0.20625
66.7687,0.20577
66.8062,0.20541
66.8438,0.20492
66.8814,0.20456
66.9189,0.20419
66.9565,0.20383
66.9941,0.20371
67.0317,0.20347
67.0692,0.20347
67.1068,0.20334
67.1444,0.20334
67.1820,0.20359
67.2195,0.20383
67.2571,0.20407
67.2947,0.20419
67.3323,0.20456
67.3698,0.20504
67.4074,0.20553
67.4450,0.20613
67.4826,0.20662
67.5201,0.20722
67.5577,0.20795
67.5953,0.20868
67.6329,0.20953
67.6704,0.21038
67.7080,0.21123
67.7456,0.21220
67.7831,0.21305
67.8207,0.21402
67.8583,0.21535
67.8959,0.21644
67.9334,0.21765
67.9710,0.21875
68.0086,0.21984
68.0462,0.22117
68.0837,0.22251
68.1213,0.22396
68.1589,0.22529
68.1965,0.22663
68.2340,0.22796
68.2716,0.22942
68.3092,0.23063
68.3468,0.23233
68.3843,0.23378
68.4219,0.23500
68.4595,0.23633
68.4970,0.23779
68.5346,0.23936
68.5722,0.24082
68.6098,0.24203
68.6473,0.24336
68.6849,0.24470
68.7225,0.24615
68.7601,0.24749
68.7976,0.24870
68.8352,0.24979
68.8728,0.25100
68.9104,0.25222
68.9479,0.25352
68.9855,0.25428
69.0231,0.25525
69.0607,0.25610
69.0982,0.25707
69.1358,0.25780
69.1734,0.25840
69.2110,0.25913
69.2485,0.25962
69.2861,0.26010
69.3237,0.26059
69.3612,0.26119
69.3988,0.26156
69.4364,0.26168
69.4740,0.26192
69.5115,0.26204
69.5491,0.26204
69.5867,0.26168
69.6243,0.26143
69.6618,0.26131
69.6994,0.26107
69.7370,0.26071
69.7746,0.26034
69.8121,0.26010
69.8497,0.25998
