# Mok, D.P. (2001), PhD thesis, Univ. Stuttgart, Bild 6.6 (p. 135).
# 32x32 Q1Q1 fluid, 16 nine-node elements, dt = 0.1 s.
# Openings: unconstrained nodes at the top of the side walls
# (mesh-dependent opening). Method: exact extraction of the PDF
# vector path, calibrated against the axis-label bounding boxes and
# the drawn zero line. Group A. Context only.
# Columns: time [s], midpoint vertical displacement uy [m]
time_s,uy_m
0.0014,0.00052
1.1962,0.00052
1.2873,0.00088
1.3958,0.00088
1.4856,0.00121
1.5941,0.00157
1.6852,0.00227
1.7937,0.00296
1.8847,0.00400
1.9932,0.00505
2.1018,0.00645
2.1916,0.00820
2.3001,0.01062
2.3911,0.01307
2.4996,0.01586
2.5907,0.01898
2.6992,0.02282
2.7890,0.02666
2.8975,0.03084
2.9886,0.03537
3.0971,0.04025
3.1869,0.04546
3.2966,0.05069
3.3864,0.05593
3.4949,0.06150
3.5860,0.06673
3.6945,0.07230
3.7843,0.07753
3.8928,0.08274
4.0026,0.08831
4.0924,0.09321
4.2009,0.09842
4.2919,0.10365
4.4004,0.10853
4.4902,0.11340
4.5988,0.11830
4.6898,0.12281
4.7983,0.12701
4.8894,0.13153
4.9979,0.13570
5.0877,0.14060
5.1962,0.14547
5.2872,0.15035
5.3958,0.15558
5.4868,0.16046
5.5953,0.16463
5.6851,0.16742
5.7936,0.16917
5.8847,0.16987
5.9932,0.16917
6.1017,0.16742
6.1927,0.16533
6.3013,0.16254
6.3911,0.15940
6.4996,0.15592
6.5906,0.15244
6.6991,0.14896
6.7902,0.14581
6.8987,0.14269
6.9885,0.14024
7.1881,0.13640
7.2966,0.13537
7.3876,0.13501
7.4961,0.13501
7.5859,0.13606
7.6944,0.13746
7.7855,0.13990
7.8940,0.14269
8.0025,0.14651
8.0936,0.15068
8.2021,0.15558
8.2919,0.16046
8.4004,0.16602
8.4914,0.17159
8.5999,0.17716
8.6910,0.18276
8.7995,0.18866
8.8893,0.19390
8.9978,0.19947
9.0889,0.20437
9.1974,0.20924
9.2884,0.21375
9.3969,0.21726
9.4867,0.22004
9.5953,0.22177
9.6863,0.22247
9.7948,0.22213
9.9033,0.22107
9.9944,0.21899
10.1029,0.21620
10.1927,0.21202
10.3012,0.20749
10.3923,0.20225
10.5008,0.19668
10.5918,0.19078
10.7003,0.18449
10.7901,0.17858
10.8986,0.17265
10.9897,0.16672
11.0982,0.16115
11.1892,0.15628
11.2978,0.15140
11.3876,0.14720
11.4961,0.14372
11.5871,0.14060
11.6956,0.13815
11.7854,0.13606
11.8952,0.13501
12.0037,0.13431
12.0935,0.13431
12.2020,0.13467
12.2931,0.13606
12.4016,0.13782
12.4926,0.14024
12.6011,0.14339
12.7995,0.15104
12.8905,0.15522
12.9990,0.16010
13.0888,0.16499
13.1986,0.17020
13.2884,0.17508
13.3969,0.17995
13.4879,0.18485
13.5964,0.18902
13.6862,0.19320
13.7948,0.19704
13.9045,0.20052
13.9943,0.20401
14.1028,0.20679
14.1939,0.20958
14.3922,0.21342
14.5007,0.21445
14.5918,0.21481
14.7003,0.21411
14.7913,0.21236
14.8998,0.20994
14.9896,0.20713
15.0981,0.20331
15.1892,0.19947
15.2977,0.19529
15.3875,0.19111
15.4973,0.18694
15.5871,0.18309
15.8041,0.17613
15.8951,0.17299
16.0036,0.16987
16.0934,0.16672
16.2032,0.16394
16.2930,0.16115
16.4015,0.15837
16.4926,0.15558
16.6011,0.15313
16.6909,0.15104
16.8006,0.14929
16.8904,0.14790
16.9990,0.14687
17.0900,0.14617
17.1985,0.14617
17.2883,0.14651
17.3968,0.14720
17.4879,0.14826
17.5964,0.14999
17.6874,0.15208
17.7960,0.15486
17.9045,0.15801
17.9943,0.16115
18.1028,0.16499
18.1938,0.16917
18.3023,0.17335
18.3934,0.17786
18.5019,0.18206
18.5917,0.18624
18.7002,0.19042
18.7913,0.19426
18.8998,0.19774
18.9908,0.20122
19.0993,0.20437
19.1891,0.20713
19.2976,0.20958
19.3887,0.21133
19.4972,0.21272
19.5883,0.21375
19.6968,0.21375
19.8053,0.21342
19.8951,0.21202
20.0036,0.20994
20.0946,0.20749
20.2032,0.20401
20.2942,0.20016
20.4027,0.19635
20.4925,0.19217
20.6010,0.18797
20.6921,0.18415
20.8006,0.17995
20.8916,0.17613
21.0001,0.17265
21.0899,0.16881
21.1985,0.16533
21.2895,0.16185
21.3980,0.15837
21.4891,0.15486
21.7061,0.14929
21.7959,0.14687
21.9044,0.14478
21.9955,0.14339
22.1040,0.14233
22.1950,0.14199
22.3035,0.14233
22.3933,0.14303
22.5018,0.14442
22.5929,0.14617
22.7014,0.14860
22.7925,0.15174
22.9010,0.15486
22.9908,0.15870
23.0993,0.16288
23.1903,0.16742
23.2988,0.17195
23.3899,0.17647
23.4984,0.18137
23.5882,0.18588
23.6967,0.19006
23.8052,0.19459
23.8963,0.19844
24.0048,0.20225
24.0958,0.20540
24.2043,0.20854
24.2941,0.21097
24.4027,0.21306
24.4937,0.21445
24.6022,0.21514
24.6933,0.21514
24.8018,0.21445
24.8916,0.21306
25.0001,0.21097
25.0911,0.20785
25.1997,0.20437
25.2895,0.20016
25.3992,0.19565
25.4890,0.19145
25.7060,0.18240
25.7971,0.17822
25.9056,0.17404
25.9954,0.17020
26.1052,0.16672
26.1950,0.16324
26.3035,0.16010
26.3945,0.15697
26.5030,0.15383
26.5928,0.15140
26.7026,0.14896
26.7924,0.14651
26.9009,0.14478
26.9920,0.14372
27.1005,0.14269
27.1903,0.14269
27.2988,0.14303
27.3898,0.14372
27.4983,0.14511
27.5881,0.14720
27.6979,0.14965
27.8064,0.15244
27.8962,0.15592
28.0047,0.15940
28.0958,0.16358
28.2043,0.16778
28.2953,0.17229
28.4038,0.17716
28.4936,0.18170
28.6022,0.18624
28.6932,0.19078
28.8017,0.19495
28.8915,0.19877
29.0013,0.20261
29.0911,0.20576
29.1996,0.20854
29.2906,0.21063
29.3992,0.21236
29.4890,0.21375
29.5975,0.21411
29.7072,0.21411
29.7970,0.21342
29.9055,0.21202
29.9966,0.21027
30.1051,0.20749
30.1949,0.20437
30.3034,0.20052
30.3945,0.19635
30.5030,0.19181
30.5940,0.18763
30.7025,0.18309
30.7923,0.17892
30.9008,0.17474
30.9919,0.17090
31.1004,0.16708
31.1915,0.16394
31.3000,0.16046
31.3898,0.15731
31.6068,0.15174
31.6978,0.14929
31.8974,0.14547
32.0059,0.14408
32.0957,0.14303
32.2042,0.14269
32.2953,0.14303
32.4038,0.14372
32.4948,0.14511
32.6034,0.14720
32.6932,0.14965
32.8017,0.15244
32.8927,0.15558
33.0012,0.15940
33.0923,0.16324
33.2008,0.16742
33.2906,0.17195
33.3991,0.17647
33.4901,0.18101
33.7072,0.19006
33.7982,0.19459
33.9067,0.19877
33.9965,0.20261
34.1050,0.20576
34.1961,0.20888
34.3957,0.21272
34.5042,0.21411
34.5940,0.21445
34.7025,0.21445
34.7935,0.21375
34.9020,0.21236
34.9931,0.21027
35.1016,0.20785
35.1914,0.20470
35.2999,0.20086
35.3910,0.19704
35.6080,0.18797
35.6990,0.18345
35.8075,0.17892
35.8973,0.17474
36.0059,0.17090
36.0969,0.16672
36.2054,0.16324
36.2965,0.16010
36.4050,0.15697
36.4948,0.15419
36.6033,0.15140
36.6943,0.14896
36.8939,0.14511
37.0024,0.14372
37.0922,0.14303
37.2007,0.14269
37.2918,0.14269
37.4003,0.14372
37.5088,0.14511
37.5999,0.14687
37.7084,0.14929
37.7982,0.15208
37.9067,0.15558
37.9977,0.15940
38.1062,0.16324
38.1973,0.16742
38.3058,0.17195
38.3956,0.17647
38.5041,0.18101
38.5952,0.18554
38.7037,0.19006
38.7935,0.19459
38.9032,0.19877
38.9930,0.20261
39.1015,0.20609
39.1926,0.20888
39.3011,0.21133
39.3909,0.21306
39.4994,0.21445
39.6092,0.21481
39.6990,0.21445
39.8075,0.21375
40.0071,0.20994
40.0969,0.20749
40.2054,0.20437
40.4049,0.19668
40.4960,0.19251
40.6045,0.18833
40.6943,0.18379
40.8028,0.17928
40.8938,0.17508
41.0024,0.17090
41.0922,0.16672
41.2019,0.16324
41.2917,0.15976
41.4002,0.15661
41.5087,0.15383
41.5998,0.15104
41.7083,0.14896
41.7981,0.14687
41.9079,0.14511
41.9977,0.14408
42.1062,0.14303
42.1972,0.14269
42.3057,0.14303
42.3955,0.14372
42.5041,0.14511
42.5951,0.14720
42.7036,0.14965
42.7947,0.15244
42.9032,0.15592
43.1015,0.16358
43.1925,0.16778
43.3010,0.17195
43.4096,0.17647
43.5006,0.18101
43.6091,0.18554
43.6989,0.19006
43.8074,0.19426
43.8985,0.19844
44.0980,0.20609
44.2066,0.20888
44.2964,0.21133
44.4049,0.21342
44.4959,0.21445
44.6044,0.21481
44.6955,0.21481
44.8040,0.21375
45.0023,0.20994
45.0934,0.20713
45.2019,0.20401
45.2929,0.20052
45.4014,0.19668
45.5099,0.19251
45.5997,0.18833
45.7082,0.18415
45.7993,0.17961
45.9078,0.17544
45.9989,0.17126
46.1074,0.16708
46.1972,0.16324
46.3057,0.15976
46.3967,0.15661
46.5052,0.15349
46.5963,0.15104
46.7048,0.14860
46.7946,0.14651
46.9031,0.14511
46.9942,0.14372
47.1027,0.14303
47.1937,0.14269
47.3022,0.14303
47.4108,0.14372
47.5006,0.14511
47.6091,0.14687
47.7001,0.14965
47.8086,0.15244
47.8997,0.15592
48.0082,0.15976
48.0980,0.16358
48.2065,0.16778
48.2975,0.17229
48.4061,0.17647
48.4971,0.18101
48.6056,0.18554
48.6954,0.19006
48.8039,0.19426
48.8950,0.19844
49.0035,0.20225
49.0945,0.20576
49.2031,0.20888
49.2929,0.21133
49.4014,0.21342
49.5099,0.21481
49.6009,0.21514
49.7094,0.21481
49.8005,0.21375
49.9090,0.21202
49.9988,0.20994
50.1073,0.20679
50.1984,0.20367
50.3069,0.20016
50.3979,0.19635
50.5064,0.19251
50.5962,0.18833
50.7047,0.18415
50.7958,0.17995
50.9043,0.17544
50.9941,0.17126
51.1039,0.16742
51.1937,0.16358
51.3022,0.15976
51.4107,0.15661
51.5017,0.15349
51.6103,0.15068
51.7001,0.14860
51.8996,0.14478
52.0081,0.14372
52.0992,0.14303
52.2077,0.14269
52.2975,0.14303
52.4060,0.14372
52.4971,0.14511
52.6056,0.14687
52.6966,0.14929
52.8051,0.15244
52.8949,0.15592
53.0034,0.15976
53.0945,0.16358
53.2030,0.16811
53.3115,0.17229
53.4026,0.17683
53.5111,0.18137
53.6009,0.18554
53.7094,0.19006
53.8004,0.19426
53.9987,0.20192
54.1085,0.20576
54.1983,0.20854
54.3068,0.21133
54.3979,0.21342
54.5064,0.21481
54.5962,0.21514
54.7059,0.21514
54.7957,0.21411
54.9043,0.21236
54.9953,0.20994
55.1038,0.20679
55.1936,0.20367
55.4119,0.19599
55.5017,0.19217
55.6102,0.18797
55.7012,0.18379
55.8098,0.17995
55.8996,0.17577
56.0081,0.17159
56.0991,0.16742
56.2076,0.16358
56.2987,0.16010
56.4072,0.15661
56.4970,0.15349
56.6055,0.15068
56.6966,0.14826
56.8051,0.14651
56.8961,0.14478
57.0046,0.14339
57.0944,0.14269
57.2029,0.14269
57.3115,0.14303
57.4025,0.14372
57.5110,0.14511
57.6021,0.14687
57.7106,0.14929
57.8004,0.15244
57.9089,0.15592
57.9999,0.15976
58.1084,0.16358
58.1995,0.16811
58.3080,0.17265
58.3978,0.17716
58.5063,0.18137
58.5974,0.18588
58.7059,0.19006
58.7969,0.19426
58.9952,0.20192
59.1038,0.20540
59.2123,0.20854
59.3033,0.21097
59.4118,0.21306
59.5029,0.21445
59.6114,0.21514
59.7012,0.21514
59.8097,0.21445
59.9008,0.21272
60.0093,0.20994
60.1003,0.20713
60.2088,0.20367
60.2986,0.19983
60.4071,0.19599
60.4982,0.19181
60.6067,0.18763
60.6977,0.18379
60.8063,0.17961
60.8961,0.17544
61.0046,0.17159
61.0956,0.16778
61.2041,0.16394
61.3126,0.16046
61.4037,0.15697
61.5122,0.15383
61.6020,0.15104
61.7105,0.14860
61.8016,0.14651
61.9101,0.14478
62.0011,0.14339
62.1096,0.14269
62.1994,0.14233
62.3080,0.14269
62.3990,0.14372
62.5075,0.14511
62.5986,0.14687
62.7071,0.14929
62.7969,0.15244
62.9054,0.15558
62.9964,0.15940
63.1049,0.16358
63.2135,0.16811
63.3045,0.17265
63.4130,0.17716
63.5028,0.18170
63.6113,0.18624
63.7024,0.19042
63.8109,0.19459
63.9007,0.19844
64.0105,0.20192
64.1003,0.20540
64.2088,0.20854
64.2998,0.21097
64.4083,0.21306
64.4981,0.21445
64.6079,0.21514
64.6977,0.21514
64.8062,0.21445
64.8973,0.21272
65.0058,0.21027
65.1143,0.20713
65.2041,0.20367
65.3138,0.19983
65.4036,0.19565
65.5121,0.19145
65.6032,0.18727
65.7117,0.18345
65.8015,0.17928
65.9100,0.17544
66.0011,0.17159
66.1096,0.16778
66.2006,0.16394
66.3091,0.16046
66.3989,0.15697
66.5075,0.15419
66.5985,0.15104
66.7070,0.14860
66.7968,0.14651
66.9066,0.14478
66.9964,0.14339
67.1049,0.14269
67.2134,0.14233
67.3045,0.14269
67.4130,0.14372
67.5028,0.14511
67.6125,0.14687
67.7023,0.14929
67.8108,0.15208
67.9019,0.15558
68.0104,0.15940
68.1002,0.16358
68.2100,0.16778
68.2998,0.17265
68.4083,0.17716
68.4993,0.18170
68.6078,0.18624
68.6976,0.19042
68.8061,0.19459
68.8972,0.19844
69.0057,0.20225
69.1142,0.20540
69.2053,0.20854
69.3138,0.21097
69.4036,0.21306
69.5133,0.21445
69.6031,0.21514
69.7117,0.21514
69.8027,0.21445
69.9112,0.21272
