# Valdes Vazquez, J.G. (2007), PhD thesis, UPC Barcelona,
# Fig. 5.12 (thesis p. 161), curve 'Present work'.
# 2D plane-stress nine-node elements, 32x32 fluid, dt = 0.01 s.
# Method: exact extraction of the PDF vector path (pdftocairo SVG),
# calibrated against the figure's own axis tick marks.
# Group B definition: linear inflow v(8y-7), p = 0 outlet.
# Columns: time [s], midpoint vertical displacement uy [m]
time_s,uy_m
0.0000,-0.00000
0.2028,-0.00000
0.2988,-0.00011
0.3463,-0.00011
0.4057,-0.00022
0.4532,-0.00034
0.5016,-0.00056
0.5966,-0.00089
0.6441,-0.00101
0.7044,-0.00123
0.7994,-0.00168
0.8944,-0.00224
0.9429,-0.00247
1.0023,-0.00269
1.0498,-0.00302
1.0973,-0.00324
1.1457,-0.00348
1.2051,-0.00358
1.3010,-0.00393
1.3960,-0.00415
1.4435,-0.00425
1.5029,-0.00425
1.5989,-0.00415
1.6464,-0.00403
1.6948,-0.00381
1.7423,-0.00348
1.8017,-0.00314
1.8976,-0.00224
1.9451,-0.00168
2.0045,-0.00101
2.0520,-0.00034
2.1004,0.00045
2.1479,0.00134
2.1954,0.00224
2.2430,0.00324
2.3033,0.00437
2.3983,0.00684
2.4458,0.00818
2.5061,0.00952
2.5536,0.01098
2.6011,0.01255
2.6495,0.01411
2.6961,0.01580
2.7445,0.01758
2.8039,0.01938
2.8999,0.02308
2.9474,0.02499
2.9949,0.02700
3.0424,0.02902
3.1018,0.03103
3.1502,0.03315
3.1977,0.03529
3.2452,0.03742
3.3055,0.03955
3.3530,0.04179
3.4005,0.04403
3.4964,0.04840
3.5440,0.05063
3.6033,0.05288
3.6984,0.05735
3.7943,0.06184
3.8418,0.06408
3.9012,0.06620
3.9971,0.07047
4.0446,0.07260
4.1040,0.07472
4.1999,0.07886
4.2950,0.08290
4.3434,0.08502
4.4028,0.08704
4.4503,0.08906
4.4978,0.09097
4.5462,0.09298
4.6056,0.09489
4.7015,0.09869
4.7965,0.10228
4.8440,0.10395
4.9034,0.10553
4.9518,0.10698
4.9994,0.10844
5.0944,0.11124
5.1428,0.11258
5.2022,0.11381
5.2972,0.11650
5.3456,0.11796
5.4050,0.11942
5.5000,0.12278
5.5960,0.12636
5.6435,0.12827
5.7028,0.13017
5.7513,0.13208
5.7988,0.13376
5.8463,0.13532
5.9066,0.13667
5.9541,0.13791
6.0016,0.13880
6.0491,0.13947
6.0966,0.13981
6.1450,0.13992
6.2044,0.13981
6.2519,0.13947
6.2994,0.13891
6.3470,0.13824
6.3954,0.13734
6.4429,0.13645
6.5023,0.13554
6.5982,0.13365
6.6457,0.13275
6.7051,0.13185
6.8010,0.13028
6.8960,0.12894
6.9445,0.12839
7.0038,0.12793
7.0989,0.12703
7.1948,0.12625
7.2423,0.12592
7.3017,0.12569
7.3501,0.12547
7.3976,0.12535
7.4451,0.12535
7.5045,0.12547
7.5520,0.12569
7.6004,0.12602
7.6480,0.12636
7.6955,0.12692
7.7439,0.12759
7.8033,0.12849
7.8508,0.12939
7.8983,0.13040
7.9458,0.13151
8.0061,0.13286
8.0536,0.13432
8.1011,0.13577
8.1495,0.13734
8.1970,0.13913
8.2445,0.14104
8.3039,0.14317
8.3524,0.14540
8.3999,0.14776
8.4474,0.15022
8.4949,0.15280
8.5424,0.15559
8.6027,0.15840
8.6502,0.16132
8.6977,0.16434
8.7452,0.16736
8.8055,0.17050
8.9005,0.17677
8.9965,0.18327
9.0440,0.18663
9.1034,0.18988
9.1509,0.19313
9.1993,0.19638
9.2468,0.19951
9.2943,0.20243
9.3418,0.20523
9.4021,0.20792
9.4496,0.21038
9.4971,0.21262
9.5455,0.21464
9.6049,0.21643
9.6524,0.21811
9.7000,0.21956
9.7475,0.22080
9.7959,0.22181
9.8434,0.22248
9.9028,0.22293
9.9265,0.22304
9.9512,0.22304
9.9978,0.22281
10.1056,0.22181
10.1531,0.22102
10.2015,0.22013
10.2965,0.21811
10.3441,0.21699
10.4044,0.21565
10.4519,0.21419
10.4994,0.21262
10.5469,0.21083
10.5953,0.20870
10.6428,0.20634
10.7022,0.20389
10.7497,0.20119
10.7972,0.19840
10.8456,0.19548
10.9050,0.19246
10.9525,0.18955
11.0010,0.18663
11.0485,0.18394
11.0960,0.18137
11.1435,0.17902
11.2029,0.17677
11.2988,0.17274
11.3463,0.17084
11.3947,0.16904
11.4422,0.16736
11.5016,0.16580
11.5491,0.16422
11.5975,0.16288
11.6451,0.16176
11.7044,0.16075
11.7519,0.15997
11.8004,0.15952
11.8479,0.15930
11.8954,0.15930
11.9429,0.15952
12.0032,0.16008
12.0507,0.16075
12.0982,0.16176
12.1457,0.16288
12.2060,0.16434
12.2535,0.16602
12.3010,0.16781
12.3485,0.16983
12.3961,0.17195
12.4445,0.17430
12.5039,0.17677
12.5514,0.17935
12.5998,0.18215
12.6473,0.18506
12.6948,0.18809
12.7423,0.19123
12.8017,0.19437
12.8501,0.19761
12.8976,0.20097
12.9451,0.20433
13.0045,0.20769
13.1005,0.21441
13.1480,0.21778
13.1964,0.22102
13.2439,0.22428
13.3033,0.22740
13.3508,0.23043
13.3983,0.23323
13.4467,0.23592
13.4942,0.23850
13.5417,0.24097
13.6011,0.24320
13.6495,0.24522
13.6971,0.24712
13.7446,0.24880
13.8039,0.25037
13.8524,0.25160
13.8999,0.25273
13.9474,0.25362
13.9949,0.25440
14.0433,0.25496
14.1027,0.25541
14.1502,0.25563
14.1977,0.25575
14.2461,0.25563
14.3055,0.25530
14.3530,0.25486
14.4015,0.25418
14.4490,0.25340
14.4965,0.25239
14.5440,0.25127
14.6034,0.25014
14.6518,0.24891
14.6993,0.24769
14.7952,0.24522
14.8418,0.24399
14.9021,0.24275
14.9496,0.24152
14.9971,0.24018
15.0456,0.23872
15.1049,0.23716
15.2000,0.23380
15.2484,0.23200
15.2959,0.23032
15.3434,0.22864
15.4028,0.22707
15.4512,0.22539
15.4987,0.22382
15.5462,0.22226
15.6065,0.22080
15.7015,0.21788
15.7966,0.21509
15.8450,0.21363
15.9044,0.21229
16.0003,0.20960
16.0953,0.20702
16.1428,0.20579
16.2022,0.20456
16.2981,0.20231
16.3456,0.20130
16.4050,0.20030
16.4535,0.19940
16.5010,0.19862
16.5485,0.19783
16.5960,0.19716
16.6444,0.19660
16.7038,0.19615
16.7988,0.19537
16.8472,0.19504
16.8947,0.19480
16.9422,0.19470
17.0016,0.19470
17.0501,0.19480
17.0976,0.19504
17.1451,0.19537
17.2045,0.19582
17.2529,0.19649
17.3004,0.19727
17.3479,0.19817
17.3954,0.19918
17.4438,0.20030
17.5032,0.20153
17.5507,0.20276
17.5982,0.20411
17.6457,0.20557
17.7060,0.20713
17.7535,0.20881
17.8010,0.21061
17.8486,0.21251
17.8970,0.21452
17.9445,0.21665
18.0039,0.21889
18.0523,0.22124
18.0998,0.22360
18.2423,0.23100
18.3026,0.23357
18.3976,0.23861
18.4452,0.24119
18.5055,0.24365
18.5530,0.24623
18.6005,0.24869
18.6480,0.25104
18.6964,0.25328
18.7439,0.25530
18.8033,0.25709
18.8508,0.25877
18.8992,0.26023
18.9942,0.26270
19.0417,0.26381
19.1020,0.26493
19.1496,0.26583
19.1971,0.26661
19.2455,0.26717
19.3049,0.26762
19.3524,0.26774
19.3999,0.26774
19.4474,0.26751
19.4958,0.26707
19.5433,0.26650
19.6027,0.26572
19.6511,0.26482
19.6977,0.26381
19.7462,0.26270
19.8055,0.26146
19.8530,0.26012
19.9015,0.25855
19.9490,0.25698
19.9965,0.25519
20.0440,0.25317
20.1043,0.25116
20.1993,0.24690
20.2468,0.24466
20.2952,0.24242
20.3427,0.24018
20.4021,0.23793
20.4496,0.23570
20.4981,0.23346
20.5456,0.23133
20.6050,0.22920
20.6525,0.22696
20.7009,0.22483
20.7959,0.22068
20.8443,0.21867
20.9028,0.21665
20.9987,0.21284
21.0462,0.21105
21.0947,0.20926
21.1422,0.20769
21.2016,0.20612
21.2491,0.20466
21.2975,0.20332
21.3450,0.20209
21.4044,0.20085
21.4519,0.19984
21.5003,0.19895
21.5478,0.19817
21.5953,0.19739
21.6428,0.19682
21.7031,0.19638
21.7506,0.19604
21.7982,0.19593
21.8457,0.19593
21.9060,0.19604
21.9535,0.19626
22.0010,0.19672
22.0485,0.19727
22.0960,0.19783
22.1444,0.19850
22.2038,0.19929
22.2513,0.20018
22.2988,0.20119
22.3472,0.20220
22.3947,0.20344
22.4423,0.20478
22.5016,0.20624
22.5501,0.20780
22.5976,0.20948
22.6451,0.21128
22.7045,0.21318
22.7529,0.21519
22.8004,0.21721
22.8963,0.22147
22.9438,0.22360
23.0032,0.22584
23.0982,0.23043
23.1942,0.23525
23.2417,0.23771
23.3020,0.24018
23.3495,0.24265
23.3970,0.24500
23.4445,0.24724
23.5048,0.24947
23.5523,0.25150
23.5998,0.25351
23.6473,0.25541
23.6948,0.25709
23.7433,0.25866
23.8026,0.26012
23.8501,0.26157
23.8977,0.26281
23.9461,0.26393
24.0055,0.26493
24.0530,0.26583
24.1014,0.26661
24.1489,0.26717
24.1964,0.26762
24.2439,0.26796
24.3033,0.26807
24.3517,0.26807
24.3992,0.26796
24.4467,0.26774
24.4952,0.26729
24.5418,0.26673
24.6021,0.26594
24.6496,0.26505
24.6971,0.26404
24.7455,0.26281
24.8049,0.26157
24.8999,0.25889
24.9483,0.25731
24.9958,0.25575
25.0433,0.25407
25.1027,0.25227
25.1987,0.24858
25.2462,0.24668
25.3056,0.24466
25.4015,0.24074
25.4965,0.23670
25.5449,0.23469
25.6043,0.23256
25.6993,0.22841
25.7953,0.22428
25.8428,0.22214
25.9021,0.22013
25.9981,0.21620
26.0456,0.21430
26.1050,0.21251
26.2009,0.20903
26.2484,0.20735
26.2959,0.20579
26.3443,0.20444
26.4037,0.20310
26.4512,0.20186
26.4987,0.20075
26.5472,0.19974
26.5947,0.19895
26.6422,0.19828
26.7016,0.19772
26.7500,0.19727
26.7975,0.19694
26.8450,0.19672
26.9528,0.19672
27.0003,0.19682
27.0478,0.19705
27.0953,0.19739
27.1428,0.19783
27.2031,0.19850
27.2507,0.19918
27.2982,0.20008
27.3457,0.20108
27.4060,0.20220
27.4535,0.20344
27.5010,0.20490
27.5485,0.20646
27.5969,0.20814
27.6444,0.20982
27.7038,0.21172
27.7522,0.21375
27.7997,0.21587
27.8473,0.21811
27.8948,0.22035
27.9423,0.22270
28.0026,0.22517
28.0501,0.22764
28.0976,0.23021
28.1460,0.23279
28.2054,0.23536
28.3004,0.24051
28.3963,0.24544
28.4438,0.24779
28.5032,0.25014
28.5507,0.25239
28.5992,0.25452
28.6467,0.25654
28.6942,0.25832
28.7417,0.26012
28.8020,0.26169
28.8495,0.26314
28.8970,0.26448
28.9454,0.26572
29.0048,0.26673
29.0523,0.26762
29.0998,0.26841
29.1473,0.26897
29.1958,0.26930
29.2433,0.26953
29.3027,0.26953
29.3511,0.26942
29.3977,0.26908
29.4461,0.26863
29.5055,0.26807
29.5539,0.26740
29.6014,0.26650
29.6489,0.26549
29.6964,0.26438
29.7439,0.26314
29.8042,0.26179
29.8517,0.26033
29.8992,0.25889
29.9468,0.25731
29.9952,0.25563
30.0427,0.25396
30.1021,0.25227
30.1496,0.25049
30.1980,0.24869
30.2455,0.24678
30.3049,0.24477
30.4008,0.24074
30.4958,0.23659
30.5434,0.23447
30.6037,0.23234
30.6987,0.22808
30.7462,0.22606
30.7946,0.22404
30.8421,0.22203
30.9015,0.22001
30.9490,0.21800
30.9974,0.21609
31.0449,0.21419
31.1043,0.21239
31.1993,0.20903
31.2478,0.20747
31.2953,0.20601
31.3428,0.20466
31.4031,0.20344
31.4506,0.20231
31.4981,0.20130
31.5456,0.20041
31.6059,0.19962
31.7009,0.19828
31.7484,0.19772
31.7959,0.19727
31.8444,0.19694
31.9037,0.19682
31.9988,0.19682
32.0472,0.19694
32.0947,0.19727
32.1422,0.19772
32.2016,0.19828
32.2500,0.19895
32.2975,0.19984
32.3450,0.20085
32.4044,0.20198
32.4528,0.20322
32.5003,0.20466
32.5478,0.20612
32.5963,0.20780
32.6438,0.20960
32.7032,0.21150
32.7507,0.21351
32.7982,0.21553
32.8466,0.21766
32.8941,0.22001
32.9416,0.22248
33.0010,0.22495
33.0969,0.22998
33.1444,0.23256
33.2047,0.23514
33.2998,0.24030
33.3473,0.24287
33.3948,0.24533
33.4432,0.24769
33.5026,0.25004
33.5501,0.25227
33.5976,0.25452
33.6460,0.25664
33.7054,0.25855
33.7529,0.26033
33.8013,0.26203
33.8488,0.26359
33.8964,0.26493
33.9439,0.26617
34.0032,0.26717
34.0517,0.26807
34.0992,0.26875
34.1467,0.26930
34.1951,0.26964
34.2417,0.26987
34.3020,0.26987
34.3495,0.26975
34.3970,0.26942
34.4454,0.26897
34.5048,0.26829
34.5523,0.26751
34.5998,0.26661
34.6483,0.26561
34.6958,0.26460
34.7433,0.26347
34.8027,0.26213
34.8511,0.26068
34.8986,0.25922
34.9461,0.25765
35.0055,0.25609
35.0539,0.25429
35.1014,0.25251
35.1964,0.24869
35.2449,0.24668
35.3042,0.24466
35.3993,0.24040
35.4952,0.23615
35.5427,0.23402
35.6021,0.23189
35.6980,0.22764
35.7455,0.22550
35.8049,0.22349
35.9008,0.21945
35.9959,0.21565
36.0434,0.21385
36.1037,0.21207
36.1512,0.21038
36.1987,0.20881
36.2471,0.20735
36.2946,0.20590
36.3421,0.20456
36.4015,0.20332
36.4499,0.20220
36.4974,0.20108
36.5449,0.20008
36.6043,0.19929
36.6528,0.19862
36.7003,0.19794
36.7953,0.19705
36.8428,0.19672
36.9031,0.19660
36.9506,0.19649
36.9981,0.19660
37.0456,0.19682
37.1059,0.19716
37.1534,0.19761
37.2009,0.19828
37.2484,0.19907
37.2969,0.20008
37.3444,0.20119
37.4038,0.20231
37.4522,0.20355
37.4997,0.20500
37.5472,0.20658
37.5947,0.20826
37.6422,0.21004
37.7025,0.21195
37.7500,0.21397
37.7975,0.21609
37.8450,0.21833
37.9053,0.22057
38.0003,0.22528
38.0479,0.22774
38.0963,0.23032
38.1438,0.23279
38.2032,0.23536
38.2516,0.23793
38.2991,0.24051
38.3941,0.24544
38.4416,0.24791
38.5019,0.25026
38.5494,0.25251
38.5969,0.25463
38.6454,0.25676
38.7048,0.25866
38.7523,0.26045
38.7998,0.26203
38.8473,0.26347
38.8957,0.26482
38.9432,0.26594
39.0026,0.26695
39.0501,0.26784
39.0976,0.26851
39.1460,0.26897
39.2054,0.26930
39.2538,0.26953
39.3013,0.26953
39.3489,0.26942
39.3964,0.26908
39.4439,0.26863
39.5042,0.26807
39.5517,0.26740
39.5992,0.26661
39.6467,0.26561
39.6951,0.26448
39.7426,0.26325
39.8020,0.26203
39.8495,0.26068
39.8979,0.25922
39.9455,0.25754
40.0048,0.25586
40.0523,0.25407
40.1008,0.25227
40.1483,0.25037
40.1958,0.24836
40.2433,0.24634
40.3027,0.24433
40.3986,0.24018
40.4936,0.23592
40.5420,0.23380
40.6014,0.23178
40.6974,0.22764
40.7449,0.22562
40.8043,0.22360
40.8518,0.22159
40.8993,0.21956
40.9477,0.21766
40.9952,0.21587
41.0427,0.21408
41.1030,0.21229
41.1505,0.21061
41.1980,0.20903
41.2455,0.20758
41.3058,0.20612
41.3533,0.20478
41.4009,0.20355
41.4484,0.20231
41.4968,0.20119
41.5443,0.20018
41.6037,0.19940
41.6996,0.19806
41.7946,0.19716
41.8421,0.19682
41.9015,0.19672
41.9499,0.19672
41.9975,0.19694
42.0450,0.19727
42.1043,0.19761
42.1528,0.19806
42.2003,0.19873
42.2478,0.19951
42.2962,0.20041
42.3437,0.20142
42.4031,0.20265
42.4506,0.20399
42.4981,0.20534
42.5465,0.20679
42.5940,0.20847
42.6416,0.21027
42.7019,0.21207
42.7969,0.21609
42.8444,0.21833
42.9047,0.22057
42.9997,0.22528
43.0947,0.23021
43.1431,0.23267
43.2025,0.23525
43.2975,0.24040
43.3460,0.24298
43.4053,0.24544
43.5004,0.25014
43.5488,0.25239
43.5963,0.25452
43.6438,0.25654
43.7032,0.25844
43.7516,0.26023
43.7991,0.26179
43.8466,0.26325
43.8941,0.26460
43.9416,0.26572
44.0019,0.26673
44.0494,0.26762
44.0970,0.26829
44.1454,0.26885
44.2048,0.26920
44.2523,0.26942
44.2998,0.26942
44.3482,0.26930
44.3957,0.26908
44.4432,0.26863
44.5035,0.26807
44.5501,0.26740
44.5985,0.26661
44.6460,0.26572
44.6936,0.26460
44.7420,0.26337
44.8014,0.26203
44.8964,0.25911
44.9448,0.25743
45.0042,0.25575
45.0992,0.25217
45.1951,0.24836
45.2426,0.24634
45.3020,0.24433
45.3980,0.24030
45.4455,0.23827
45.5049,0.23615
45.6008,0.23200
45.6958,0.22797
45.7433,0.22596
45.8036,0.22394
45.8511,0.22191
45.8986,0.21990
45.9946,0.21609
46.0421,0.21430
46.1014,0.21251
46.1499,0.21083
46.1974,0.20926
46.2449,0.20769
46.3043,0.20624
46.3527,0.20490
46.4002,0.20355
46.4952,0.20130
46.5436,0.20030
46.6030,0.19951
46.6505,0.19873
46.6980,0.19817
46.7456,0.19772
46.8059,0.19739
46.9009,0.19694
46.9484,0.19694
46.9968,0.19705
47.0443,0.19727
47.1037,0.19772
47.1521,0.19817
47.1996,0.19884
47.2471,0.19951
47.2946,0.20041
47.3421,0.20142
47.4024,0.20253
47.4500,0.20377
47.4975,0.20512
47.5459,0.20658
47.6053,0.20826
47.7003,0.21183
47.7487,0.21375
47.7962,0.21576
47.8437,0.21800
47.9031,0.22023
47.9506,0.22260
47.9990,0.22505
48.0941,0.22998
48.1416,0.23256
48.2019,0.23514
48.2494,0.23771
48.2969,0.24030
48.3444,0.24275
48.4047,0.24522
48.4522,0.24769
48.4997,0.25004
48.5472,0.25227
48.5956,0.25440
48.6431,0.25642
48.7025,0.25832
48.7500,0.26012
48.7985,0.26169
48.8460,0.26325
48.9054,0.26460
48.9538,0.26572
49.0013,0.26673
49.0488,0.26762
49.0963,0.26841
49.1438,0.26897
49.2041,0.26930
49.2516,0.26953
49.2991,0.26964
49.3466,0.26953
49.3941,0.26920
49.4426,0.26885
49.5020,0.26829
49.5495,0.26762
49.5979,0.26673
49.6454,0.26572
49.7048,0.26460
49.7523,0.26337
49.8007,0.26203
49.8957,0.25911
49.9432,0.25754
50.0035,0.25586
50.0510,0.25407
50.0985,0.25227
50.1936,0.24846
50.2420,0.24656
50.3014,0.24455
50.3973,0.24051
50.4448,0.23850
50.5042,0.23637
50.5992,0.23222
50.6951,0.22808
50.7427,0.22596
50.8030,0.22394
50.8505,0.22191
50.8980,0.21990
50.9455,0.21800
51.0058,0.21609
51.0533,0.21419
51.1008,0.21239
51.1958,0.20903
51.2442,0.20758
51.3036,0.20612
51.3511,0.20478
51.3995,0.20344
51.4471,0.20231
51.4946,0.20130
51.5421,0.20041
51.6015,0.19951
51.6499,0.19884
51.6974,0.19817
51.7449,0.19772
51.8043,0.19727
51.8527,0.19694
51.9002,0.19682
51.9477,0.19682
51.9961,0.19694
52.0437,0.19716
52.1030,0.19750
52.1505,0.19794
52.1981,0.19850
52.2465,0.19918
52.2940,0.20008
52.3415,0.20108
52.4009,0.20220
52.4493,0.20344
52.4968,0.20490
52.5443,0.20634
52.6046,0.20802
52.6521,0.20970
52.6996,0.21161
52.7471,0.21363
52.7947,0.21576
52.8431,0.21800
52.9025,0.22023
52.9500,0.22260
52.9975,0.22505
53.0459,0.22752
53.1053,0.23009
53.2003,0.23514
53.2487,0.23771
53.2962,0.24030
53.3437,0.24287
53.4031,0.24533
53.4515,0.24769
53.4991,0.25004
53.5466,0.25227
53.5941,0.25452
53.6425,0.25654
53.7019,0.25844
53.7494,0.26023
53.7969,0.26191
53.8444,0.26337
53.9047,0.26471
53.9522,0.26594
53.9997,0.26695
54.0481,0.26784
54.0957,0.26851
54.1432,0.26908
54.2035,0.26942
54.2501,0.26964
54.2985,0.26975
54.3460,0.26964
54.3935,0.26930
54.5013,0.26829
54.5488,0.26751
54.5963,0.26661
54.6447,0.26561
54.7041,0.26460
54.7516,0.26337
54.7991,0.26203
54.8476,0.26057
54.8951,0.25911
54.9426,0.25754
55.0020,0.25586
55.0504,0.25407
55.0979,0.25227
55.1454,0.25049
55.2048,0.24858
55.2532,0.24656
55.3007,0.24455
55.3482,0.24253
55.3967,0.24051
55.4432,0.23839
55.5035,0.23625
55.5986,0.23212
55.6936,0.22786
55.7420,0.22572
55.8014,0.22371
55.8498,0.22169
55.8973,0.21968
55.9448,0.21778
56.0042,0.21587
56.1001,0.21229
56.1952,0.20893
56.2436,0.20747
56.3030,0.20601
56.3505,0.20466
56.3980,0.20344
56.4464,0.20231
56.5058,0.20119
56.5533,0.20018
56.6008,0.19940
56.6483,0.19873
56.6967,0.19806
56.7442,0.19761
56.8036,0.19716
56.8511,0.19682
56.8996,0.19672
56.9471,0.19672
56.9946,0.19682
57.0421,0.19705
57.1024,0.19739
57.1499,0.19783
57.1974,0.19850
57.2449,0.19918
57.3052,0.20008
57.3527,0.20108
57.4002,0.20220
57.4486,0.20344
57.4962,0.20490
57.5437,0.20646
57.6031,0.20814
57.6506,0.20993
57.6990,0.21183
57.7940,0.21587
57.8415,0.21811
57.9018,0.22035
57.9493,0.22270
57.9968,0.22517
58.0443,0.22764
58.1046,0.23021
58.1996,0.23525
58.2472,0.23783
58.2956,0.24040
58.3431,0.24298
58.4025,0.24544
58.4975,0.25014
58.5459,0.25239
58.6053,0.25452
58.6537,0.25664
58.7012,0.25855
58.7487,0.26033
58.7962,0.26191
58.8438,0.26347
58.9041,0.26482
58.9516,0.26594
58.9991,0.26695
59.0466,0.26784
59.0941,0.26851
59.1425,0.26908
59.2019,0.26942
59.2494,0.26964
59.2978,0.26964
59.3453,0.26953
59.4047,0.26920
59.4522,0.26875
59.5006,0.26818
59.5482,0.26751
59.5957,0.26661
59.6432,0.26561
59.7035,0.26448
59.7510,0.26325
59.7985,0.26203
59.8460,0.26057
59.8944,0.25911
59.9419,0.25754
60.0013,0.25586
60.0488,0.25407
60.0972,0.25227
60.1448,0.25037
60.2041,0.24846
60.2526,0.24645
60.2992,0.24443
60.3951,0.24030
60.4426,0.23827
60.5029,0.23615
60.5979,0.23189
60.6454,0.22975
60.7057,0.22774
60.7532,0.22562
60.8007,0.22360
60.8967,0.21968
60.9442,0.21778
61.0036,0.21587
61.0511,0.21408
61.0995,0.21229
61.1470,0.21061
61.1945,0.20903
61.2420,0.20758
61.3014,0.20612
61.3498,0.20478
61.3973,0.20344
61.4448,0.20231
61.5042,0.20130
61.6002,0.19951
61.6477,0.19873
61.6952,0.19806
61.7436,0.19750
61.8030,0.19716
61.8505,0.19694
61.8980,0.19682
61.9464,0.19672
61.9939,0.19682
62.0414,0.19705
62.1008,0.19750
62.1492,0.19794
62.1967,0.19862
62.2443,0.19940
62.3036,0.20030
62.3521,0.20130
62.3996,0.20243
62.4471,0.20366
62.4946,0.20512
62.5430,0.20658
62.6024,0.20826
62.6499,0.21004
62.6983,0.21195
62.7458,0.21397
62.8052,0.21598
62.9002,0.22047
62.9487,0.22281
62.9962,0.22517
63.0437,0.22764
63.1031,0.23021
63.1990,0.23525
63.2940,0.24040
63.3415,0.24287
63.4018,0.24533
63.4493,0.24779
63.4968,0.25014
63.5443,0.25239
63.6046,0.25452
63.6522,0.25654
63.6997,0.25844
63.7481,0.26023
63.7956,0.26191
63.8431,0.26337
63.9034,0.26471
63.9500,0.26583
63.9984,0.26683
64.0459,0.26774
64.0934,0.26841
64.1419,0.26897
64.2012,0.26930
64.2487,0.26953
64.2963,0.26953
64.3447,0.26942
64.4041,0.26908
64.4516,0.26863
64.4991,0.26807
64.5475,0.26740
64.5950,0.26661
64.7019,0.26460
64.7503,0.26337
64.7978,0.26203
64.8453,0.26057
64.9047,0.25911
64.9532,0.25754
65.0007,0.25586
65.0482,0.25407
65.0966,0.25227
65.1432,0.25037
65.2035,0.24846
65.2510,0.24645
65.2985,0.24443
65.3944,0.24030
65.4419,0.23827
65.5013,0.23615
65.5973,0.23200
65.6448,0.22998
65.7041,0.22786
65.7517,0.22572
65.8001,0.22371
65.8951,0.21979
65.9426,0.21788
66.0029,0.21598
66.0979,0.21239
66.1454,0.21071
66.2057,0.20915
66.2532,0.20758
66.3007,0.20612
66.3483,0.20478
66.3967,0.20355
66.4442,0.20243
66.5036,0.20130
66.5511,0.20030
66.5995,0.19951
66.6945,0.19817
66.7420,0.19772
66.8023,0.19727
66.8498,0.19694
66.8973,0.19682
66.9448,0.19682
67.0051,0.19694
67.0527,0.19716
67.1002,0.19761
67.1486,0.19806
67.1961,0.19873
67.2436,0.19940
67.3030,0.20030
67.3505,0.20130
67.3989,0.20243
67.4464,0.20366
67.4939,0.20512
67.5424,0.20658
67.6017,0.20826
67.6968,0.21183
67.7443,0.21385
67.8046,0.21587
67.8521,0.21811
67.8996,0.22035
67.9471,0.22270
67.9955,0.22505
68.0430,0.22752
68.1024,0.23009
68.1983,0.23514
68.2458,0.23771
68.3052,0.24030
68.3537,0.24287
68.4012,0.24533
68.4487,0.24769
68.4962,0.25004
68.5437,0.25227
68.6040,0.25452
68.6515,0.25654
68.6990,0.25844
68.7465,0.26023
68.7940,0.26179
68.8424,0.26325
68.9018,0.26460
68.9493,0.26583
68.9978,0.26683
69.0453,0.26774
69.1047,0.26841
69.1522,0.26897
69.2006,0.26930
69.2481,0.26953
69.2956,0.26953
69.3431,0.26942
69.4034,0.26920
69.4509,0.26875
69.4984,0.26818
69.5459,0.26751
69.5944,0.26661
69.7013,0.26460
69.7488,0.26337
69.7972,0.26203
69.8447,0.26057
69.9041,0.25911
69.9516,0.25754
70.0000,0.25586
