# Wall, W.A. (1999), PhD thesis, Univ. Stuttgart, Bild 7.16 (p. 190),
# curve 'Mittelpunkt (0.5/0.0)'. 64x64 Q1Q1 fluid, 32 eight-node
# elements. Openings at the top corners. Method: exact extraction of
# the PDF vector path, calibrated against the axis labels. Group A.
# Context only.
# Columns: time [s], midpoint vertical displacement uy [m]
time_s,uy_m
-0.0038,0.00036
1.2403,0.00036
1.4924,0.00061
1.7445,0.00122
1.9956,0.00283
2.2334,0.00567
2.4844,0.00999
2.7365,0.01554
2.9886,0.02183
3.2407,0.02837
3.4918,0.03466
3.7439,0.04046
3.9959,0.04539
4.2480,0.04971
4.4848,0.05354
4.7359,0.05699
4.9880,0.06032
5.2401,0.06390
5.4921,0.06773
5.7432,0.07167
5.9953,0.07587
6.2474,0.07945
6.4985,0.08093
6.7363,0.08080
6.9873,0.08006
7.2394,0.07982
7.4915,0.08080
7.7436,0.08327
7.9947,0.08722
8.2467,0.09191
8.4988,0.09722
8.7356,0.10239
9.2388,0.11251
9.4909,0.11782
9.7429,0.12300
9.9950,0.12707
10.2461,0.12867
10.4982,0.12768
10.7503,0.12510
10.9871,0.12201
11.2391,0.11868
11.4912,0.11548
11.7423,0.11276
11.9944,0.11103
12.2465,0.11103
12.4976,0.11362
12.7496,0.11918
13.0017,0.12695
13.2385,0.13571
13.4906,0.14471
13.7427,0.15298
13.9938,0.15952
14.2458,0.16322
14.4979,0.16322
14.7490,0.15989
15.0011,0.15458
15.2532,0.14891
15.4900,0.14373
15.7420,0.13965
15.9941,0.13694
16.2452,0.13558
16.4973,0.13558
16.7494,0.13645
17.0004,0.13855
17.2525,0.14175
17.4893,0.14595
17.7414,0.15064
17.9935,0.15520
18.2456,0.15928
18.4966,0.16285
18.7487,0.16606
19.0008,0.16852
19.2529,0.16939
19.5040,0.16865
19.7418,0.16693
19.9928,0.16470
20.2449,0.16199
20.4970,0.15903
20.7481,0.15594
21.0002,0.15310
21.2523,0.15039
21.5044,0.14755
21.7554,0.14545
21.9932,0.14447
22.2443,0.14521
22.4964,0.14805
22.7485,0.15236
22.9995,0.15755
23.2516,0.16310
23.5037,0.16877
23.7548,0.17383
24.0069,0.17667
24.2437,0.17680
24.4957,0.17470
24.7478,0.17124
25.2510,0.16310
25.5031,0.15952
25.7552,0.15631
26.0073,0.15384
26.2440,0.15187
26.4961,0.15014
26.7472,0.14891
26.9993,0.14854
27.2514,0.14941
27.5035,0.15175
27.7545,0.15496
28.0066,0.15890
28.2587,0.16371
28.4955,0.16877
28.7476,0.17334
28.9986,0.17642
29.2507,0.17716
29.5028,0.17581
29.7549,0.17322
30.0060,0.16964
30.2581,0.16545
30.5101,0.16112
30.7469,0.15718
30.9990,0.15397
31.2501,0.15125
31.5022,0.14916
31.7543,0.14792
32.0053,0.14792
32.2574,0.14941
32.5095,0.15212
32.7463,0.15582
32.9984,0.16001
33.2505,0.16483
33.5015,0.16976
33.7536,0.17396
34.0057,0.17630
34.2578,0.17667
34.5089,0.17544
34.7610,0.17297
34.9977,0.16952
35.2498,0.16557
35.5019,0.16149
35.7540,0.15767
36.0051,0.15446
36.2572,0.15175
36.5092,0.14952
36.7603,0.14805
37.0124,0.14792
37.2492,0.14928
37.5013,0.15187
37.7534,0.15545
38.0044,0.15977
38.2565,0.16483
38.5086,0.17000
38.7607,0.17433
39.0118,0.17680
39.2638,0.17716
39.5006,0.17568
39.7527,0.17309
40.0048,0.16952
40.2559,0.16532
40.5080,0.16100
40.7600,0.15742
41.0121,0.15434
41.2632,0.15175
41.5010,0.14977
41.7521,0.14842
42.0042,0.14829
42.2562,0.14952
42.5083,0.15199
42.7594,0.15545
43.0115,0.15964
43.2636,0.16470
43.5157,0.16988
43.7524,0.17433
44.0035,0.17680
44.2556,0.17716
44.5077,0.17593
44.7598,0.17334
45.0109,0.16939
45.2629,0.16532
45.5150,0.16100
45.7661,0.15693
46.0039,0.15422
46.2550,0.15150
46.5071,0.14941
46.7591,0.14817
47.0112,0.14792
47.2623,0.14916
47.5144,0.15150
47.7665,0.15483
48.0175,0.15878
48.2553,0.16384
48.5064,0.16841
48.7585,0.17210
49.0106,0.17470
49.2627,0.17284
49.5137,0.16952
49.7658,0.16568
