variant,factor,component,fx,fy,fz
original,1,total,1.204109,0.1068957,-0.04764647
original,1,pressure,1.007241,0.06023913,0.03685767
original,1,viscous,0.1968676,0.04665659,-0.08450414
original,2,total,1.255899,0.1111747,-0.05026169
original,2,pressure,1.042035,0.0522212,0.04898633
original,2,viscous,0.2138641,0.05895352,-0.09924802
modified,1,total,2.223445,0.226897,-0.2785785
modified,1,pressure,1.957895,0.1713866,-0.1130409
modified,1,viscous,0.2655503,0.05551039,-0.1655376
modified,2,total,2.254164,0.2578233,-0.2865437
modified,2,pressure,1.976225,0.1698649,-0.09053096
modified,2,viscous,0.2779387,0.0879584,-0.1960127
modified,3,total,2.287735,0.2469183,-0.2852208
modified,3,pressure,2.000914,0.1431612,-0.07786231
modified,3,viscous,0.286821,0.103757,-0.2073585
modified,4,total,2.309274,0.2402567,-0.2850147
modified,4,pressure,2.021178,0.1281193,-0.07258107
modified,4,viscous,0.2880953,0.1121375,-0.2124337
