path,quantity,v1,v2,v3,d21,d32,ratio,order,status,ref_err1_pct,ref_err2_pct,ref_err3_pct
matched,drag_mean,446.0104666666667,441.80673333333334,440.1482,-4.203733333333332,-1.6585333333333665,0.394538188277095,1.3417631460515222,monotone; sub-nominal (observed order below 1.5),1.4928812530815074,0.5362915765919564,0.15888041870519642
matched,drag_amplitude,4.0615999999999985,5.526666666666671,5.731666666666655,1.4650666666666723,0.20499999999998408,0.13992537313431697,2.837270499962009,"monotone; order above 2, i.e. pre-asymptotic error reduction, not an asymptotic order",-27.70766957976614,-1.630979715097606,2.017810844324
matched,drag_amplitude_smoothed,4.0289933333333465,5.506829629629635,5.7209647058823805,1.4778362962962888,0.2141350762527452,0.14489769725469892,2.7868934274295416,"monotone; order above 2, i.e. pre-asymptotic error reduction, not an asymptotic order",,,
matched,lift_mean,-67.92150000000001,-18.975433333333342,-13.841733333333337,48.94606666666667,5.133700000000005,,,undefined: mean near zero against the amplitude,-471.10485159337424,-59.55127666134147,-16.385548922335296
matched,lift_amplitude,296.0431,424.43503333333337,438.0441333333333,128.39193333333338,13.609099999999955,0.10599653456940922,3.237910996525815,"monotone; order above 2, i.e. pre-asymptotic error reduction, not an asymptotic order",-32.38091866334712,-3.0549705732319126,0.053478297282683857
matched,lift_amplitude_smoothed,295.0572,423.7846333333334,437.7113784313725,128.72743333333335,13.926745098039135,0.10818785660067123,3.2083895199847876,"monotone; order above 2, i.e. pre-asymptotic error reduction, not an asymptotic order",,,
matched,lift_frequency,4.415117916531548,4.454160680426866,4.448432286522791,0.03904276389531791,-0.005728393904075091,-0.14672101389732942,,undefined: differences change sign (non-monotone),0.444033045125762,1.3322568119680114,1.2019357203292114
matched,strouhal,0.2207558958265774,0.22270803402134332,0.22242161432613955,0.0019521381947659178,-0.00028641969520376565,-0.14672101389733344,,undefined: differences change sign (non-monotone),,,
matched,drag_p_mean,401.52750000000003,395.75303333333335,394.3059666666667,-5.774466666666683,-1.4470666666666716,0.25059745777387826,1.9965563158046926,monotone; consistent with the formal second order,,,
matched,drag_v_mean,44.29003333333334,45.938143333333336,45.78553,1.6481099999999955,-0.15261333333333482,-0.09259899723521806,,undefined: differences change sign (non-monotone),,,
matched,drag_p_amplitude,3.1851000000000056,4.244366666666679,4.252699999999976,1.059266666666673,0.008333333333297333,0.007867077852568396,6.9899564240835526,"monotone; order above 2, i.e. pre-asymptotic error reduction, not an asymptotic order",,,
matched,drag_v_amplitude,1.3105200000000004,1.5729299999999995,1.6648700000000005,0.26240999999999914,0.09194000000000102,0.35036774513166924,1.5130581283971278,monotone; consistent with the formal second order,,,
matched,lift_p_amplitude,294.47786666666667,421.71903333333336,434.824,127.24116666666669,13.104966666666655,0.1029931350833783,3.2793799158403205,"monotone; order above 2, i.e. pre-asymptotic error reduction, not an asymptotic order",,,
matched,lift_v_amplitude,3.693745,5.534740333333334,5.742983000000001,1.8409953333333338,0.20824266666666702,0.11311417410799175,3.1441483730393007,"monotone; order above 2, i.e. pre-asymptotic error reduction, not an asymptotic order",,,
fixed_dt,drag_mean,445.49240000000003,441.78173333333336,440.1482,-3.7106666666666683,-1.6335333333333892,0.4402263744161126,1.1836825137208302,monotone; sub-nominal (observed order below 1.5),1.3749914666059946,0.530602647248464,0.15888041870519642
fixed_dt,drag_amplitude,3.926400000000001,5.519666666666666,5.731666666666655,1.5932666666666648,0.21199999999998909,0.13305996066780368,2.9098515825117093,"monotone; order above 2, i.e. pre-asymptotic error reduction, not an asymptotic order",-30.11409145115068,-1.7555725634681987,2.017810844324
fixed_dt,drag_amplitude_smoothed,3.886078431372539,5.500531372548977,5.7209647058823805,1.6144529411764381,0.22043333333340343,0.13653747824496856,2.8726310832538027,"monotone; order above 2, i.e. pre-asymptotic error reduction, not an asymptotic order",,,
fixed_dt,lift_mean,-69.33786666666666,-18.938133333333326,-13.841733333333337,50.39973333333333,5.0963999999999885,,,undefined: mean near zero against the amplitude,-483.01409792875353,-59.23764679503342,-16.385548922335296
fixed_dt,lift_amplitude,284.5956666666667,423.67420000000004,438.0441333333333,139.07853333333333,14.369933333333279,0.1033224394083339,3.274774484367973,"monotone; order above 2, i.e. pre-asymptotic error reduction, not an asymptotic order",-34.99562214963872,-3.228752198442238,0.053478297282683857
fixed_dt,lift_amplitude_smoothed,283.6052529411765,422.8519568627451,437.7113784313725,139.2467039215686,14.859421568627397,0.10671291420296052,3.2281933158275335,"monotone; order above 2, i.e. pre-asymptotic error reduction, not an asymptotic order",,,
fixed_dt,lift_frequency,4.410937758956736,4.453842575035187,4.448432286522791,0.04290481607845109,-0.005410288512396555,-0.1260997950091171,,undefined: differences change sign (non-monotone),0.34893436520011556,1.3250199070704198,1.2019357203292114
fixed_dt,strouhal,0.22054688794783683,0.22269212875175937,0.22242161432613955,0.0021452408039225324,-0.00027051442561981665,-0.12609979500911325,,undefined: differences change sign (non-monotone),,,
fixed_dt,drag_p_mean,401.0061666666667,395.77563333333336,394.3059666666667,-5.230533333333312,-1.4696666666666829,0.280978357847515,1.8314690826920463,monotone; consistent with the formal second order,,,
fixed_dt,drag_v_mean,44.32600666666667,45.894913333333335,45.78553,1.5689066666666633,-0.10938333333333361,-0.06971946493524185,,undefined: differences change sign (non-monotone),,,
fixed_dt,drag_p_amplitude,3.0415666666666823,4.235233333333326,4.252699999999976,1.193666666666644,0.017466666666649644,0.014632784138494814,6.094651896671816,"monotone; order above 2, i.e. pre-asymptotic error reduction, not an asymptotic order",,,
fixed_dt,drag_v_amplitude,1.2612466666666684,1.5652666666666661,1.6648700000000005,0.30401999999999774,0.09960333333333438,0.32762098984716503,1.6099003051295964,monotone; consistent with the formal second order,,,
fixed_dt,lift_p_amplitude,283.1349666666666,420.97063333333335,434.824,137.83566666666673,13.853366666666659,0.1005064001334922,3.3146407213751337,"monotone; order above 2, i.e. pre-asymptotic error reduction, not an asymptotic order",,,
fixed_dt,lift_v_amplitude,3.5110753333333333,5.497478666666667,5.742983000000001,1.9864033333333335,0.24550433333333377,0.12359238892403544,3.0163381930661335,"monotone; order above 2, i.e. pre-asymptotic error reduction, not an asymptotic order",,,
temporal_2x,drag_mean,441.80673333333334,441.78173333333336,441.7330333333333,-0.024999999999977263,-0.04870000000005348,1.9480000000039108,,undefined: differences do not decrease,0.5362915765919564,0.530602647248464,0.5195206128873185
temporal_2x,drag_amplitude,5.526666666666671,5.519666666666666,5.504500000000007,-0.007000000000005002,-0.015166666666658557,2.16666666666396,,undefined: differences do not decrease,-1.630979715097606,-1.7555725634681987,-2.0255237349374786
temporal_2x,drag_amplitude_smoothed,5.506829629629635,5.500531372548977,5.4824717171717054,-0.006298257080658232,-0.01805965537727161,2.8674052433858725,,undefined: differences do not decrease,,,
temporal_2x,lift_mean,-18.975433333333342,-18.938133333333326,-19.153033333333326,0.0373000000000161,-0.2149000000000001,,,undefined: mean near zero against the amplitude,-59.55127666134147,-59.23764679503342,-61.0445920569522
temporal_2x,lift_amplitude,424.43503333333337,423.67420000000004,421.99123333333335,-0.7608333333333235,-1.6829666666666867,2.2120043811610626,,undefined: differences do not decrease,-3.0549705732319126,-3.228752198442238,-3.613157914772766
temporal_2x,lift_amplitude_smoothed,423.7846333333334,422.8519568627451,421.3423070707071,-0.9326764705882624,-1.509649792038033,1.6186210756296435,,undefined: differences do not decrease,,,
temporal_2x,lift_frequency,4.454160680426866,4.453842575035187,4.452543322434695,-0.0003181053916785359,-0.001299252600492018,4.084346365952165,,unreliable: a change is within the cycle-to-cycle spread,1.3322568119680114,1.3250199070704198,1.2954618808512002
temporal_2x,strouhal,0.22270803402134332,0.22269212875175937,0.22262716612173478,-1.5905269583949e-05,-6.49626300245898e-05,4.084346365945764,,unreliable: a change is within the cycle-to-cycle spread,,,
temporal_2x,drag_p_mean,395.75303333333335,395.77563333333336,395.8006333333334,0.022600000000011278,0.025000000000034106,1.106194690266444,,undefined: differences do not decrease,,,
temporal_2x,drag_v_mean,45.938143333333336,45.894913333333335,45.82989666666667,-0.04323000000000121,-0.06501666666666495,1.5039710077877197,,undefined: differences do not decrease,,,
temporal_2x,drag_p_amplitude,4.244366666666679,4.235233333333326,4.22029999999998,-0.009133333333352311,-0.0149333333333459,1.6350364963483435,,undefined: differences do not decrease,,,
temporal_2x,drag_v_amplitude,1.5729299999999995,1.5652666666666661,1.5555433333333362,-0.007663333333333355,-0.009723333333329975,1.268812527185291,,undefined: differences do not decrease,,,
temporal_2x,lift_p_amplitude,421.71903333333336,420.97063333333335,419.28943333333336,-0.7484000000000037,-1.6811999999999898,2.246392303580948,,undefined: differences do not decrease,,,
temporal_2x,lift_v_amplitude,5.534740333333334,5.497478666666667,5.450625666666667,-0.03726166666666675,-0.04685299999999959,1.257404839647524,,undefined: differences do not decrease,,,
